2025-11-18 10:17:12 [main] INFO  c.u.U.UserControllerTest [] - Starting UserControllerTest using Java 17.0.1 with PID 25656 (started by rober in D:\Documents\micro_backend\UsersMicroservice)
2025-11-18 10:17:12 [main] DEBUG c.u.U.UserControllerTest [] - Running with Spring Boot v3.5.5, Spring v6.2.10
2025-11-18 10:17:12 [main] INFO  c.u.U.UserControllerTest [] - The following 1 profile is active: "local"
2025-11-18 10:17:13 [main] WARN  o.s.w.c.s.GenericWebApplicationContext [] - Exception encountered during context initialization - cancelling refresh attempt: org.springframework.beans.factory.UnsatisfiedDependencyException: Error creating bean with name 'apiFilter': Unsatisfied dependency expressed through field 'jwtUtil': No qualifying bean of type 'com.users.UsersMicroservice.security.JWTUtil' available: expected at least 1 bean which qualifies as autowire candidate. Dependency annotations: {@org.springframework.beans.factory.annotation.Autowired(required=true)}
2025-11-18 10:17:13 [main] INFO  o.s.b.a.l.ConditionEvaluationReportLogger [] - 

Error starting ApplicationContext. To display the condition evaluation report re-run your application with 'debug' enabled.
2025-11-18 10:17:13 [main] ERROR o.s.b.d.LoggingFailureAnalysisReporter [] - 

***************************
APPLICATION FAILED TO START
***************************

Description:

Field jwtUtil in com.users.UsersMicroservice.security.ApiFilter required a bean of type 'com.users.UsersMicroservice.security.JWTUtil' that could not be found.

The injection point has the following annotations:
	- @org.springframework.beans.factory.annotation.Autowired(required=true)


Action:

Consider defining a bean of type 'com.users.UsersMicroservice.security.JWTUtil' in your configuration.

2025-11-18 10:17:13 [main] WARN  o.s.test.context.TestContextManager [] - Caught exception while allowing TestExecutionListener [org.springframework.test.context.bean.override.BeanOverrideTestExecutionListener] to prepare test instance [com.users.UsersMicroservice.UserControllerTest@44384b4a]
java.lang.IllegalStateException: Failed to load ApplicationContext for [WebMergedContextConfiguration@85ab964 testClass = com.users.UsersMicroservice.UserControllerTest, locations = [], classes = [com.users.UsersMicroservice.UsersMicroserviceApplication], contextInitializerClasses = [], activeProfiles = [], propertySourceDescriptors = [], propertySourceProperties = ["org.springframework.boot.test.autoconfigure.web.servlet.WebMvcTestContextBootstrapper=true"], contextCustomizers = [[ImportsContextCustomizer@6481dce5 key = [org.springframework.boot.autoconfigure.security.oauth2.client.servlet.OAuth2ClientWebSecurityAutoConfiguration, org.springframework.boot.autoconfigure.task.TaskExecutionAutoConfiguration, org.springframework.boot.autoconfigure.cache.CacheAutoConfiguration, org.springframework.boot.autoconfigure.web.servlet.HttpEncodingAutoConfiguration, org.springframework.boot.autoconfigure.validation.ValidationAutoConfiguration, org.springframework.boot.autoconfigure.security.saml2.Saml2RelyingPartyAutoConfiguration, org.springframework.boot.autoconfigure.context.MessageSourceAutoConfiguration, org.springframework.boot.autoconfigure.hateoas.HypermediaAutoConfiguration, org.springframework.boot.autoconfigure.jackson.JacksonAutoConfiguration, org.springframework.boot.autoconfigure.data.web.SpringDataWebAutoConfiguration, org.springframework.boot.test.autoconfigure.web.reactive.WebTestClientAutoConfiguration, org.springframework.boot.autoconfigure.web.servlet.error.ErrorMvcAutoConfiguration, org.springframework.boot.test.autoconfigure.web.servlet.MockMvcAutoConfiguration, org.springframework.boot.autoconfigure.security.servlet.SecurityAutoConfiguration, org.springframework.boot.autoconfigure.security.servlet.SecurityFilterAutoConfiguration, org.springframework.boot.autoconfigure.http.HttpMessageConvertersAutoConfiguration, org.springframework.boot.autoconfigure.security.oauth2.client.OAuth2ClientAutoConfiguration, org.springframework.boot.test.autoconfigure.web.servlet.MockMvcSecurityConfiguration, org.springframework.boot.test.autoconfigure.web.servlet.MockMvcWebClientAutoConfiguration, org.springframework.boot.test.autoconfigure.web.servlet.MockMvcWebDriverAutoConfiguration, org.springframework.boot.autoconfigure.thymeleaf.ThymeleafAutoConfiguration, org.springframework.boot.autoconfigure.gson.GsonAutoConfiguration, org.springframework.boot.autoconfigure.jsonb.JsonbAutoConfiguration, org.springframework.boot.autoconfigure.freemarker.FreeMarkerAutoConfiguration, org.springframework.boot.autoconfigure.web.servlet.WebMvcAutoConfiguration, org.springframework.boot.autoconfigure.security.servlet.UserDetailsServiceAutoConfiguration, org.springframework.boot.autoconfigure.security.oauth2.resource.servlet.OAuth2ResourceServerAutoConfiguration, org.springframework.boot.autoconfigure.groovy.template.GroovyTemplateAutoConfiguration, org.springframework.boot.autoconfigure.mustache.MustacheAutoConfiguration]], org.springframework.boot.test.context.filter.ExcludeFilterContextCustomizer@6fa34d52, org.springframework.boot.test.json.DuplicateJsonObjectContextCustomizerFactory$DuplicateJsonObjectContextCustomizer@67b9b51a, org.springframework.boot.test.mock.mockito.MockitoContextCustomizer@0, org.springframework.boot.test.web.reactor.netty.DisableReactorResourceFactoryGlobalResourcesContextCustomizerFactory$DisableReactorResourceFactoryGlobalResourcesContextCustomizerCustomizer@662706a7, org.springframework.boot.test.autoconfigure.OnFailureConditionReportContextCustomizerFactory$OnFailureConditionReportContextCustomizer@327af41b, org.springframework.boot.test.autoconfigure.OverrideAutoConfigurationContextCustomizerFactory$DisableAutoConfigurationContextCustomizer@30bce90b, org.springframework.boot.test.autoconfigure.actuate.observability.ObservabilityContextCustomizerFactory$DisableObservabilityContextCustomizer@1f, org.springframework.boot.test.autoconfigure.filter.TypeExcludeFiltersContextCustomizer@6c9958b7, org.springframework.boot.test.autoconfigure.properties.PropertyMappingContextCustomizer@aa0dc3e, org.springframework.boot.test.autoconfigure.web.servlet.WebDriverContextCustomizer@3688eb5b, org.springframework.test.context.bean.override.BeanOverrideContextCustomizer@a2ed9cfd, org.springframework.test.context.support.DynamicPropertiesContextCustomizer@0, org.springframework.boot.test.context.SpringBootTestAnnotation@84353718], resourceBasePath = "src/main/webapp", contextLoader = org.springframework.boot.test.context.SpringBootContextLoader, parent = null]
	at org.springframework.test.context.cache.DefaultCacheAwareContextLoaderDelegate.loadContext(DefaultCacheAwareContextLoaderDelegate.java:180)
	at org.springframework.test.context.support.DefaultTestContext.getApplicationContext(DefaultTestContext.java:130)
	at org.springframework.test.context.bean.override.BeanOverrideTestExecutionListener.injectFields(BeanOverrideTestExecutionListener.java:99)
	at org.springframework.test.context.bean.override.BeanOverrideTestExecutionListener.prepareTestInstance(BeanOverrideTestExecutionListener.java:70)
	at org.springframework.test.context.TestContextManager.prepareTestInstance(TestContextManager.java:260)
	at org.springframework.test.context.junit.jupiter.SpringExtension.postProcessTestInstance(SpringExtension.java:159)
	at org.junit.jupiter.engine.descriptor.ClassBasedTestDescriptor.lambda$invokeTestInstancePostProcessors$10(ClassBasedTestDescriptor.java:383)
	at org.junit.jupiter.engine.descriptor.ClassBasedTestDescriptor.executeAndMaskThrowable(ClassBasedTestDescriptor.java:388)
	at org.junit.jupiter.engine.descriptor.ClassBasedTestDescriptor.lambda$invokeTestInstancePostProcessors$11(ClassBasedTestDescriptor.java:382)
	at java.base/java.util.stream.ForEachOps$ForEachOp$OfRef.accept(ForEachOps.java:183)
	at java.base/java.util.stream.ReferencePipeline$3$1.accept(ReferencePipeline.java:197)
	at java.base/java.util.stream.ReferencePipeline$2$1.accept(ReferencePipeline.java:179)
	at java.base/java.util.stream.ReferencePipeline$3$1.accept(ReferencePipeline.java:197)
	at java.base/java.util.ArrayList$ArrayListSpliterator.forEachRemaining(ArrayList.java:1625)
	at java.base/java.util.stream.AbstractPipeline.copyInto(AbstractPipeline.java:509)
	at java.base/java.util.stream.AbstractPipeline.wrapAndCopyInto(AbstractPipeline.java:499)
	at java.base/java.util.stream.ForEachOps$ForEachOp.evaluateSequential(ForEachOps.java:150)
	at java.base/java.util.stream.ForEachOps$ForEachOp$OfRef.evaluateSequential(ForEachOps.java:173)
	at java.base/java.util.stream.AbstractPipeline.evaluate(AbstractPipeline.java:234)
	at java.base/java.util.stream.ReferencePipeline.forEach(ReferencePipeline.java:596)
	at org.junit.jupiter.engine.descriptor.ClassBasedTestDescriptor.invokeTestInstancePostProcessors(ClassBasedTestDescriptor.java:382)
	at org.junit.jupiter.engine.descriptor.ClassBasedTestDescriptor.lambda$instantiateAndPostProcessTestInstance$6(ClassBasedTestDescriptor.java:293)
	at org.junit.platform.engine.support.hierarchical.ThrowableCollector.execute(ThrowableCollector.java:73)
	at org.junit.jupiter.engine.descriptor.ClassBasedTestDescriptor.instantiateAndPostProcessTestInstance(ClassBasedTestDescriptor.java:292)
	at org.junit.jupiter.engine.descriptor.ClassBasedTestDescriptor.lambda$testInstancesProvider$4(ClassBasedTestDescriptor.java:281)
	at java.base/java.util.Optional.orElseGet(Optional.java:364)
	at org.junit.jupiter.engine.descriptor.ClassBasedTestDescriptor.lambda$testInstancesProvider$5(ClassBasedTestDescriptor.java:280)
	at org.junit.jupiter.engine.execution.TestInstancesProvider.getTestInstances(TestInstancesProvider.java:27)
	at org.junit.jupiter.engine.descriptor.TestMethodTestDescriptor.lambda$prepare$0(TestMethodTestDescriptor.java:112)
	at org.junit.platform.engine.support.hierarchical.ThrowableCollector.execute(ThrowableCollector.java:73)
	at org.junit.jupiter.engine.descriptor.TestMethodTestDescriptor.prepare(TestMethodTestDescriptor.java:111)
	at org.junit.jupiter.engine.descriptor.TestMethodTestDescriptor.prepare(TestMethodTestDescriptor.java:69)
	at org.junit.platform.engine.support.hierarchical.NodeTestTask.lambda$prepare$2(NodeTestTask.java:128)
	at org.junit.platform.engine.support.hierarchical.ThrowableCollector.execute(ThrowableCollector.java:73)
	at org.junit.platform.engine.support.hierarchical.NodeTestTask.prepare(NodeTestTask.java:128)
	at org.junit.platform.engine.support.hierarchical.NodeTestTask.execute(NodeTestTask.java:95)
	at java.base/java.util.ArrayList.forEach(ArrayList.java:1511)
	at org.junit.platform.engine.support.hierarchical.SameThreadHierarchicalTestExecutorService.invokeAll(SameThreadHierarchicalTestExecutorService.java:41)
	at org.junit.platform.engine.support.hierarchical.NodeTestTask.lambda$executeRecursively$6(NodeTestTask.java:160)
	at org.junit.platform.engine.support.hierarchical.ThrowableCollector.execute(ThrowableCollector.java:73)
	at org.junit.platform.engine.support.hierarchical.NodeTestTask.lambda$executeRecursively$8(NodeTestTask.java:146)
	at org.junit.platform.engine.support.hierarchical.Node.around(Node.java:137)
	at org.junit.platform.engine.support.hierarchical.NodeTestTask.lambda$executeRecursively$9(NodeTestTask.java:144)
	at org.junit.platform.engine.support.hierarchical.ThrowableCollector.execute(ThrowableCollector.java:73)
	at org.junit.platform.engine.support.hierarchical.NodeTestTask.executeRecursively(NodeTestTask.java:143)
	at org.junit.platform.engine.support.hierarchical.NodeTestTask.execute(NodeTestTask.java:100)
	at java.base/java.util.ArrayList.forEach(ArrayList.java:1511)
	at org.junit.platform.engine.support.hierarchical.SameThreadHierarchicalTestExecutorService.invokeAll(SameThreadHierarchicalTestExecutorService.java:41)
	at org.junit.platform.engine.support.hierarchical.NodeTestTask.lambda$executeRecursively$6(NodeTestTask.java:160)
	at org.junit.platform.engine.support.hierarchical.ThrowableCollector.execute(ThrowableCollector.java:73)
	at org.junit.platform.engine.support.hierarchical.NodeTestTask.lambda$executeRecursively$8(NodeTestTask.java:146)
	at org.junit.platform.engine.support.hierarchical.Node.around(Node.java:137)
	at org.junit.platform.engine.support.hierarchical.NodeTestTask.lambda$executeRecursively$9(NodeTestTask.java:144)
	at org.junit.platform.engine.support.hierarchical.ThrowableCollector.execute(ThrowableCollector.java:73)
	at org.junit.platform.engine.support.hierarchical.NodeTestTask.executeRecursively(NodeTestTask.java:143)
	at org.junit.platform.engine.support.hierarchical.NodeTestTask.execute(NodeTestTask.java:100)
	at org.junit.platform.engine.support.hierarchical.SameThreadHierarchicalTestExecutorService.submit(SameThreadHierarchicalTestExecutorService.java:35)
	at org.junit.platform.engine.support.hierarchical.HierarchicalTestExecutor.execute(HierarchicalTestExecutor.java:57)
	at org.junit.platform.engine.support.hierarchical.HierarchicalTestEngine.execute(HierarchicalTestEngine.java:54)
	at org.junit.platform.launcher.core.EngineExecutionOrchestrator.execute(EngineExecutionOrchestrator.java:201)
	at org.junit.platform.launcher.core.EngineExecutionOrchestrator.execute(EngineExecutionOrchestrator.java:170)
	at org.junit.platform.launcher.core.EngineExecutionOrchestrator.execute(EngineExecutionOrchestrator.java:94)
	at org.junit.platform.launcher.core.EngineExecutionOrchestrator.lambda$execute$0(EngineExecutionOrchestrator.java:59)
	at org.junit.platform.launcher.core.EngineExecutionOrchestrator.withInterceptedStreams(EngineExecutionOrchestrator.java:142)
	at org.junit.platform.launcher.core.EngineExecutionOrchestrator.execute(EngineExecutionOrchestrator.java:58)
	at org.junit.platform.launcher.core.DefaultLauncher.execute(DefaultLauncher.java:103)
	at org.junit.platform.launcher.core.DefaultLauncher.execute(DefaultLauncher.java:85)
	at org.junit.platform.launcher.core.DelegatingLauncher.execute(DelegatingLauncher.java:47)
	at org.junit.platform.launcher.core.InterceptingLauncher.lambda$execute$1(InterceptingLauncher.java:39)
	at org.junit.platform.launcher.core.ClasspathAlignmentCheckingLauncherInterceptor.intercept(ClasspathAlignmentCheckingLauncherInterceptor.java:25)
	at org.junit.platform.launcher.core.InterceptingLauncher.execute(InterceptingLauncher.java:38)
	at org.junit.platform.launcher.core.DelegatingLauncher.execute(DelegatingLauncher.java:47)
	at org.junit.platform.launcher.core.SessionPerRequestLauncher.execute(SessionPerRequestLauncher.java:63)
	at com.intellij.junit5.JUnit5IdeaTestRunner.startRunnerWithArgs(JUnit5IdeaTestRunner.java:66)
	at com.intellij.rt.junit.IdeaTestRunner$Repeater$1.execute(IdeaTestRunner.java:38)
	at com.intellij.rt.execution.junit.TestsRepeater.repeat(TestsRepeater.java:11)
	at com.intellij.rt.junit.IdeaTestRunner$Repeater.startRunnerWithArgs(IdeaTestRunner.java:35)
	at com.intellij.rt.junit.JUnitStarter.prepareStreamsAndStart(JUnitStarter.java:231)
	at com.intellij.rt.junit.JUnitStarter.main(JUnitStarter.java:55)
Caused by: org.springframework.beans.factory.UnsatisfiedDependencyException: Error creating bean with name 'apiFilter': Unsatisfied dependency expressed through field 'jwtUtil': No qualifying bean of type 'com.users.UsersMicroservice.security.JWTUtil' available: expected at least 1 bean which qualifies as autowire candidate. Dependency annotations: {@org.springframework.beans.factory.annotation.Autowired(required=true)}
	at org.springframework.beans.factory.annotation.AutowiredAnnotationBeanPostProcessor$AutowiredFieldElement.resolveFieldValue(AutowiredAnnotationBeanPostProcessor.java:788)
	at org.springframework.beans.factory.annotation.AutowiredAnnotationBeanPostProcessor$AutowiredFieldElement.inject(AutowiredAnnotationBeanPostProcessor.java:768)
	at org.springframework.beans.factory.annotation.InjectionMetadata.inject(InjectionMetadata.java:146)
	at org.springframework.beans.factory.annotation.AutowiredAnnotationBeanPostProcessor.postProcessProperties(AutowiredAnnotationBeanPostProcessor.java:509)
	at org.springframework.beans.factory.support.AbstractAutowireCapableBeanFactory.populateBean(AbstractAutowireCapableBeanFactory.java:1459)
	at org.springframework.beans.factory.support.AbstractAutowireCapableBeanFactory.doCreateBean(AbstractAutowireCapableBeanFactory.java:606)
	at org.springframework.beans.factory.support.AbstractAutowireCapableBeanFactory.createBean(AbstractAutowireCapableBeanFactory.java:529)
	at org.springframework.beans.factory.support.AbstractBeanFactory.lambda$doGetBean$0(AbstractBeanFactory.java:339)
	at org.springframework.beans.factory.support.DefaultSingletonBeanRegistry.getSingleton(DefaultSingletonBeanRegistry.java:373)
	at org.springframework.beans.factory.support.AbstractBeanFactory.doGetBean(AbstractBeanFactory.java:337)
	at org.springframework.beans.factory.support.AbstractBeanFactory.getBean(AbstractBeanFactory.java:202)
	at org.springframework.beans.factory.support.DefaultListableBeanFactory.instantiateSingleton(DefaultListableBeanFactory.java:1222)
	at org.springframework.beans.factory.support.DefaultListableBeanFactory.preInstantiateSingleton(DefaultListableBeanFactory.java:1188)
	at org.springframework.beans.factory.support.DefaultListableBeanFactory.preInstantiateSingletons(DefaultListableBeanFactory.java:1123)
	at org.springframework.context.support.AbstractApplicationContext.finishBeanFactoryInitialization(AbstractApplicationContext.java:987)
	at org.springframework.context.support.AbstractApplicationContext.refresh(AbstractApplicationContext.java:627)
	at org.springframework.boot.SpringApplication.refresh(SpringApplication.java:752)
	at org.springframework.boot.SpringApplication.refreshContext(SpringApplication.java:439)
	at org.springframework.boot.SpringApplication.run(SpringApplication.java:318)
	at org.springframework.boot.test.context.SpringBootContextLoader.lambda$loadContext$3(SpringBootContextLoader.java:144)
	at org.springframework.util.function.ThrowingSupplier.get(ThrowingSupplier.java:58)
	at org.springframework.util.function.ThrowingSupplier.get(ThrowingSupplier.java:46)
	at org.springframework.boot.SpringApplication.withHook(SpringApplication.java:1461)
	at org.springframework.boot.test.context.SpringBootContextLoader$ContextLoaderHook.run(SpringBootContextLoader.java:563)
	at org.springframework.boot.test.context.SpringBootContextLoader.loadContext(SpringBootContextLoader.java:144)
	at org.springframework.boot.test.context.SpringBootContextLoader.loadContext(SpringBootContextLoader.java:110)
	at org.springframework.test.context.cache.DefaultCacheAwareContextLoaderDelegate.loadContextInternal(DefaultCacheAwareContextLoaderDelegate.java:225)
	at org.springframework.test.context.cache.DefaultCacheAwareContextLoaderDelegate.loadContext(DefaultCacheAwareContextLoaderDelegate.java:152)
	... 78 common frames omitted
Caused by: org.springframework.beans.factory.NoSuchBeanDefinitionException: No qualifying bean of type 'com.users.UsersMicroservice.security.JWTUtil' available: expected at least 1 bean which qualifies as autowire candidate. Dependency annotations: {@org.springframework.beans.factory.annotation.Autowired(required=true)}
	at org.springframework.beans.factory.support.DefaultListableBeanFactory.raiseNoMatchingBeanFound(DefaultListableBeanFactory.java:2291)
	at org.springframework.beans.factory.support.DefaultListableBeanFactory.doResolveDependency(DefaultListableBeanFactory.java:1715)
	at org.springframework.beans.factory.support.DefaultListableBeanFactory.resolveDependency(DefaultListableBeanFactory.java:1635)
	at org.springframework.beans.factory.annotation.AutowiredAnnotationBeanPostProcessor$AutowiredFieldElement.resolveFieldValue(AutowiredAnnotationBeanPostProcessor.java:785)
	... 105 common frames omitted
2025-11-18 10:33:40 [main] INFO  c.u.U.UserControllerTest [] - Starting UserControllerTest using Java 17.0.1 with PID 23268 (started by rober in D:\Documents\micro_backend\UsersMicroservice)
2025-11-18 10:33:40 [main] DEBUG c.u.U.UserControllerTest [] - Running with Spring Boot v3.5.5, Spring v6.2.10
2025-11-18 10:33:40 [main] INFO  c.u.U.UserControllerTest [] - The following 1 profile is active: "local"
2025-11-18 10:33:41 [main] WARN  o.s.w.c.s.GenericWebApplicationContext [] - Exception encountered during context initialization - cancelling refresh attempt: org.springframework.beans.factory.UnsatisfiedDependencyException: Error creating bean with name 'apiFilter': Unsatisfied dependency expressed through field 'jwtUtil': No qualifying bean of type 'com.users.UsersMicroservice.security.JWTUtil' available: expected at least 1 bean which qualifies as autowire candidate. Dependency annotations: {@org.springframework.beans.factory.annotation.Autowired(required=true)}
2025-11-18 10:33:41 [main] INFO  o.s.b.a.l.ConditionEvaluationReportLogger [] - 

Error starting ApplicationContext. To display the condition evaluation report re-run your application with 'debug' enabled.
2025-11-18 10:33:41 [main] ERROR o.s.b.d.LoggingFailureAnalysisReporter [] - 

***************************
APPLICATION FAILED TO START
***************************

Description:

Field jwtUtil in com.users.UsersMicroservice.security.ApiFilter required a bean of type 'com.users.UsersMicroservice.security.JWTUtil' that could not be found.

The injection point has the following annotations:
	- @org.springframework.beans.factory.annotation.Autowired(required=true)


Action:

Consider defining a bean of type 'com.users.UsersMicroservice.security.JWTUtil' in your configuration.

2025-11-18 10:33:41 [main] WARN  o.s.test.context.TestContextManager [] - Caught exception while allowing TestExecutionListener [org.springframework.test.context.bean.override.BeanOverrideTestExecutionListener] to prepare test instance [com.users.UsersMicroservice.UserControllerTest@20a1b3ae]
java.lang.IllegalStateException: Failed to load ApplicationContext for [WebMergedContextConfiguration@100d0218 testClass = com.users.UsersMicroservice.UserControllerTest, locations = [], classes = [com.users.UsersMicroservice.UsersMicroserviceApplication], contextInitializerClasses = [], activeProfiles = [], propertySourceDescriptors = [], propertySourceProperties = ["org.springframework.boot.test.autoconfigure.web.servlet.WebMvcTestContextBootstrapper=true"], contextCustomizers = [[ImportsContextCustomizer@2774dcf4 key = [org.springframework.boot.autoconfigure.security.oauth2.client.servlet.OAuth2ClientWebSecurityAutoConfiguration, org.springframework.boot.autoconfigure.task.TaskExecutionAutoConfiguration, org.springframework.boot.autoconfigure.cache.CacheAutoConfiguration, org.springframework.boot.autoconfigure.web.servlet.HttpEncodingAutoConfiguration, org.springframework.boot.autoconfigure.validation.ValidationAutoConfiguration, org.springframework.boot.autoconfigure.security.saml2.Saml2RelyingPartyAutoConfiguration, org.springframework.boot.autoconfigure.context.MessageSourceAutoConfiguration, org.springframework.boot.autoconfigure.hateoas.HypermediaAutoConfiguration, org.springframework.boot.autoconfigure.jackson.JacksonAutoConfiguration, org.springframework.boot.autoconfigure.data.web.SpringDataWebAutoConfiguration, org.springframework.boot.test.autoconfigure.web.reactive.WebTestClientAutoConfiguration, org.springframework.boot.autoconfigure.web.servlet.error.ErrorMvcAutoConfiguration, org.springframework.boot.test.autoconfigure.web.servlet.MockMvcAutoConfiguration, org.springframework.boot.autoconfigure.security.servlet.SecurityAutoConfiguration, org.springframework.boot.autoconfigure.security.servlet.SecurityFilterAutoConfiguration, org.springframework.boot.autoconfigure.http.HttpMessageConvertersAutoConfiguration, org.springframework.boot.autoconfigure.security.oauth2.client.OAuth2ClientAutoConfiguration, org.springframework.boot.test.autoconfigure.web.servlet.MockMvcSecurityConfiguration, org.springframework.boot.test.autoconfigure.web.servlet.MockMvcWebClientAutoConfiguration, org.springframework.boot.test.autoconfigure.web.servlet.MockMvcWebDriverAutoConfiguration, org.springframework.boot.autoconfigure.thymeleaf.ThymeleafAutoConfiguration, org.springframework.boot.autoconfigure.gson.GsonAutoConfiguration, org.springframework.boot.autoconfigure.jsonb.JsonbAutoConfiguration, org.springframework.boot.autoconfigure.freemarker.FreeMarkerAutoConfiguration, org.springframework.boot.autoconfigure.web.servlet.WebMvcAutoConfiguration, org.springframework.boot.autoconfigure.security.servlet.UserDetailsServiceAutoConfiguration, org.springframework.boot.autoconfigure.security.oauth2.resource.servlet.OAuth2ResourceServerAutoConfiguration, org.springframework.boot.autoconfigure.groovy.template.GroovyTemplateAutoConfiguration, org.springframework.boot.autoconfigure.mustache.MustacheAutoConfiguration]], org.springframework.boot.test.context.filter.ExcludeFilterContextCustomizer@6337c201, org.springframework.boot.test.json.DuplicateJsonObjectContextCustomizerFactory$DuplicateJsonObjectContextCustomizer@1d483de4, org.springframework.boot.test.mock.mockito.MockitoContextCustomizer@0, org.springframework.boot.test.web.reactor.netty.DisableReactorResourceFactoryGlobalResourcesContextCustomizerFactory$DisableReactorResourceFactoryGlobalResourcesContextCustomizerCustomizer@7e19ebf0, org.springframework.boot.test.autoconfigure.OnFailureConditionReportContextCustomizerFactory$OnFailureConditionReportContextCustomizer@3406472c, org.springframework.boot.test.autoconfigure.OverrideAutoConfigurationContextCustomizerFactory$DisableAutoConfigurationContextCustomizer@40317ba2, org.springframework.boot.test.autoconfigure.actuate.observability.ObservabilityContextCustomizerFactory$DisableObservabilityContextCustomizer@1f, org.springframework.boot.test.autoconfigure.filter.TypeExcludeFiltersContextCustomizer@ee4844ba, org.springframework.boot.test.autoconfigure.properties.PropertyMappingContextCustomizer@2b4d742c, org.springframework.boot.test.autoconfigure.web.servlet.WebDriverContextCustomizer@7922d892, org.springframework.test.context.bean.override.BeanOverrideContextCustomizer@5bea8437, org.springframework.test.context.support.DynamicPropertiesContextCustomizer@0, org.springframework.boot.test.context.SpringBootTestAnnotation@ccf01530], resourceBasePath = "src/main/webapp", contextLoader = org.springframework.boot.test.context.SpringBootContextLoader, parent = null]
	at org.springframework.test.context.cache.DefaultCacheAwareContextLoaderDelegate.loadContext(DefaultCacheAwareContextLoaderDelegate.java:180)
	at org.springframework.test.context.support.DefaultTestContext.getApplicationContext(DefaultTestContext.java:130)
	at org.springframework.test.context.bean.override.BeanOverrideTestExecutionListener.injectFields(BeanOverrideTestExecutionListener.java:99)
	at org.springframework.test.context.bean.override.BeanOverrideTestExecutionListener.prepareTestInstance(BeanOverrideTestExecutionListener.java:70)
	at org.springframework.test.context.TestContextManager.prepareTestInstance(TestContextManager.java:260)
	at org.springframework.test.context.junit.jupiter.SpringExtension.postProcessTestInstance(SpringExtension.java:159)
	at org.junit.jupiter.engine.descriptor.ClassBasedTestDescriptor.lambda$invokeTestInstancePostProcessors$10(ClassBasedTestDescriptor.java:383)
	at org.junit.jupiter.engine.descriptor.ClassBasedTestDescriptor.executeAndMaskThrowable(ClassBasedTestDescriptor.java:388)
	at org.junit.jupiter.engine.descriptor.ClassBasedTestDescriptor.lambda$invokeTestInstancePostProcessors$11(ClassBasedTestDescriptor.java:382)
	at java.base/java.util.stream.ForEachOps$ForEachOp$OfRef.accept(ForEachOps.java:183)
	at java.base/java.util.stream.ReferencePipeline$3$1.accept(ReferencePipeline.java:197)
	at java.base/java.util.stream.ReferencePipeline$2$1.accept(ReferencePipeline.java:179)
	at java.base/java.util.stream.ReferencePipeline$3$1.accept(ReferencePipeline.java:197)
	at java.base/java.util.ArrayList$ArrayListSpliterator.forEachRemaining(ArrayList.java:1625)
	at java.base/java.util.stream.AbstractPipeline.copyInto(AbstractPipeline.java:509)
	at java.base/java.util.stream.AbstractPipeline.wrapAndCopyInto(AbstractPipeline.java:499)
	at java.base/java.util.stream.ForEachOps$ForEachOp.evaluateSequential(ForEachOps.java:150)
	at java.base/java.util.stream.ForEachOps$ForEachOp$OfRef.evaluateSequential(ForEachOps.java:173)
	at java.base/java.util.stream.AbstractPipeline.evaluate(AbstractPipeline.java:234)
	at java.base/java.util.stream.ReferencePipeline.forEach(ReferencePipeline.java:596)
	at org.junit.jupiter.engine.descriptor.ClassBasedTestDescriptor.invokeTestInstancePostProcessors(ClassBasedTestDescriptor.java:382)
	at org.junit.jupiter.engine.descriptor.ClassBasedTestDescriptor.lambda$instantiateAndPostProcessTestInstance$6(ClassBasedTestDescriptor.java:293)
	at org.junit.platform.engine.support.hierarchical.ThrowableCollector.execute(ThrowableCollector.java:73)
	at org.junit.jupiter.engine.descriptor.ClassBasedTestDescriptor.instantiateAndPostProcessTestInstance(ClassBasedTestDescriptor.java:292)
	at org.junit.jupiter.engine.descriptor.ClassBasedTestDescriptor.lambda$testInstancesProvider$4(ClassBasedTestDescriptor.java:281)
	at java.base/java.util.Optional.orElseGet(Optional.java:364)
	at org.junit.jupiter.engine.descriptor.ClassBasedTestDescriptor.lambda$testInstancesProvider$5(ClassBasedTestDescriptor.java:280)
	at org.junit.jupiter.engine.execution.TestInstancesProvider.getTestInstances(TestInstancesProvider.java:27)
	at org.junit.jupiter.engine.descriptor.TestMethodTestDescriptor.lambda$prepare$0(TestMethodTestDescriptor.java:112)
	at org.junit.platform.engine.support.hierarchical.ThrowableCollector.execute(ThrowableCollector.java:73)
	at org.junit.jupiter.engine.descriptor.TestMethodTestDescriptor.prepare(TestMethodTestDescriptor.java:111)
	at org.junit.jupiter.engine.descriptor.TestMethodTestDescriptor.prepare(TestMethodTestDescriptor.java:69)
	at org.junit.platform.engine.support.hierarchical.NodeTestTask.lambda$prepare$2(NodeTestTask.java:128)
	at org.junit.platform.engine.support.hierarchical.ThrowableCollector.execute(ThrowableCollector.java:73)
	at org.junit.platform.engine.support.hierarchical.NodeTestTask.prepare(NodeTestTask.java:128)
	at org.junit.platform.engine.support.hierarchical.NodeTestTask.execute(NodeTestTask.java:95)
	at java.base/java.util.ArrayList.forEach(ArrayList.java:1511)
	at org.junit.platform.engine.support.hierarchical.SameThreadHierarchicalTestExecutorService.invokeAll(SameThreadHierarchicalTestExecutorService.java:41)
	at org.junit.platform.engine.support.hierarchical.NodeTestTask.lambda$executeRecursively$6(NodeTestTask.java:160)
	at org.junit.platform.engine.support.hierarchical.ThrowableCollector.execute(ThrowableCollector.java:73)
	at org.junit.platform.engine.support.hierarchical.NodeTestTask.lambda$executeRecursively$8(NodeTestTask.java:146)
	at org.junit.platform.engine.support.hierarchical.Node.around(Node.java:137)
	at org.junit.platform.engine.support.hierarchical.NodeTestTask.lambda$executeRecursively$9(NodeTestTask.java:144)
	at org.junit.platform.engine.support.hierarchical.ThrowableCollector.execute(ThrowableCollector.java:73)
	at org.junit.platform.engine.support.hierarchical.NodeTestTask.executeRecursively(NodeTestTask.java:143)
	at org.junit.platform.engine.support.hierarchical.NodeTestTask.execute(NodeTestTask.java:100)
	at java.base/java.util.ArrayList.forEach(ArrayList.java:1511)
	at org.junit.platform.engine.support.hierarchical.SameThreadHierarchicalTestExecutorService.invokeAll(SameThreadHierarchicalTestExecutorService.java:41)
	at org.junit.platform.engine.support.hierarchical.NodeTestTask.lambda$executeRecursively$6(NodeTestTask.java:160)
	at org.junit.platform.engine.support.hierarchical.ThrowableCollector.execute(ThrowableCollector.java:73)
	at org.junit.platform.engine.support.hierarchical.NodeTestTask.lambda$executeRecursively$8(NodeTestTask.java:146)
	at org.junit.platform.engine.support.hierarchical.Node.around(Node.java:137)
	at org.junit.platform.engine.support.hierarchical.NodeTestTask.lambda$executeRecursively$9(NodeTestTask.java:144)
	at org.junit.platform.engine.support.hierarchical.ThrowableCollector.execute(ThrowableCollector.java:73)
	at org.junit.platform.engine.support.hierarchical.NodeTestTask.executeRecursively(NodeTestTask.java:143)
	at org.junit.platform.engine.support.hierarchical.NodeTestTask.execute(NodeTestTask.java:100)
	at org.junit.platform.engine.support.hierarchical.SameThreadHierarchicalTestExecutorService.submit(SameThreadHierarchicalTestExecutorService.java:35)
	at org.junit.platform.engine.support.hierarchical.HierarchicalTestExecutor.execute(HierarchicalTestExecutor.java:57)
	at org.junit.platform.engine.support.hierarchical.HierarchicalTestEngine.execute(HierarchicalTestEngine.java:54)
	at org.junit.platform.launcher.core.EngineExecutionOrchestrator.execute(EngineExecutionOrchestrator.java:201)
	at org.junit.platform.launcher.core.EngineExecutionOrchestrator.execute(EngineExecutionOrchestrator.java:170)
	at org.junit.platform.launcher.core.EngineExecutionOrchestrator.execute(EngineExecutionOrchestrator.java:94)
	at org.junit.platform.launcher.core.EngineExecutionOrchestrator.lambda$execute$0(EngineExecutionOrchestrator.java:59)
	at org.junit.platform.launcher.core.EngineExecutionOrchestrator.withInterceptedStreams(EngineExecutionOrchestrator.java:142)
	at org.junit.platform.launcher.core.EngineExecutionOrchestrator.execute(EngineExecutionOrchestrator.java:58)
	at org.junit.platform.launcher.core.DefaultLauncher.execute(DefaultLauncher.java:103)
	at org.junit.platform.launcher.core.DefaultLauncher.execute(DefaultLauncher.java:85)
	at org.junit.platform.launcher.core.DelegatingLauncher.execute(DelegatingLauncher.java:47)
	at org.junit.platform.launcher.core.InterceptingLauncher.lambda$execute$1(InterceptingLauncher.java:39)
	at org.junit.platform.launcher.core.ClasspathAlignmentCheckingLauncherInterceptor.intercept(ClasspathAlignmentCheckingLauncherInterceptor.java:25)
	at org.junit.platform.launcher.core.InterceptingLauncher.execute(InterceptingLauncher.java:38)
	at org.junit.platform.launcher.core.DelegatingLauncher.execute(DelegatingLauncher.java:47)
	at org.junit.platform.launcher.core.SessionPerRequestLauncher.execute(SessionPerRequestLauncher.java:63)
	at com.intellij.junit5.JUnit5IdeaTestRunner.startRunnerWithArgs(JUnit5IdeaTestRunner.java:66)
	at com.intellij.rt.junit.IdeaTestRunner$Repeater$1.execute(IdeaTestRunner.java:38)
	at com.intellij.rt.execution.junit.TestsRepeater.repeat(TestsRepeater.java:11)
	at com.intellij.rt.junit.IdeaTestRunner$Repeater.startRunnerWithArgs(IdeaTestRunner.java:35)
	at com.intellij.rt.junit.JUnitStarter.prepareStreamsAndStart(JUnitStarter.java:231)
	at com.intellij.rt.junit.JUnitStarter.main(JUnitStarter.java:55)
Caused by: org.springframework.beans.factory.UnsatisfiedDependencyException: Error creating bean with name 'apiFilter': Unsatisfied dependency expressed through field 'jwtUtil': No qualifying bean of type 'com.users.UsersMicroservice.security.JWTUtil' available: expected at least 1 bean which qualifies as autowire candidate. Dependency annotations: {@org.springframework.beans.factory.annotation.Autowired(required=true)}
	at org.springframework.beans.factory.annotation.AutowiredAnnotationBeanPostProcessor$AutowiredFieldElement.resolveFieldValue(AutowiredAnnotationBeanPostProcessor.java:788)
	at org.springframework.beans.factory.annotation.AutowiredAnnotationBeanPostProcessor$AutowiredFieldElement.inject(AutowiredAnnotationBeanPostProcessor.java:768)
	at org.springframework.beans.factory.annotation.InjectionMetadata.inject(InjectionMetadata.java:146)
	at org.springframework.beans.factory.annotation.AutowiredAnnotationBeanPostProcessor.postProcessProperties(AutowiredAnnotationBeanPostProcessor.java:509)
	at org.springframework.beans.factory.support.AbstractAutowireCapableBeanFactory.populateBean(AbstractAutowireCapableBeanFactory.java:1459)
	at org.springframework.beans.factory.support.AbstractAutowireCapableBeanFactory.doCreateBean(AbstractAutowireCapableBeanFactory.java:606)
	at org.springframework.beans.factory.support.AbstractAutowireCapableBeanFactory.createBean(AbstractAutowireCapableBeanFactory.java:529)
	at org.springframework.beans.factory.support.AbstractBeanFactory.lambda$doGetBean$0(AbstractBeanFactory.java:339)
	at org.springframework.beans.factory.support.DefaultSingletonBeanRegistry.getSingleton(DefaultSingletonBeanRegistry.java:373)
	at org.springframework.beans.factory.support.AbstractBeanFactory.doGetBean(AbstractBeanFactory.java:337)
	at org.springframework.beans.factory.support.AbstractBeanFactory.getBean(AbstractBeanFactory.java:202)
	at org.springframework.beans.factory.support.DefaultListableBeanFactory.instantiateSingleton(DefaultListableBeanFactory.java:1222)
	at org.springframework.beans.factory.support.DefaultListableBeanFactory.preInstantiateSingleton(DefaultListableBeanFactory.java:1188)
	at org.springframework.beans.factory.support.DefaultListableBeanFactory.preInstantiateSingletons(DefaultListableBeanFactory.java:1123)
	at org.springframework.context.support.AbstractApplicationContext.finishBeanFactoryInitialization(AbstractApplicationContext.java:987)
	at org.springframework.context.support.AbstractApplicationContext.refresh(AbstractApplicationContext.java:627)
	at org.springframework.boot.SpringApplication.refresh(SpringApplication.java:752)
	at org.springframework.boot.SpringApplication.refreshContext(SpringApplication.java:439)
	at org.springframework.boot.SpringApplication.run(SpringApplication.java:318)
	at org.springframework.boot.test.context.SpringBootContextLoader.lambda$loadContext$3(SpringBootContextLoader.java:144)
	at org.springframework.util.function.ThrowingSupplier.get(ThrowingSupplier.java:58)
	at org.springframework.util.function.ThrowingSupplier.get(ThrowingSupplier.java:46)
	at org.springframework.boot.SpringApplication.withHook(SpringApplication.java:1461)
	at org.springframework.boot.test.context.SpringBootContextLoader$ContextLoaderHook.run(SpringBootContextLoader.java:563)
	at org.springframework.boot.test.context.SpringBootContextLoader.loadContext(SpringBootContextLoader.java:144)
	at org.springframework.boot.test.context.SpringBootContextLoader.loadContext(SpringBootContextLoader.java:110)
	at org.springframework.test.context.cache.DefaultCacheAwareContextLoaderDelegate.loadContextInternal(DefaultCacheAwareContextLoaderDelegate.java:225)
	at org.springframework.test.context.cache.DefaultCacheAwareContextLoaderDelegate.loadContext(DefaultCacheAwareContextLoaderDelegate.java:152)
	... 78 common frames omitted
Caused by: org.springframework.beans.factory.NoSuchBeanDefinitionException: No qualifying bean of type 'com.users.UsersMicroservice.security.JWTUtil' available: expected at least 1 bean which qualifies as autowire candidate. Dependency annotations: {@org.springframework.beans.factory.annotation.Autowired(required=true)}
	at org.springframework.beans.factory.support.DefaultListableBeanFactory.raiseNoMatchingBeanFound(DefaultListableBeanFactory.java:2291)
	at org.springframework.beans.factory.support.DefaultListableBeanFactory.doResolveDependency(DefaultListableBeanFactory.java:1715)
	at org.springframework.beans.factory.support.DefaultListableBeanFactory.resolveDependency(DefaultListableBeanFactory.java:1635)
	at org.springframework.beans.factory.annotation.AutowiredAnnotationBeanPostProcessor$AutowiredFieldElement.resolveFieldValue(AutowiredAnnotationBeanPostProcessor.java:785)
	... 105 common frames omitted
2025-11-18 10:34:31 [main] INFO  c.u.U.UserControllerTest [] - Starting UserControllerTest using Java 17.0.1 with PID 27376 (started by rober in D:\Documents\micro_backend\UsersMicroservice)
2025-11-18 10:34:31 [main] DEBUG c.u.U.UserControllerTest [] - Running with Spring Boot v3.5.5, Spring v6.2.10
2025-11-18 10:34:31 [main] INFO  c.u.U.UserControllerTest [] - The following 1 profile is active: "local"
2025-11-18 10:34:33 [main] WARN  o.s.w.c.s.GenericWebApplicationContext [] - Exception encountered during context initialization - cancelling refresh attempt: org.springframework.beans.factory.UnsatisfiedDependencyException: Error creating bean with name 'apiFilter': Unsatisfied dependency expressed through field 'jwtUtil': No qualifying bean of type 'com.users.UsersMicroservice.security.JWTUtil' available: expected at least 1 bean which qualifies as autowire candidate. Dependency annotations: {@org.springframework.beans.factory.annotation.Autowired(required=true)}
2025-11-18 10:34:33 [main] INFO  o.s.b.a.l.ConditionEvaluationReportLogger [] - 

Error starting ApplicationContext. To display the condition evaluation report re-run your application with 'debug' enabled.
2025-11-18 10:34:33 [main] ERROR o.s.b.d.LoggingFailureAnalysisReporter [] - 

***************************
APPLICATION FAILED TO START
***************************

Description:

Field jwtUtil in com.users.UsersMicroservice.security.ApiFilter required a bean of type 'com.users.UsersMicroservice.security.JWTUtil' that could not be found.

The injection point has the following annotations:
	- @org.springframework.beans.factory.annotation.Autowired(required=true)


Action:

Consider defining a bean of type 'com.users.UsersMicroservice.security.JWTUtil' in your configuration.

2025-11-18 10:34:33 [main] WARN  o.s.test.context.TestContextManager [] - Caught exception while allowing TestExecutionListener [org.springframework.test.context.bean.override.BeanOverrideTestExecutionListener] to prepare test instance [com.users.UsersMicroservice.UserControllerTest@7103745]
java.lang.IllegalStateException: Failed to load ApplicationContext for [WebMergedContextConfiguration@643f6179 testClass = com.users.UsersMicroservice.UserControllerTest, locations = [], classes = [com.users.UsersMicroservice.UsersMicroserviceApplication], contextInitializerClasses = [], activeProfiles = [], propertySourceDescriptors = [], propertySourceProperties = ["org.springframework.boot.test.autoconfigure.web.servlet.WebMvcTestContextBootstrapper=true"], contextCustomizers = [[ImportsContextCustomizer@61ab6521 key = [org.springframework.boot.autoconfigure.security.oauth2.client.servlet.OAuth2ClientWebSecurityAutoConfiguration, org.springframework.boot.autoconfigure.task.TaskExecutionAutoConfiguration, org.springframework.boot.autoconfigure.cache.CacheAutoConfiguration, org.springframework.boot.autoconfigure.web.servlet.HttpEncodingAutoConfiguration, org.springframework.boot.autoconfigure.validation.ValidationAutoConfiguration, org.springframework.boot.autoconfigure.security.saml2.Saml2RelyingPartyAutoConfiguration, org.springframework.boot.autoconfigure.context.MessageSourceAutoConfiguration, org.springframework.boot.autoconfigure.hateoas.HypermediaAutoConfiguration, org.springframework.boot.autoconfigure.jackson.JacksonAutoConfiguration, org.springframework.boot.autoconfigure.data.web.SpringDataWebAutoConfiguration, org.springframework.boot.test.autoconfigure.web.reactive.WebTestClientAutoConfiguration, org.springframework.boot.autoconfigure.web.servlet.error.ErrorMvcAutoConfiguration, org.springframework.boot.test.autoconfigure.web.servlet.MockMvcAutoConfiguration, org.springframework.boot.autoconfigure.security.servlet.SecurityAutoConfiguration, org.springframework.boot.autoconfigure.security.servlet.SecurityFilterAutoConfiguration, org.springframework.boot.autoconfigure.http.HttpMessageConvertersAutoConfiguration, org.springframework.boot.autoconfigure.security.oauth2.client.OAuth2ClientAutoConfiguration, org.springframework.boot.test.autoconfigure.web.servlet.MockMvcSecurityConfiguration, org.springframework.boot.test.autoconfigure.web.servlet.MockMvcWebClientAutoConfiguration, org.springframework.boot.test.autoconfigure.web.servlet.MockMvcWebDriverAutoConfiguration, org.springframework.boot.autoconfigure.thymeleaf.ThymeleafAutoConfiguration, org.springframework.boot.autoconfigure.gson.GsonAutoConfiguration, org.springframework.boot.autoconfigure.jsonb.JsonbAutoConfiguration, org.springframework.boot.autoconfigure.freemarker.FreeMarkerAutoConfiguration, org.springframework.boot.autoconfigure.web.servlet.WebMvcAutoConfiguration, org.springframework.boot.autoconfigure.security.servlet.UserDetailsServiceAutoConfiguration, org.springframework.boot.autoconfigure.security.oauth2.resource.servlet.OAuth2ResourceServerAutoConfiguration, org.springframework.boot.autoconfigure.groovy.template.GroovyTemplateAutoConfiguration, org.springframework.boot.autoconfigure.mustache.MustacheAutoConfiguration]], org.springframework.boot.test.context.filter.ExcludeFilterContextCustomizer@6337c201, org.springframework.boot.test.json.DuplicateJsonObjectContextCustomizerFactory$DuplicateJsonObjectContextCustomizer@1d483de4, org.springframework.boot.test.mock.mockito.MockitoContextCustomizer@0, org.springframework.boot.test.web.reactor.netty.DisableReactorResourceFactoryGlobalResourcesContextCustomizerFactory$DisableReactorResourceFactoryGlobalResourcesContextCustomizerCustomizer@7e19ebf0, org.springframework.boot.test.autoconfigure.OnFailureConditionReportContextCustomizerFactory$OnFailureConditionReportContextCustomizer@3406472c, org.springframework.boot.test.autoconfigure.OverrideAutoConfigurationContextCustomizerFactory$DisableAutoConfigurationContextCustomizer@40317ba2, org.springframework.boot.test.autoconfigure.actuate.observability.ObservabilityContextCustomizerFactory$DisableObservabilityContextCustomizer@1f, org.springframework.boot.test.autoconfigure.filter.TypeExcludeFiltersContextCustomizer@ee4844ba, org.springframework.boot.test.autoconfigure.properties.PropertyMappingContextCustomizer@2b4d742c, org.springframework.boot.test.autoconfigure.web.servlet.WebDriverContextCustomizer@7922d892, org.springframework.test.context.bean.override.BeanOverrideContextCustomizer@5bea8437, org.springframework.test.context.support.DynamicPropertiesContextCustomizer@0, org.springframework.boot.test.context.SpringBootTestAnnotation@ccf01530], resourceBasePath = "src/main/webapp", contextLoader = org.springframework.boot.test.context.SpringBootContextLoader, parent = null]
	at org.springframework.test.context.cache.DefaultCacheAwareContextLoaderDelegate.loadContext(DefaultCacheAwareContextLoaderDelegate.java:180)
	at org.springframework.test.context.support.DefaultTestContext.getApplicationContext(DefaultTestContext.java:130)
	at org.springframework.test.context.bean.override.BeanOverrideTestExecutionListener.injectFields(BeanOverrideTestExecutionListener.java:99)
	at org.springframework.test.context.bean.override.BeanOverrideTestExecutionListener.prepareTestInstance(BeanOverrideTestExecutionListener.java:70)
	at org.springframework.test.context.TestContextManager.prepareTestInstance(TestContextManager.java:260)
	at org.springframework.test.context.junit.jupiter.SpringExtension.postProcessTestInstance(SpringExtension.java:159)
	at org.junit.jupiter.engine.descriptor.ClassBasedTestDescriptor.lambda$invokeTestInstancePostProcessors$10(ClassBasedTestDescriptor.java:383)
	at org.junit.jupiter.engine.descriptor.ClassBasedTestDescriptor.executeAndMaskThrowable(ClassBasedTestDescriptor.java:388)
	at org.junit.jupiter.engine.descriptor.ClassBasedTestDescriptor.lambda$invokeTestInstancePostProcessors$11(ClassBasedTestDescriptor.java:382)
	at java.base/java.util.stream.ForEachOps$ForEachOp$OfRef.accept(ForEachOps.java:183)
	at java.base/java.util.stream.ReferencePipeline$3$1.accept(ReferencePipeline.java:197)
	at java.base/java.util.stream.ReferencePipeline$2$1.accept(ReferencePipeline.java:179)
	at java.base/java.util.stream.ReferencePipeline$3$1.accept(ReferencePipeline.java:197)
	at java.base/java.util.ArrayList$ArrayListSpliterator.forEachRemaining(ArrayList.java:1625)
	at java.base/java.util.stream.AbstractPipeline.copyInto(AbstractPipeline.java:509)
	at java.base/java.util.stream.AbstractPipeline.wrapAndCopyInto(AbstractPipeline.java:499)
	at java.base/java.util.stream.ForEachOps$ForEachOp.evaluateSequential(ForEachOps.java:150)
	at java.base/java.util.stream.ForEachOps$ForEachOp$OfRef.evaluateSequential(ForEachOps.java:173)
	at java.base/java.util.stream.AbstractPipeline.evaluate(AbstractPipeline.java:234)
	at java.base/java.util.stream.ReferencePipeline.forEach(ReferencePipeline.java:596)
	at org.junit.jupiter.engine.descriptor.ClassBasedTestDescriptor.invokeTestInstancePostProcessors(ClassBasedTestDescriptor.java:382)
	at org.junit.jupiter.engine.descriptor.ClassBasedTestDescriptor.lambda$instantiateAndPostProcessTestInstance$6(ClassBasedTestDescriptor.java:293)
	at org.junit.platform.engine.support.hierarchical.ThrowableCollector.execute(ThrowableCollector.java:73)
	at org.junit.jupiter.engine.descriptor.ClassBasedTestDescriptor.instantiateAndPostProcessTestInstance(ClassBasedTestDescriptor.java:292)
	at org.junit.jupiter.engine.descriptor.ClassBasedTestDescriptor.lambda$testInstancesProvider$4(ClassBasedTestDescriptor.java:281)
	at java.base/java.util.Optional.orElseGet(Optional.java:364)
	at org.junit.jupiter.engine.descriptor.ClassBasedTestDescriptor.lambda$testInstancesProvider$5(ClassBasedTestDescriptor.java:280)
	at org.junit.jupiter.engine.execution.TestInstancesProvider.getTestInstances(TestInstancesProvider.java:27)
	at org.junit.jupiter.engine.descriptor.TestMethodTestDescriptor.lambda$prepare$0(TestMethodTestDescriptor.java:112)
	at org.junit.platform.engine.support.hierarchical.ThrowableCollector.execute(ThrowableCollector.java:73)
	at org.junit.jupiter.engine.descriptor.TestMethodTestDescriptor.prepare(TestMethodTestDescriptor.java:111)
	at org.junit.jupiter.engine.descriptor.TestMethodTestDescriptor.prepare(TestMethodTestDescriptor.java:69)
	at org.junit.platform.engine.support.hierarchical.NodeTestTask.lambda$prepare$2(NodeTestTask.java:128)
	at org.junit.platform.engine.support.hierarchical.ThrowableCollector.execute(ThrowableCollector.java:73)
	at org.junit.platform.engine.support.hierarchical.NodeTestTask.prepare(NodeTestTask.java:128)
	at org.junit.platform.engine.support.hierarchical.NodeTestTask.execute(NodeTestTask.java:95)
	at java.base/java.util.ArrayList.forEach(ArrayList.java:1511)
	at org.junit.platform.engine.support.hierarchical.SameThreadHierarchicalTestExecutorService.invokeAll(SameThreadHierarchicalTestExecutorService.java:41)
	at org.junit.platform.engine.support.hierarchical.NodeTestTask.lambda$executeRecursively$6(NodeTestTask.java:160)
	at org.junit.platform.engine.support.hierarchical.ThrowableCollector.execute(ThrowableCollector.java:73)
	at org.junit.platform.engine.support.hierarchical.NodeTestTask.lambda$executeRecursively$8(NodeTestTask.java:146)
	at org.junit.platform.engine.support.hierarchical.Node.around(Node.java:137)
	at org.junit.platform.engine.support.hierarchical.NodeTestTask.lambda$executeRecursively$9(NodeTestTask.java:144)
	at org.junit.platform.engine.support.hierarchical.ThrowableCollector.execute(ThrowableCollector.java:73)
	at org.junit.platform.engine.support.hierarchical.NodeTestTask.executeRecursively(NodeTestTask.java:143)
	at org.junit.platform.engine.support.hierarchical.NodeTestTask.execute(NodeTestTask.java:100)
	at java.base/java.util.ArrayList.forEach(ArrayList.java:1511)
	at org.junit.platform.engine.support.hierarchical.SameThreadHierarchicalTestExecutorService.invokeAll(SameThreadHierarchicalTestExecutorService.java:41)
	at org.junit.platform.engine.support.hierarchical.NodeTestTask.lambda$executeRecursively$6(NodeTestTask.java:160)
	at org.junit.platform.engine.support.hierarchical.ThrowableCollector.execute(ThrowableCollector.java:73)
	at org.junit.platform.engine.support.hierarchical.NodeTestTask.lambda$executeRecursively$8(NodeTestTask.java:146)
	at org.junit.platform.engine.support.hierarchical.Node.around(Node.java:137)
	at org.junit.platform.engine.support.hierarchical.NodeTestTask.lambda$executeRecursively$9(NodeTestTask.java:144)
	at org.junit.platform.engine.support.hierarchical.ThrowableCollector.execute(ThrowableCollector.java:73)
	at org.junit.platform.engine.support.hierarchical.NodeTestTask.executeRecursively(NodeTestTask.java:143)
	at org.junit.platform.engine.support.hierarchical.NodeTestTask.execute(NodeTestTask.java:100)
	at org.junit.platform.engine.support.hierarchical.SameThreadHierarchicalTestExecutorService.submit(SameThreadHierarchicalTestExecutorService.java:35)
	at org.junit.platform.engine.support.hierarchical.HierarchicalTestExecutor.execute(HierarchicalTestExecutor.java:57)
	at org.junit.platform.engine.support.hierarchical.HierarchicalTestEngine.execute(HierarchicalTestEngine.java:54)
	at org.junit.platform.launcher.core.EngineExecutionOrchestrator.execute(EngineExecutionOrchestrator.java:201)
	at org.junit.platform.launcher.core.EngineExecutionOrchestrator.execute(EngineExecutionOrchestrator.java:170)
	at org.junit.platform.launcher.core.EngineExecutionOrchestrator.execute(EngineExecutionOrchestrator.java:94)
	at org.junit.platform.launcher.core.EngineExecutionOrchestrator.lambda$execute$0(EngineExecutionOrchestrator.java:59)
	at org.junit.platform.launcher.core.EngineExecutionOrchestrator.withInterceptedStreams(EngineExecutionOrchestrator.java:142)
	at org.junit.platform.launcher.core.EngineExecutionOrchestrator.execute(EngineExecutionOrchestrator.java:58)
	at org.junit.platform.launcher.core.DefaultLauncher.execute(DefaultLauncher.java:103)
	at org.junit.platform.launcher.core.DefaultLauncher.execute(DefaultLauncher.java:85)
	at org.junit.platform.launcher.core.DelegatingLauncher.execute(DelegatingLauncher.java:47)
	at org.junit.platform.launcher.core.InterceptingLauncher.lambda$execute$1(InterceptingLauncher.java:39)
	at org.junit.platform.launcher.core.ClasspathAlignmentCheckingLauncherInterceptor.intercept(ClasspathAlignmentCheckingLauncherInterceptor.java:25)
	at org.junit.platform.launcher.core.InterceptingLauncher.execute(InterceptingLauncher.java:38)
	at org.junit.platform.launcher.core.DelegatingLauncher.execute(DelegatingLauncher.java:47)
	at org.junit.platform.launcher.core.SessionPerRequestLauncher.execute(SessionPerRequestLauncher.java:63)
	at com.intellij.junit5.JUnit5IdeaTestRunner.startRunnerWithArgs(JUnit5IdeaTestRunner.java:66)
	at com.intellij.rt.junit.IdeaTestRunner$Repeater$1.execute(IdeaTestRunner.java:38)
	at com.intellij.rt.execution.junit.TestsRepeater.repeat(TestsRepeater.java:11)
	at com.intellij.rt.junit.IdeaTestRunner$Repeater.startRunnerWithArgs(IdeaTestRunner.java:35)
	at com.intellij.rt.junit.JUnitStarter.prepareStreamsAndStart(JUnitStarter.java:231)
	at com.intellij.rt.junit.JUnitStarter.main(JUnitStarter.java:55)
Caused by: org.springframework.beans.factory.UnsatisfiedDependencyException: Error creating bean with name 'apiFilter': Unsatisfied dependency expressed through field 'jwtUtil': No qualifying bean of type 'com.users.UsersMicroservice.security.JWTUtil' available: expected at least 1 bean which qualifies as autowire candidate. Dependency annotations: {@org.springframework.beans.factory.annotation.Autowired(required=true)}
	at org.springframework.beans.factory.annotation.AutowiredAnnotationBeanPostProcessor$AutowiredFieldElement.resolveFieldValue(AutowiredAnnotationBeanPostProcessor.java:788)
	at org.springframework.beans.factory.annotation.AutowiredAnnotationBeanPostProcessor$AutowiredFieldElement.inject(AutowiredAnnotationBeanPostProcessor.java:768)
	at org.springframework.beans.factory.annotation.InjectionMetadata.inject(InjectionMetadata.java:146)
	at org.springframework.beans.factory.annotation.AutowiredAnnotationBeanPostProcessor.postProcessProperties(AutowiredAnnotationBeanPostProcessor.java:509)
	at org.springframework.beans.factory.support.AbstractAutowireCapableBeanFactory.populateBean(AbstractAutowireCapableBeanFactory.java:1459)
	at org.springframework.beans.factory.support.AbstractAutowireCapableBeanFactory.doCreateBean(AbstractAutowireCapableBeanFactory.java:606)
	at org.springframework.beans.factory.support.AbstractAutowireCapableBeanFactory.createBean(AbstractAutowireCapableBeanFactory.java:529)
	at org.springframework.beans.factory.support.AbstractBeanFactory.lambda$doGetBean$0(AbstractBeanFactory.java:339)
	at org.springframework.beans.factory.support.DefaultSingletonBeanRegistry.getSingleton(DefaultSingletonBeanRegistry.java:373)
	at org.springframework.beans.factory.support.AbstractBeanFactory.doGetBean(AbstractBeanFactory.java:337)
	at org.springframework.beans.factory.support.AbstractBeanFactory.getBean(AbstractBeanFactory.java:202)
	at org.springframework.beans.factory.support.DefaultListableBeanFactory.instantiateSingleton(DefaultListableBeanFactory.java:1222)
	at org.springframework.beans.factory.support.DefaultListableBeanFactory.preInstantiateSingleton(DefaultListableBeanFactory.java:1188)
	at org.springframework.beans.factory.support.DefaultListableBeanFactory.preInstantiateSingletons(DefaultListableBeanFactory.java:1123)
	at org.springframework.context.support.AbstractApplicationContext.finishBeanFactoryInitialization(AbstractApplicationContext.java:987)
	at org.springframework.context.support.AbstractApplicationContext.refresh(AbstractApplicationContext.java:627)
	at org.springframework.boot.SpringApplication.refresh(SpringApplication.java:752)
	at org.springframework.boot.SpringApplication.refreshContext(SpringApplication.java:439)
	at org.springframework.boot.SpringApplication.run(SpringApplication.java:318)
	at org.springframework.boot.test.context.SpringBootContextLoader.lambda$loadContext$3(SpringBootContextLoader.java:144)
	at org.springframework.util.function.ThrowingSupplier.get(ThrowingSupplier.java:58)
	at org.springframework.util.function.ThrowingSupplier.get(ThrowingSupplier.java:46)
	at org.springframework.boot.SpringApplication.withHook(SpringApplication.java:1461)
	at org.springframework.boot.test.context.SpringBootContextLoader$ContextLoaderHook.run(SpringBootContextLoader.java:563)
	at org.springframework.boot.test.context.SpringBootContextLoader.loadContext(SpringBootContextLoader.java:144)
	at org.springframework.boot.test.context.SpringBootContextLoader.loadContext(SpringBootContextLoader.java:110)
	at org.springframework.test.context.cache.DefaultCacheAwareContextLoaderDelegate.loadContextInternal(DefaultCacheAwareContextLoaderDelegate.java:225)
	at org.springframework.test.context.cache.DefaultCacheAwareContextLoaderDelegate.loadContext(DefaultCacheAwareContextLoaderDelegate.java:152)
	... 78 common frames omitted
Caused by: org.springframework.beans.factory.NoSuchBeanDefinitionException: No qualifying bean of type 'com.users.UsersMicroservice.security.JWTUtil' available: expected at least 1 bean which qualifies as autowire candidate. Dependency annotations: {@org.springframework.beans.factory.annotation.Autowired(required=true)}
	at org.springframework.beans.factory.support.DefaultListableBeanFactory.raiseNoMatchingBeanFound(DefaultListableBeanFactory.java:2291)
	at org.springframework.beans.factory.support.DefaultListableBeanFactory.doResolveDependency(DefaultListableBeanFactory.java:1715)
	at org.springframework.beans.factory.support.DefaultListableBeanFactory.resolveDependency(DefaultListableBeanFactory.java:1635)
	at org.springframework.beans.factory.annotation.AutowiredAnnotationBeanPostProcessor$AutowiredFieldElement.resolveFieldValue(AutowiredAnnotationBeanPostProcessor.java:785)
	... 105 common frames omitted
2025-11-18 11:36:29 [main] INFO  c.u.U.UserControllerTest [] - Starting UserControllerTest using Java 17.0.1 with PID 28336 (started by rober in D:\Documents\micro_backend\UsersMicroservice)
2025-11-18 11:36:29 [main] DEBUG c.u.U.UserControllerTest [] - Running with Spring Boot v3.5.5, Spring v6.2.10
2025-11-18 11:36:29 [main] INFO  c.u.U.UserControllerTest [] - The following 1 profile is active: "local"
2025-11-18 11:36:31 [main] WARN  o.s.w.c.s.GenericWebApplicationContext [] - Exception encountered during context initialization - cancelling refresh attempt: org.springframework.beans.factory.UnsatisfiedDependencyException: Error creating bean with name 'apiFilter': Unsatisfied dependency expressed through field 'jwtUtil': No qualifying bean of type 'com.users.UsersMicroservice.security.JWTUtil' available: expected at least 1 bean which qualifies as autowire candidate. Dependency annotations: {@org.springframework.beans.factory.annotation.Autowired(required=true)}
2025-11-18 11:36:31 [main] INFO  o.s.b.a.l.ConditionEvaluationReportLogger [] - 

Error starting ApplicationContext. To display the condition evaluation report re-run your application with 'debug' enabled.
2025-11-18 11:36:31 [main] ERROR o.s.b.d.LoggingFailureAnalysisReporter [] - 

***************************
APPLICATION FAILED TO START
***************************

Description:

Field jwtUtil in com.users.UsersMicroservice.security.ApiFilter required a bean of type 'com.users.UsersMicroservice.security.JWTUtil' that could not be found.

The injection point has the following annotations:
	- @org.springframework.beans.factory.annotation.Autowired(required=true)


Action:

Consider defining a bean of type 'com.users.UsersMicroservice.security.JWTUtil' in your configuration.

2025-11-18 11:36:31 [main] WARN  o.s.test.context.TestContextManager [] - Caught exception while allowing TestExecutionListener [org.springframework.test.context.bean.override.BeanOverrideTestExecutionListener] to prepare test instance [com.users.UsersMicroservice.UserControllerTest@54567b05]
java.lang.IllegalStateException: Failed to load ApplicationContext for [WebMergedContextConfiguration@2774dcf4 testClass = com.users.UsersMicroservice.UserControllerTest, locations = [], classes = [com.users.UsersMicroservice.UsersMicroserviceApplication], contextInitializerClasses = [], activeProfiles = [], propertySourceDescriptors = [], propertySourceProperties = ["org.springframework.boot.test.autoconfigure.web.servlet.WebMvcTestContextBootstrapper=true"], contextCustomizers = [[ImportsContextCustomizer@20b829d5 key = [org.springframework.boot.autoconfigure.security.oauth2.client.servlet.OAuth2ClientWebSecurityAutoConfiguration, org.springframework.boot.autoconfigure.task.TaskExecutionAutoConfiguration, org.springframework.boot.autoconfigure.cache.CacheAutoConfiguration, org.springframework.boot.autoconfigure.web.servlet.HttpEncodingAutoConfiguration, org.springframework.boot.autoconfigure.validation.ValidationAutoConfiguration, org.springframework.boot.autoconfigure.security.saml2.Saml2RelyingPartyAutoConfiguration, org.springframework.boot.autoconfigure.context.MessageSourceAutoConfiguration, org.springframework.boot.autoconfigure.hateoas.HypermediaAutoConfiguration, org.springframework.boot.autoconfigure.jackson.JacksonAutoConfiguration, org.springframework.boot.autoconfigure.data.web.SpringDataWebAutoConfiguration, org.springframework.boot.test.autoconfigure.web.reactive.WebTestClientAutoConfiguration, org.springframework.boot.autoconfigure.web.servlet.error.ErrorMvcAutoConfiguration, org.springframework.boot.test.autoconfigure.web.servlet.MockMvcAutoConfiguration, org.springframework.boot.autoconfigure.security.servlet.SecurityAutoConfiguration, org.springframework.boot.autoconfigure.security.servlet.SecurityFilterAutoConfiguration, org.springframework.boot.autoconfigure.http.HttpMessageConvertersAutoConfiguration, org.springframework.boot.autoconfigure.security.oauth2.client.OAuth2ClientAutoConfiguration, org.springframework.boot.test.autoconfigure.web.servlet.MockMvcSecurityConfiguration, org.springframework.boot.test.autoconfigure.web.servlet.MockMvcWebClientAutoConfiguration, org.springframework.boot.test.autoconfigure.web.servlet.MockMvcWebDriverAutoConfiguration, org.springframework.boot.autoconfigure.thymeleaf.ThymeleafAutoConfiguration, org.springframework.boot.autoconfigure.gson.GsonAutoConfiguration, org.springframework.boot.autoconfigure.jsonb.JsonbAutoConfiguration, org.springframework.boot.autoconfigure.freemarker.FreeMarkerAutoConfiguration, org.springframework.boot.autoconfigure.web.servlet.WebMvcAutoConfiguration, org.springframework.boot.autoconfigure.security.servlet.UserDetailsServiceAutoConfiguration, org.springframework.boot.autoconfigure.security.oauth2.resource.servlet.OAuth2ResourceServerAutoConfiguration, org.springframework.boot.autoconfigure.groovy.template.GroovyTemplateAutoConfiguration, org.springframework.boot.autoconfigure.mustache.MustacheAutoConfiguration]], org.springframework.boot.test.context.filter.ExcludeFilterContextCustomizer@57576994, org.springframework.boot.test.json.DuplicateJsonObjectContextCustomizerFactory$DuplicateJsonObjectContextCustomizer@1205bd62, org.springframework.boot.test.mock.mockito.MockitoContextCustomizer@0, org.springframework.boot.test.web.reactor.netty.DisableReactorResourceFactoryGlobalResourcesContextCustomizerFactory$DisableReactorResourceFactoryGlobalResourcesContextCustomizerCustomizer@6cb6decd, org.springframework.boot.test.autoconfigure.OnFailureConditionReportContextCustomizerFactory$OnFailureConditionReportContextCustomizer@6aa61224, org.springframework.boot.test.autoconfigure.OverrideAutoConfigurationContextCustomizerFactory$DisableAutoConfigurationContextCustomizer@7357a011, org.springframework.boot.test.autoconfigure.actuate.observability.ObservabilityContextCustomizerFactory$DisableObservabilityContextCustomizer@1f, org.springframework.boot.test.autoconfigure.filter.TypeExcludeFiltersContextCustomizer@8a5ae103, org.springframework.boot.test.autoconfigure.properties.PropertyMappingContextCustomizer@f77aedc2, org.springframework.boot.test.autoconfigure.web.servlet.WebDriverContextCustomizer@babafc2, org.springframework.test.context.bean.override.BeanOverrideContextCustomizer@15b6a570, org.springframework.test.context.support.DynamicPropertiesContextCustomizer@0, org.springframework.boot.test.context.SpringBootTestAnnotation@9aba562a], resourceBasePath = "src/main/webapp", contextLoader = org.springframework.boot.test.context.SpringBootContextLoader, parent = null]
	at org.springframework.test.context.cache.DefaultCacheAwareContextLoaderDelegate.loadContext(DefaultCacheAwareContextLoaderDelegate.java:180)
	at org.springframework.test.context.support.DefaultTestContext.getApplicationContext(DefaultTestContext.java:130)
	at org.springframework.test.context.bean.override.BeanOverrideTestExecutionListener.injectFields(BeanOverrideTestExecutionListener.java:99)
	at org.springframework.test.context.bean.override.BeanOverrideTestExecutionListener.prepareTestInstance(BeanOverrideTestExecutionListener.java:70)
	at org.springframework.test.context.TestContextManager.prepareTestInstance(TestContextManager.java:260)
	at org.springframework.test.context.junit.jupiter.SpringExtension.postProcessTestInstance(SpringExtension.java:159)
	at org.junit.jupiter.engine.descriptor.ClassBasedTestDescriptor.lambda$invokeTestInstancePostProcessors$10(ClassBasedTestDescriptor.java:383)
	at org.junit.jupiter.engine.descriptor.ClassBasedTestDescriptor.executeAndMaskThrowable(ClassBasedTestDescriptor.java:388)
	at org.junit.jupiter.engine.descriptor.ClassBasedTestDescriptor.lambda$invokeTestInstancePostProcessors$11(ClassBasedTestDescriptor.java:382)
	at java.base/java.util.stream.ForEachOps$ForEachOp$OfRef.accept(ForEachOps.java:183)
	at java.base/java.util.stream.ReferencePipeline$3$1.accept(ReferencePipeline.java:197)
	at java.base/java.util.stream.ReferencePipeline$2$1.accept(ReferencePipeline.java:179)
	at java.base/java.util.stream.ReferencePipeline$3$1.accept(ReferencePipeline.java:197)
	at java.base/java.util.ArrayList$ArrayListSpliterator.forEachRemaining(ArrayList.java:1625)
	at java.base/java.util.stream.AbstractPipeline.copyInto(AbstractPipeline.java:509)
	at java.base/java.util.stream.AbstractPipeline.wrapAndCopyInto(AbstractPipeline.java:499)
	at java.base/java.util.stream.ForEachOps$ForEachOp.evaluateSequential(ForEachOps.java:150)
	at java.base/java.util.stream.ForEachOps$ForEachOp$OfRef.evaluateSequential(ForEachOps.java:173)
	at java.base/java.util.stream.AbstractPipeline.evaluate(AbstractPipeline.java:234)
	at java.base/java.util.stream.ReferencePipeline.forEach(ReferencePipeline.java:596)
	at org.junit.jupiter.engine.descriptor.ClassBasedTestDescriptor.invokeTestInstancePostProcessors(ClassBasedTestDescriptor.java:382)
	at org.junit.jupiter.engine.descriptor.ClassBasedTestDescriptor.lambda$instantiateAndPostProcessTestInstance$6(ClassBasedTestDescriptor.java:293)
	at org.junit.platform.engine.support.hierarchical.ThrowableCollector.execute(ThrowableCollector.java:73)
	at org.junit.jupiter.engine.descriptor.ClassBasedTestDescriptor.instantiateAndPostProcessTestInstance(ClassBasedTestDescriptor.java:292)
	at org.junit.jupiter.engine.descriptor.ClassBasedTestDescriptor.lambda$testInstancesProvider$4(ClassBasedTestDescriptor.java:281)
	at java.base/java.util.Optional.orElseGet(Optional.java:364)
	at org.junit.jupiter.engine.descriptor.ClassBasedTestDescriptor.lambda$testInstancesProvider$5(ClassBasedTestDescriptor.java:280)
	at org.junit.jupiter.engine.execution.TestInstancesProvider.getTestInstances(TestInstancesProvider.java:27)
	at org.junit.jupiter.engine.descriptor.TestMethodTestDescriptor.lambda$prepare$0(TestMethodTestDescriptor.java:112)
	at org.junit.platform.engine.support.hierarchical.ThrowableCollector.execute(ThrowableCollector.java:73)
	at org.junit.jupiter.engine.descriptor.TestMethodTestDescriptor.prepare(TestMethodTestDescriptor.java:111)
	at org.junit.jupiter.engine.descriptor.TestMethodTestDescriptor.prepare(TestMethodTestDescriptor.java:69)
	at org.junit.platform.engine.support.hierarchical.NodeTestTask.lambda$prepare$2(NodeTestTask.java:128)
	at org.junit.platform.engine.support.hierarchical.ThrowableCollector.execute(ThrowableCollector.java:73)
	at org.junit.platform.engine.support.hierarchical.NodeTestTask.prepare(NodeTestTask.java:128)
	at org.junit.platform.engine.support.hierarchical.NodeTestTask.execute(NodeTestTask.java:95)
	at java.base/java.util.ArrayList.forEach(ArrayList.java:1511)
	at org.junit.platform.engine.support.hierarchical.SameThreadHierarchicalTestExecutorService.invokeAll(SameThreadHierarchicalTestExecutorService.java:41)
	at org.junit.platform.engine.support.hierarchical.NodeTestTask.lambda$executeRecursively$6(NodeTestTask.java:160)
	at org.junit.platform.engine.support.hierarchical.ThrowableCollector.execute(ThrowableCollector.java:73)
	at org.junit.platform.engine.support.hierarchical.NodeTestTask.lambda$executeRecursively$8(NodeTestTask.java:146)
	at org.junit.platform.engine.support.hierarchical.Node.around(Node.java:137)
	at org.junit.platform.engine.support.hierarchical.NodeTestTask.lambda$executeRecursively$9(NodeTestTask.java:144)
	at org.junit.platform.engine.support.hierarchical.ThrowableCollector.execute(ThrowableCollector.java:73)
	at org.junit.platform.engine.support.hierarchical.NodeTestTask.executeRecursively(NodeTestTask.java:143)
	at org.junit.platform.engine.support.hierarchical.NodeTestTask.execute(NodeTestTask.java:100)
	at java.base/java.util.ArrayList.forEach(ArrayList.java:1511)
	at org.junit.platform.engine.support.hierarchical.SameThreadHierarchicalTestExecutorService.invokeAll(SameThreadHierarchicalTestExecutorService.java:41)
	at org.junit.platform.engine.support.hierarchical.NodeTestTask.lambda$executeRecursively$6(NodeTestTask.java:160)
	at org.junit.platform.engine.support.hierarchical.ThrowableCollector.execute(ThrowableCollector.java:73)
	at org.junit.platform.engine.support.hierarchical.NodeTestTask.lambda$executeRecursively$8(NodeTestTask.java:146)
	at org.junit.platform.engine.support.hierarchical.Node.around(Node.java:137)
	at org.junit.platform.engine.support.hierarchical.NodeTestTask.lambda$executeRecursively$9(NodeTestTask.java:144)
	at org.junit.platform.engine.support.hierarchical.ThrowableCollector.execute(ThrowableCollector.java:73)
	at org.junit.platform.engine.support.hierarchical.NodeTestTask.executeRecursively(NodeTestTask.java:143)
	at org.junit.platform.engine.support.hierarchical.NodeTestTask.execute(NodeTestTask.java:100)
	at org.junit.platform.engine.support.hierarchical.SameThreadHierarchicalTestExecutorService.submit(SameThreadHierarchicalTestExecutorService.java:35)
	at org.junit.platform.engine.support.hierarchical.HierarchicalTestExecutor.execute(HierarchicalTestExecutor.java:57)
	at org.junit.platform.engine.support.hierarchical.HierarchicalTestEngine.execute(HierarchicalTestEngine.java:54)
	at org.junit.platform.launcher.core.EngineExecutionOrchestrator.execute(EngineExecutionOrchestrator.java:201)
	at org.junit.platform.launcher.core.EngineExecutionOrchestrator.execute(EngineExecutionOrchestrator.java:170)
	at org.junit.platform.launcher.core.EngineExecutionOrchestrator.execute(EngineExecutionOrchestrator.java:94)
	at org.junit.platform.launcher.core.EngineExecutionOrchestrator.lambda$execute$0(EngineExecutionOrchestrator.java:59)
	at org.junit.platform.launcher.core.EngineExecutionOrchestrator.withInterceptedStreams(EngineExecutionOrchestrator.java:142)
	at org.junit.platform.launcher.core.EngineExecutionOrchestrator.execute(EngineExecutionOrchestrator.java:58)
	at org.junit.platform.launcher.core.DefaultLauncher.execute(DefaultLauncher.java:103)
	at org.junit.platform.launcher.core.DefaultLauncher.execute(DefaultLauncher.java:85)
	at org.junit.platform.launcher.core.DelegatingLauncher.execute(DelegatingLauncher.java:47)
	at org.junit.platform.launcher.core.InterceptingLauncher.lambda$execute$1(InterceptingLauncher.java:39)
	at org.junit.platform.launcher.core.ClasspathAlignmentCheckingLauncherInterceptor.intercept(ClasspathAlignmentCheckingLauncherInterceptor.java:25)
	at org.junit.platform.launcher.core.InterceptingLauncher.execute(InterceptingLauncher.java:38)
	at org.junit.platform.launcher.core.DelegatingLauncher.execute(DelegatingLauncher.java:47)
	at org.junit.platform.launcher.core.SessionPerRequestLauncher.execute(SessionPerRequestLauncher.java:63)
	at com.intellij.junit5.JUnit5IdeaTestRunner.startRunnerWithArgs(JUnit5IdeaTestRunner.java:66)
	at com.intellij.rt.junit.IdeaTestRunner$Repeater$1.execute(IdeaTestRunner.java:38)
	at com.intellij.rt.execution.junit.TestsRepeater.repeat(TestsRepeater.java:11)
	at com.intellij.rt.junit.IdeaTestRunner$Repeater.startRunnerWithArgs(IdeaTestRunner.java:35)
	at com.intellij.rt.junit.JUnitStarter.prepareStreamsAndStart(JUnitStarter.java:231)
	at com.intellij.rt.junit.JUnitStarter.main(JUnitStarter.java:55)
Caused by: org.springframework.beans.factory.UnsatisfiedDependencyException: Error creating bean with name 'apiFilter': Unsatisfied dependency expressed through field 'jwtUtil': No qualifying bean of type 'com.users.UsersMicroservice.security.JWTUtil' available: expected at least 1 bean which qualifies as autowire candidate. Dependency annotations: {@org.springframework.beans.factory.annotation.Autowired(required=true)}
	at org.springframework.beans.factory.annotation.AutowiredAnnotationBeanPostProcessor$AutowiredFieldElement.resolveFieldValue(AutowiredAnnotationBeanPostProcessor.java:788)
	at org.springframework.beans.factory.annotation.AutowiredAnnotationBeanPostProcessor$AutowiredFieldElement.inject(AutowiredAnnotationBeanPostProcessor.java:768)
	at org.springframework.beans.factory.annotation.InjectionMetadata.inject(InjectionMetadata.java:146)
	at org.springframework.beans.factory.annotation.AutowiredAnnotationBeanPostProcessor.postProcessProperties(AutowiredAnnotationBeanPostProcessor.java:509)
	at org.springframework.beans.factory.support.AbstractAutowireCapableBeanFactory.populateBean(AbstractAutowireCapableBeanFactory.java:1459)
	at org.springframework.beans.factory.support.AbstractAutowireCapableBeanFactory.doCreateBean(AbstractAutowireCapableBeanFactory.java:606)
	at org.springframework.beans.factory.support.AbstractAutowireCapableBeanFactory.createBean(AbstractAutowireCapableBeanFactory.java:529)
	at org.springframework.beans.factory.support.AbstractBeanFactory.lambda$doGetBean$0(AbstractBeanFactory.java:339)
	at org.springframework.beans.factory.support.DefaultSingletonBeanRegistry.getSingleton(DefaultSingletonBeanRegistry.java:373)
	at org.springframework.beans.factory.support.AbstractBeanFactory.doGetBean(AbstractBeanFactory.java:337)
	at org.springframework.beans.factory.support.AbstractBeanFactory.getBean(AbstractBeanFactory.java:202)
	at org.springframework.beans.factory.support.DefaultListableBeanFactory.instantiateSingleton(DefaultListableBeanFactory.java:1222)
	at org.springframework.beans.factory.support.DefaultListableBeanFactory.preInstantiateSingleton(DefaultListableBeanFactory.java:1188)
	at org.springframework.beans.factory.support.DefaultListableBeanFactory.preInstantiateSingletons(DefaultListableBeanFactory.java:1123)
	at org.springframework.context.support.AbstractApplicationContext.finishBeanFactoryInitialization(AbstractApplicationContext.java:987)
	at org.springframework.context.support.AbstractApplicationContext.refresh(AbstractApplicationContext.java:627)
	at org.springframework.boot.SpringApplication.refresh(SpringApplication.java:752)
	at org.springframework.boot.SpringApplication.refreshContext(SpringApplication.java:439)
	at org.springframework.boot.SpringApplication.run(SpringApplication.java:318)
	at org.springframework.boot.test.context.SpringBootContextLoader.lambda$loadContext$3(SpringBootContextLoader.java:144)
	at org.springframework.util.function.ThrowingSupplier.get(ThrowingSupplier.java:58)
	at org.springframework.util.function.ThrowingSupplier.get(ThrowingSupplier.java:46)
	at org.springframework.boot.SpringApplication.withHook(SpringApplication.java:1461)
	at org.springframework.boot.test.context.SpringBootContextLoader$ContextLoaderHook.run(SpringBootContextLoader.java:563)
	at org.springframework.boot.test.context.SpringBootContextLoader.loadContext(SpringBootContextLoader.java:144)
	at org.springframework.boot.test.context.SpringBootContextLoader.loadContext(SpringBootContextLoader.java:110)
	at org.springframework.test.context.cache.DefaultCacheAwareContextLoaderDelegate.loadContextInternal(DefaultCacheAwareContextLoaderDelegate.java:225)
	at org.springframework.test.context.cache.DefaultCacheAwareContextLoaderDelegate.loadContext(DefaultCacheAwareContextLoaderDelegate.java:152)
	... 78 common frames omitted
Caused by: org.springframework.beans.factory.NoSuchBeanDefinitionException: No qualifying bean of type 'com.users.UsersMicroservice.security.JWTUtil' available: expected at least 1 bean which qualifies as autowire candidate. Dependency annotations: {@org.springframework.beans.factory.annotation.Autowired(required=true)}
	at org.springframework.beans.factory.support.DefaultListableBeanFactory.raiseNoMatchingBeanFound(DefaultListableBeanFactory.java:2291)
	at org.springframework.beans.factory.support.DefaultListableBeanFactory.doResolveDependency(DefaultListableBeanFactory.java:1715)
	at org.springframework.beans.factory.support.DefaultListableBeanFactory.resolveDependency(DefaultListableBeanFactory.java:1635)
	at org.springframework.beans.factory.annotation.AutowiredAnnotationBeanPostProcessor$AutowiredFieldElement.resolveFieldValue(AutowiredAnnotationBeanPostProcessor.java:785)
	... 105 common frames omitted
2025-11-18 11:41:47 [main] INFO  c.u.U.UserControllerTest [] - Starting UserControllerTest using Java 17.0.1 with PID 1060 (started by rober in D:\Documents\micro_backend\UsersMicroservice)
2025-11-18 11:41:47 [main] DEBUG c.u.U.UserControllerTest [] - Running with Spring Boot v3.5.5, Spring v6.2.10
2025-11-18 11:41:47 [main] INFO  c.u.U.UserControllerTest [] - The following 1 profile is active: "local"
2025-11-18 11:41:49 [main] WARN  o.s.w.c.s.GenericWebApplicationContext [] - Exception encountered during context initialization - cancelling refresh attempt: org.springframework.beans.factory.UnsatisfiedDependencyException: Error creating bean with name 'jwtRequestFilter' defined in file [D:\Documents\micro_backend\UsersMicroservice\target\classes\com\users\UsersMicroservice\security\JwtRequestFilter.class]: Unsatisfied dependency expressed through constructor parameter 1: No qualifying bean of type 'com.users.UsersMicroservice.service.CustomUserDetails' available: expected at least 1 bean which qualifies as autowire candidate. Dependency annotations: {}
2025-11-18 11:41:49 [main] INFO  o.s.b.a.l.ConditionEvaluationReportLogger [] - 

Error starting ApplicationContext. To display the condition evaluation report re-run your application with 'debug' enabled.
2025-11-18 11:41:49 [main] ERROR o.s.b.d.LoggingFailureAnalysisReporter [] - 

***************************
APPLICATION FAILED TO START
***************************

Description:

Parameter 1 of constructor in com.users.UsersMicroservice.security.JwtRequestFilter required a bean of type 'com.users.UsersMicroservice.service.CustomUserDetails' that could not be found.


Action:

Consider defining a bean of type 'com.users.UsersMicroservice.service.CustomUserDetails' in your configuration.

2025-11-18 11:41:49 [main] WARN  o.s.test.context.TestContextManager [] - Caught exception while allowing TestExecutionListener [org.springframework.test.context.bean.override.BeanOverrideTestExecutionListener] to prepare test instance [com.users.UsersMicroservice.UserControllerTest@79ad1774]
java.lang.IllegalStateException: Failed to load ApplicationContext for [WebMergedContextConfiguration@3ed7dd70 testClass = com.users.UsersMicroservice.UserControllerTest, locations = [], classes = [com.users.UsersMicroservice.UsersMicroserviceApplication], contextInitializerClasses = [], activeProfiles = [], propertySourceDescriptors = [], propertySourceProperties = ["org.springframework.boot.test.autoconfigure.web.servlet.WebMvcTestContextBootstrapper=true"], contextCustomizers = [[ImportsContextCustomizer@6f3b13d0 key = [org.springframework.boot.autoconfigure.security.oauth2.client.servlet.OAuth2ClientWebSecurityAutoConfiguration, org.springframework.boot.autoconfigure.task.TaskExecutionAutoConfiguration, org.springframework.boot.autoconfigure.cache.CacheAutoConfiguration, org.springframework.boot.autoconfigure.web.servlet.HttpEncodingAutoConfiguration, org.springframework.boot.autoconfigure.validation.ValidationAutoConfiguration, org.springframework.boot.autoconfigure.security.saml2.Saml2RelyingPartyAutoConfiguration, org.springframework.boot.autoconfigure.context.MessageSourceAutoConfiguration, org.springframework.boot.autoconfigure.hateoas.HypermediaAutoConfiguration, org.springframework.boot.autoconfigure.jackson.JacksonAutoConfiguration, org.springframework.boot.autoconfigure.data.web.SpringDataWebAutoConfiguration, org.springframework.boot.test.autoconfigure.web.reactive.WebTestClientAutoConfiguration, org.springframework.boot.autoconfigure.web.servlet.error.ErrorMvcAutoConfiguration, org.springframework.boot.test.autoconfigure.web.servlet.MockMvcAutoConfiguration, org.springframework.boot.autoconfigure.security.servlet.SecurityAutoConfiguration, org.springframework.boot.autoconfigure.security.servlet.SecurityFilterAutoConfiguration, org.springframework.boot.autoconfigure.http.HttpMessageConvertersAutoConfiguration, org.springframework.boot.autoconfigure.security.oauth2.client.OAuth2ClientAutoConfiguration, org.springframework.boot.test.autoconfigure.web.servlet.MockMvcSecurityConfiguration, org.springframework.boot.test.autoconfigure.web.servlet.MockMvcWebClientAutoConfiguration, org.springframework.boot.test.autoconfigure.web.servlet.MockMvcWebDriverAutoConfiguration, org.springframework.boot.autoconfigure.thymeleaf.ThymeleafAutoConfiguration, org.springframework.boot.autoconfigure.gson.GsonAutoConfiguration, org.springframework.boot.autoconfigure.jsonb.JsonbAutoConfiguration, org.springframework.boot.autoconfigure.freemarker.FreeMarkerAutoConfiguration, org.springframework.boot.autoconfigure.web.servlet.WebMvcAutoConfiguration, org.springframework.boot.autoconfigure.security.servlet.UserDetailsServiceAutoConfiguration, org.springframework.boot.autoconfigure.security.oauth2.resource.servlet.OAuth2ResourceServerAutoConfiguration, org.springframework.boot.autoconfigure.groovy.template.GroovyTemplateAutoConfiguration, org.springframework.boot.autoconfigure.mustache.MustacheAutoConfiguration]], org.springframework.boot.test.context.filter.ExcludeFilterContextCustomizer@30c8681, org.springframework.boot.test.json.DuplicateJsonObjectContextCustomizerFactory$DuplicateJsonObjectContextCustomizer@78aa1f72, org.springframework.boot.test.mock.mockito.MockitoContextCustomizer@0, org.springframework.boot.test.web.reactor.netty.DisableReactorResourceFactoryGlobalResourcesContextCustomizerFactory$DisableReactorResourceFactoryGlobalResourcesContextCustomizerCustomizer@b978d10, org.springframework.boot.test.autoconfigure.OnFailureConditionReportContextCustomizerFactory$OnFailureConditionReportContextCustomizer@2ce6c6ec, org.springframework.boot.test.autoconfigure.OverrideAutoConfigurationContextCustomizerFactory$DisableAutoConfigurationContextCustomizer@1672fe87, org.springframework.boot.test.autoconfigure.actuate.observability.ObservabilityContextCustomizerFactory$DisableObservabilityContextCustomizer@1f, org.springframework.boot.test.autoconfigure.filter.TypeExcludeFiltersContextCustomizer@f173eb20, org.springframework.boot.test.autoconfigure.properties.PropertyMappingContextCustomizer@2b4d742c, org.springframework.boot.test.autoconfigure.web.servlet.WebDriverContextCustomizer@51549490, org.springframework.test.context.bean.override.BeanOverrideContextCustomizer@d83fdd9, org.springframework.test.context.support.DynamicPropertiesContextCustomizer@0, org.springframework.boot.test.context.SpringBootTestAnnotation@456512df], resourceBasePath = "src/main/webapp", contextLoader = org.springframework.boot.test.context.SpringBootContextLoader, parent = null]
	at org.springframework.test.context.cache.DefaultCacheAwareContextLoaderDelegate.loadContext(DefaultCacheAwareContextLoaderDelegate.java:180)
	at org.springframework.test.context.support.DefaultTestContext.getApplicationContext(DefaultTestContext.java:130)
	at org.springframework.test.context.bean.override.BeanOverrideTestExecutionListener.injectFields(BeanOverrideTestExecutionListener.java:99)
	at org.springframework.test.context.bean.override.BeanOverrideTestExecutionListener.prepareTestInstance(BeanOverrideTestExecutionListener.java:70)
	at org.springframework.test.context.TestContextManager.prepareTestInstance(TestContextManager.java:260)
	at org.springframework.test.context.junit.jupiter.SpringExtension.postProcessTestInstance(SpringExtension.java:159)
	at org.junit.jupiter.engine.descriptor.ClassBasedTestDescriptor.lambda$invokeTestInstancePostProcessors$10(ClassBasedTestDescriptor.java:383)
	at org.junit.jupiter.engine.descriptor.ClassBasedTestDescriptor.executeAndMaskThrowable(ClassBasedTestDescriptor.java:388)
	at org.junit.jupiter.engine.descriptor.ClassBasedTestDescriptor.lambda$invokeTestInstancePostProcessors$11(ClassBasedTestDescriptor.java:382)
	at java.base/java.util.stream.ForEachOps$ForEachOp$OfRef.accept(ForEachOps.java:183)
	at java.base/java.util.stream.ReferencePipeline$3$1.accept(ReferencePipeline.java:197)
	at java.base/java.util.stream.ReferencePipeline$2$1.accept(ReferencePipeline.java:179)
	at java.base/java.util.stream.ReferencePipeline$3$1.accept(ReferencePipeline.java:197)
	at java.base/java.util.ArrayList$ArrayListSpliterator.forEachRemaining(ArrayList.java:1625)
	at java.base/java.util.stream.AbstractPipeline.copyInto(AbstractPipeline.java:509)
	at java.base/java.util.stream.AbstractPipeline.wrapAndCopyInto(AbstractPipeline.java:499)
	at java.base/java.util.stream.ForEachOps$ForEachOp.evaluateSequential(ForEachOps.java:150)
	at java.base/java.util.stream.ForEachOps$ForEachOp$OfRef.evaluateSequential(ForEachOps.java:173)
	at java.base/java.util.stream.AbstractPipeline.evaluate(AbstractPipeline.java:234)
	at java.base/java.util.stream.ReferencePipeline.forEach(ReferencePipeline.java:596)
	at org.junit.jupiter.engine.descriptor.ClassBasedTestDescriptor.invokeTestInstancePostProcessors(ClassBasedTestDescriptor.java:382)
	at org.junit.jupiter.engine.descriptor.ClassBasedTestDescriptor.lambda$instantiateAndPostProcessTestInstance$6(ClassBasedTestDescriptor.java:293)
	at org.junit.platform.engine.support.hierarchical.ThrowableCollector.execute(ThrowableCollector.java:73)
	at org.junit.jupiter.engine.descriptor.ClassBasedTestDescriptor.instantiateAndPostProcessTestInstance(ClassBasedTestDescriptor.java:292)
	at org.junit.jupiter.engine.descriptor.ClassBasedTestDescriptor.lambda$testInstancesProvider$4(ClassBasedTestDescriptor.java:281)
	at java.base/java.util.Optional.orElseGet(Optional.java:364)
	at org.junit.jupiter.engine.descriptor.ClassBasedTestDescriptor.lambda$testInstancesProvider$5(ClassBasedTestDescriptor.java:280)
	at org.junit.jupiter.engine.execution.TestInstancesProvider.getTestInstances(TestInstancesProvider.java:27)
	at org.junit.jupiter.engine.descriptor.TestMethodTestDescriptor.lambda$prepare$0(TestMethodTestDescriptor.java:112)
	at org.junit.platform.engine.support.hierarchical.ThrowableCollector.execute(ThrowableCollector.java:73)
	at org.junit.jupiter.engine.descriptor.TestMethodTestDescriptor.prepare(TestMethodTestDescriptor.java:111)
	at org.junit.jupiter.engine.descriptor.TestMethodTestDescriptor.prepare(TestMethodTestDescriptor.java:69)
	at org.junit.platform.engine.support.hierarchical.NodeTestTask.lambda$prepare$2(NodeTestTask.java:128)
	at org.junit.platform.engine.support.hierarchical.ThrowableCollector.execute(ThrowableCollector.java:73)
	at org.junit.platform.engine.support.hierarchical.NodeTestTask.prepare(NodeTestTask.java:128)
	at org.junit.platform.engine.support.hierarchical.NodeTestTask.execute(NodeTestTask.java:95)
	at java.base/java.util.ArrayList.forEach(ArrayList.java:1511)
	at org.junit.platform.engine.support.hierarchical.SameThreadHierarchicalTestExecutorService.invokeAll(SameThreadHierarchicalTestExecutorService.java:41)
	at org.junit.platform.engine.support.hierarchical.NodeTestTask.lambda$executeRecursively$6(NodeTestTask.java:160)
	at org.junit.platform.engine.support.hierarchical.ThrowableCollector.execute(ThrowableCollector.java:73)
	at org.junit.platform.engine.support.hierarchical.NodeTestTask.lambda$executeRecursively$8(NodeTestTask.java:146)
	at org.junit.platform.engine.support.hierarchical.Node.around(Node.java:137)
	at org.junit.platform.engine.support.hierarchical.NodeTestTask.lambda$executeRecursively$9(NodeTestTask.java:144)
	at org.junit.platform.engine.support.hierarchical.ThrowableCollector.execute(ThrowableCollector.java:73)
	at org.junit.platform.engine.support.hierarchical.NodeTestTask.executeRecursively(NodeTestTask.java:143)
	at org.junit.platform.engine.support.hierarchical.NodeTestTask.execute(NodeTestTask.java:100)
	at java.base/java.util.ArrayList.forEach(ArrayList.java:1511)
	at org.junit.platform.engine.support.hierarchical.SameThreadHierarchicalTestExecutorService.invokeAll(SameThreadHierarchicalTestExecutorService.java:41)
	at org.junit.platform.engine.support.hierarchical.NodeTestTask.lambda$executeRecursively$6(NodeTestTask.java:160)
	at org.junit.platform.engine.support.hierarchical.ThrowableCollector.execute(ThrowableCollector.java:73)
	at org.junit.platform.engine.support.hierarchical.NodeTestTask.lambda$executeRecursively$8(NodeTestTask.java:146)
	at org.junit.platform.engine.support.hierarchical.Node.around(Node.java:137)
	at org.junit.platform.engine.support.hierarchical.NodeTestTask.lambda$executeRecursively$9(NodeTestTask.java:144)
	at org.junit.platform.engine.support.hierarchical.ThrowableCollector.execute(ThrowableCollector.java:73)
	at org.junit.platform.engine.support.hierarchical.NodeTestTask.executeRecursively(NodeTestTask.java:143)
	at org.junit.platform.engine.support.hierarchical.NodeTestTask.execute(NodeTestTask.java:100)
	at org.junit.platform.engine.support.hierarchical.SameThreadHierarchicalTestExecutorService.submit(SameThreadHierarchicalTestExecutorService.java:35)
	at org.junit.platform.engine.support.hierarchical.HierarchicalTestExecutor.execute(HierarchicalTestExecutor.java:57)
	at org.junit.platform.engine.support.hierarchical.HierarchicalTestEngine.execute(HierarchicalTestEngine.java:54)
	at org.junit.platform.launcher.core.EngineExecutionOrchestrator.execute(EngineExecutionOrchestrator.java:201)
	at org.junit.platform.launcher.core.EngineExecutionOrchestrator.execute(EngineExecutionOrchestrator.java:170)
	at org.junit.platform.launcher.core.EngineExecutionOrchestrator.execute(EngineExecutionOrchestrator.java:94)
	at org.junit.platform.launcher.core.EngineExecutionOrchestrator.lambda$execute$0(EngineExecutionOrchestrator.java:59)
	at org.junit.platform.launcher.core.EngineExecutionOrchestrator.withInterceptedStreams(EngineExecutionOrchestrator.java:142)
	at org.junit.platform.launcher.core.EngineExecutionOrchestrator.execute(EngineExecutionOrchestrator.java:58)
	at org.junit.platform.launcher.core.DefaultLauncher.execute(DefaultLauncher.java:103)
	at org.junit.platform.launcher.core.DefaultLauncher.execute(DefaultLauncher.java:85)
	at org.junit.platform.launcher.core.DelegatingLauncher.execute(DelegatingLauncher.java:47)
	at org.junit.platform.launcher.core.InterceptingLauncher.lambda$execute$1(InterceptingLauncher.java:39)
	at org.junit.platform.launcher.core.ClasspathAlignmentCheckingLauncherInterceptor.intercept(ClasspathAlignmentCheckingLauncherInterceptor.java:25)
	at org.junit.platform.launcher.core.InterceptingLauncher.execute(InterceptingLauncher.java:38)
	at org.junit.platform.launcher.core.DelegatingLauncher.execute(DelegatingLauncher.java:47)
	at org.junit.platform.launcher.core.SessionPerRequestLauncher.execute(SessionPerRequestLauncher.java:63)
	at com.intellij.junit5.JUnit5IdeaTestRunner.startRunnerWithArgs(JUnit5IdeaTestRunner.java:66)
	at com.intellij.rt.junit.IdeaTestRunner$Repeater$1.execute(IdeaTestRunner.java:38)
	at com.intellij.rt.execution.junit.TestsRepeater.repeat(TestsRepeater.java:11)
	at com.intellij.rt.junit.IdeaTestRunner$Repeater.startRunnerWithArgs(IdeaTestRunner.java:35)
	at com.intellij.rt.junit.JUnitStarter.prepareStreamsAndStart(JUnitStarter.java:231)
	at com.intellij.rt.junit.JUnitStarter.main(JUnitStarter.java:55)
Caused by: org.springframework.beans.factory.UnsatisfiedDependencyException: Error creating bean with name 'jwtRequestFilter' defined in file [D:\Documents\micro_backend\UsersMicroservice\target\classes\com\users\UsersMicroservice\security\JwtRequestFilter.class]: Unsatisfied dependency expressed through constructor parameter 1: No qualifying bean of type 'com.users.UsersMicroservice.service.CustomUserDetails' available: expected at least 1 bean which qualifies as autowire candidate. Dependency annotations: {}
	at org.springframework.beans.factory.support.ConstructorResolver.createArgumentArray(ConstructorResolver.java:804)
	at org.springframework.beans.factory.support.ConstructorResolver.autowireConstructor(ConstructorResolver.java:240)
	at org.springframework.beans.factory.support.AbstractAutowireCapableBeanFactory.autowireConstructor(AbstractAutowireCapableBeanFactory.java:1395)
	at org.springframework.beans.factory.support.AbstractAutowireCapableBeanFactory.createBeanInstance(AbstractAutowireCapableBeanFactory.java:1232)
	at org.springframework.beans.factory.support.AbstractAutowireCapableBeanFactory.doCreateBean(AbstractAutowireCapableBeanFactory.java:569)
	at org.springframework.beans.factory.support.AbstractAutowireCapableBeanFactory.createBean(AbstractAutowireCapableBeanFactory.java:529)
	at org.springframework.beans.factory.support.AbstractBeanFactory.lambda$doGetBean$0(AbstractBeanFactory.java:339)
	at org.springframework.beans.factory.support.DefaultSingletonBeanRegistry.getSingleton(DefaultSingletonBeanRegistry.java:373)
	at org.springframework.beans.factory.support.AbstractBeanFactory.doGetBean(AbstractBeanFactory.java:337)
	at org.springframework.beans.factory.support.AbstractBeanFactory.getBean(AbstractBeanFactory.java:202)
	at org.springframework.beans.factory.support.DefaultListableBeanFactory.instantiateSingleton(DefaultListableBeanFactory.java:1222)
	at org.springframework.beans.factory.support.DefaultListableBeanFactory.preInstantiateSingleton(DefaultListableBeanFactory.java:1188)
	at org.springframework.beans.factory.support.DefaultListableBeanFactory.preInstantiateSingletons(DefaultListableBeanFactory.java:1123)
	at org.springframework.context.support.AbstractApplicationContext.finishBeanFactoryInitialization(AbstractApplicationContext.java:987)
	at org.springframework.context.support.AbstractApplicationContext.refresh(AbstractApplicationContext.java:627)
	at org.springframework.boot.SpringApplication.refresh(SpringApplication.java:752)
	at org.springframework.boot.SpringApplication.refreshContext(SpringApplication.java:439)
	at org.springframework.boot.SpringApplication.run(SpringApplication.java:318)
	at org.springframework.boot.test.context.SpringBootContextLoader.lambda$loadContext$3(SpringBootContextLoader.java:144)
	at org.springframework.util.function.ThrowingSupplier.get(ThrowingSupplier.java:58)
	at org.springframework.util.function.ThrowingSupplier.get(ThrowingSupplier.java:46)
	at org.springframework.boot.SpringApplication.withHook(SpringApplication.java:1461)
	at org.springframework.boot.test.context.SpringBootContextLoader$ContextLoaderHook.run(SpringBootContextLoader.java:563)
	at org.springframework.boot.test.context.SpringBootContextLoader.loadContext(SpringBootContextLoader.java:144)
	at org.springframework.boot.test.context.SpringBootContextLoader.loadContext(SpringBootContextLoader.java:110)
	at org.springframework.test.context.cache.DefaultCacheAwareContextLoaderDelegate.loadContextInternal(DefaultCacheAwareContextLoaderDelegate.java:225)
	at org.springframework.test.context.cache.DefaultCacheAwareContextLoaderDelegate.loadContext(DefaultCacheAwareContextLoaderDelegate.java:152)
	... 78 common frames omitted
Caused by: org.springframework.beans.factory.NoSuchBeanDefinitionException: No qualifying bean of type 'com.users.UsersMicroservice.service.CustomUserDetails' available: expected at least 1 bean which qualifies as autowire candidate. Dependency annotations: {}
	at org.springframework.beans.factory.support.DefaultListableBeanFactory.raiseNoMatchingBeanFound(DefaultListableBeanFactory.java:2291)
	at org.springframework.beans.factory.support.DefaultListableBeanFactory.doResolveDependency(DefaultListableBeanFactory.java:1715)
	at org.springframework.beans.factory.support.DefaultListableBeanFactory.resolveDependency(DefaultListableBeanFactory.java:1635)
	at org.springframework.beans.factory.support.ConstructorResolver.resolveAutowiredArgument(ConstructorResolver.java:913)
	at org.springframework.beans.factory.support.ConstructorResolver.createArgumentArray(ConstructorResolver.java:791)
	... 104 common frames omitted
2025-11-18 11:50:59 [main] INFO  c.u.U.UserControllerTest [] - Starting UserControllerTest using Java 17.0.1 with PID 26872 (started by rober in D:\Documents\micro_backend\UsersMicroservice)
2025-11-18 11:50:59 [main] DEBUG c.u.U.UserControllerTest [] - Running with Spring Boot v3.5.5, Spring v6.2.10
2025-11-18 11:50:59 [main] INFO  c.u.U.UserControllerTest [] - The following 1 profile is active: "local"
2025-11-18 11:51:01 [main] WARN  o.s.w.c.s.GenericWebApplicationContext [] - Exception encountered during context initialization - cancelling refresh attempt: org.springframework.beans.factory.UnsatisfiedDependencyException: Error creating bean with name 'jwtRequestFilter' defined in file [D:\Documents\micro_backend\UsersMicroservice\target\classes\com\users\UsersMicroservice\security\JwtRequestFilter.class]: Unsatisfied dependency expressed through constructor parameter 1: No qualifying bean of type 'com.users.UsersMicroservice.service.CustomUserDetails' available: expected at least 1 bean which qualifies as autowire candidate. Dependency annotations: {}
2025-11-18 11:51:01 [main] INFO  o.s.b.a.l.ConditionEvaluationReportLogger [] - 

Error starting ApplicationContext. To display the condition evaluation report re-run your application with 'debug' enabled.
2025-11-18 11:51:01 [main] ERROR o.s.b.d.LoggingFailureAnalysisReporter [] - 

***************************
APPLICATION FAILED TO START
***************************

Description:

Parameter 1 of constructor in com.users.UsersMicroservice.security.JwtRequestFilter required a bean of type 'com.users.UsersMicroservice.service.CustomUserDetails' that could not be found.


Action:

Consider defining a bean of type 'com.users.UsersMicroservice.service.CustomUserDetails' in your configuration.

2025-11-18 11:51:01 [main] WARN  o.s.test.context.TestContextManager [] - Caught exception while allowing TestExecutionListener [org.springframework.test.context.bean.override.BeanOverrideTestExecutionListener] to prepare test instance [com.users.UsersMicroservice.UserControllerTest@79ad1774]
java.lang.IllegalStateException: Failed to load ApplicationContext for [WebMergedContextConfiguration@3ed7dd70 testClass = com.users.UsersMicroservice.UserControllerTest, locations = [], classes = [com.users.UsersMicroservice.UsersMicroserviceApplication], contextInitializerClasses = [], activeProfiles = [], propertySourceDescriptors = [], propertySourceProperties = ["org.springframework.boot.test.autoconfigure.web.servlet.WebMvcTestContextBootstrapper=true"], contextCustomizers = [[ImportsContextCustomizer@6f3b13d0 key = [org.springframework.boot.autoconfigure.security.oauth2.client.servlet.OAuth2ClientWebSecurityAutoConfiguration, org.springframework.boot.autoconfigure.task.TaskExecutionAutoConfiguration, org.springframework.boot.autoconfigure.cache.CacheAutoConfiguration, org.springframework.boot.autoconfigure.web.servlet.HttpEncodingAutoConfiguration, org.springframework.boot.autoconfigure.validation.ValidationAutoConfiguration, org.springframework.boot.autoconfigure.security.saml2.Saml2RelyingPartyAutoConfiguration, org.springframework.boot.autoconfigure.context.MessageSourceAutoConfiguration, org.springframework.boot.autoconfigure.hateoas.HypermediaAutoConfiguration, org.springframework.boot.autoconfigure.jackson.JacksonAutoConfiguration, org.springframework.boot.autoconfigure.data.web.SpringDataWebAutoConfiguration, org.springframework.boot.test.autoconfigure.web.reactive.WebTestClientAutoConfiguration, org.springframework.boot.autoconfigure.web.servlet.error.ErrorMvcAutoConfiguration, org.springframework.boot.test.autoconfigure.web.servlet.MockMvcAutoConfiguration, org.springframework.boot.autoconfigure.security.servlet.SecurityAutoConfiguration, org.springframework.boot.autoconfigure.security.servlet.SecurityFilterAutoConfiguration, org.springframework.boot.autoconfigure.http.HttpMessageConvertersAutoConfiguration, org.springframework.boot.autoconfigure.security.oauth2.client.OAuth2ClientAutoConfiguration, org.springframework.boot.test.autoconfigure.web.servlet.MockMvcSecurityConfiguration, org.springframework.boot.test.autoconfigure.web.servlet.MockMvcWebClientAutoConfiguration, org.springframework.boot.test.autoconfigure.web.servlet.MockMvcWebDriverAutoConfiguration, org.springframework.boot.autoconfigure.thymeleaf.ThymeleafAutoConfiguration, org.springframework.boot.autoconfigure.gson.GsonAutoConfiguration, org.springframework.boot.autoconfigure.jsonb.JsonbAutoConfiguration, org.springframework.boot.autoconfigure.freemarker.FreeMarkerAutoConfiguration, org.springframework.boot.autoconfigure.web.servlet.WebMvcAutoConfiguration, org.springframework.boot.autoconfigure.security.servlet.UserDetailsServiceAutoConfiguration, org.springframework.boot.autoconfigure.security.oauth2.resource.servlet.OAuth2ResourceServerAutoConfiguration, org.springframework.boot.autoconfigure.groovy.template.GroovyTemplateAutoConfiguration, org.springframework.boot.autoconfigure.mustache.MustacheAutoConfiguration]], org.springframework.boot.test.context.filter.ExcludeFilterContextCustomizer@30c8681, org.springframework.boot.test.json.DuplicateJsonObjectContextCustomizerFactory$DuplicateJsonObjectContextCustomizer@78aa1f72, org.springframework.boot.test.mock.mockito.MockitoContextCustomizer@0, org.springframework.boot.test.web.reactor.netty.DisableReactorResourceFactoryGlobalResourcesContextCustomizerFactory$DisableReactorResourceFactoryGlobalResourcesContextCustomizerCustomizer@b978d10, org.springframework.boot.test.autoconfigure.OnFailureConditionReportContextCustomizerFactory$OnFailureConditionReportContextCustomizer@2ce6c6ec, org.springframework.boot.test.autoconfigure.OverrideAutoConfigurationContextCustomizerFactory$DisableAutoConfigurationContextCustomizer@1672fe87, org.springframework.boot.test.autoconfigure.actuate.observability.ObservabilityContextCustomizerFactory$DisableObservabilityContextCustomizer@1f, org.springframework.boot.test.autoconfigure.filter.TypeExcludeFiltersContextCustomizer@f173eb20, org.springframework.boot.test.autoconfigure.properties.PropertyMappingContextCustomizer@2b4d742c, org.springframework.boot.test.autoconfigure.web.servlet.WebDriverContextCustomizer@51549490, org.springframework.test.context.bean.override.BeanOverrideContextCustomizer@d83fdd9, org.springframework.test.context.support.DynamicPropertiesContextCustomizer@0, org.springframework.boot.test.context.SpringBootTestAnnotation@456512df], resourceBasePath = "src/main/webapp", contextLoader = org.springframework.boot.test.context.SpringBootContextLoader, parent = null]
	at org.springframework.test.context.cache.DefaultCacheAwareContextLoaderDelegate.loadContext(DefaultCacheAwareContextLoaderDelegate.java:180)
	at org.springframework.test.context.support.DefaultTestContext.getApplicationContext(DefaultTestContext.java:130)
	at org.springframework.test.context.bean.override.BeanOverrideTestExecutionListener.injectFields(BeanOverrideTestExecutionListener.java:99)
	at org.springframework.test.context.bean.override.BeanOverrideTestExecutionListener.prepareTestInstance(BeanOverrideTestExecutionListener.java:70)
	at org.springframework.test.context.TestContextManager.prepareTestInstance(TestContextManager.java:260)
	at org.springframework.test.context.junit.jupiter.SpringExtension.postProcessTestInstance(SpringExtension.java:159)
	at org.junit.jupiter.engine.descriptor.ClassBasedTestDescriptor.lambda$invokeTestInstancePostProcessors$10(ClassBasedTestDescriptor.java:383)
	at org.junit.jupiter.engine.descriptor.ClassBasedTestDescriptor.executeAndMaskThrowable(ClassBasedTestDescriptor.java:388)
	at org.junit.jupiter.engine.descriptor.ClassBasedTestDescriptor.lambda$invokeTestInstancePostProcessors$11(ClassBasedTestDescriptor.java:382)
	at java.base/java.util.stream.ForEachOps$ForEachOp$OfRef.accept(ForEachOps.java:183)
	at java.base/java.util.stream.ReferencePipeline$3$1.accept(ReferencePipeline.java:197)
	at java.base/java.util.stream.ReferencePipeline$2$1.accept(ReferencePipeline.java:179)
	at java.base/java.util.stream.ReferencePipeline$3$1.accept(ReferencePipeline.java:197)
	at java.base/java.util.ArrayList$ArrayListSpliterator.forEachRemaining(ArrayList.java:1625)
	at java.base/java.util.stream.AbstractPipeline.copyInto(AbstractPipeline.java:509)
	at java.base/java.util.stream.AbstractPipeline.wrapAndCopyInto(AbstractPipeline.java:499)
	at java.base/java.util.stream.ForEachOps$ForEachOp.evaluateSequential(ForEachOps.java:150)
	at java.base/java.util.stream.ForEachOps$ForEachOp$OfRef.evaluateSequential(ForEachOps.java:173)
	at java.base/java.util.stream.AbstractPipeline.evaluate(AbstractPipeline.java:234)
	at java.base/java.util.stream.ReferencePipeline.forEach(ReferencePipeline.java:596)
	at org.junit.jupiter.engine.descriptor.ClassBasedTestDescriptor.invokeTestInstancePostProcessors(ClassBasedTestDescriptor.java:382)
	at org.junit.jupiter.engine.descriptor.ClassBasedTestDescriptor.lambda$instantiateAndPostProcessTestInstance$6(ClassBasedTestDescriptor.java:293)
	at org.junit.platform.engine.support.hierarchical.ThrowableCollector.execute(ThrowableCollector.java:73)
	at org.junit.jupiter.engine.descriptor.ClassBasedTestDescriptor.instantiateAndPostProcessTestInstance(ClassBasedTestDescriptor.java:292)
	at org.junit.jupiter.engine.descriptor.ClassBasedTestDescriptor.lambda$testInstancesProvider$4(ClassBasedTestDescriptor.java:281)
	at java.base/java.util.Optional.orElseGet(Optional.java:364)
	at org.junit.jupiter.engine.descriptor.ClassBasedTestDescriptor.lambda$testInstancesProvider$5(ClassBasedTestDescriptor.java:280)
	at org.junit.jupiter.engine.execution.TestInstancesProvider.getTestInstances(TestInstancesProvider.java:27)
	at org.junit.jupiter.engine.descriptor.TestMethodTestDescriptor.lambda$prepare$0(TestMethodTestDescriptor.java:112)
	at org.junit.platform.engine.support.hierarchical.ThrowableCollector.execute(ThrowableCollector.java:73)
	at org.junit.jupiter.engine.descriptor.TestMethodTestDescriptor.prepare(TestMethodTestDescriptor.java:111)
	at org.junit.jupiter.engine.descriptor.TestMethodTestDescriptor.prepare(TestMethodTestDescriptor.java:69)
	at org.junit.platform.engine.support.hierarchical.NodeTestTask.lambda$prepare$2(NodeTestTask.java:128)
	at org.junit.platform.engine.support.hierarchical.ThrowableCollector.execute(ThrowableCollector.java:73)
	at org.junit.platform.engine.support.hierarchical.NodeTestTask.prepare(NodeTestTask.java:128)
	at org.junit.platform.engine.support.hierarchical.NodeTestTask.execute(NodeTestTask.java:95)
	at java.base/java.util.ArrayList.forEach(ArrayList.java:1511)
	at org.junit.platform.engine.support.hierarchical.SameThreadHierarchicalTestExecutorService.invokeAll(SameThreadHierarchicalTestExecutorService.java:41)
	at org.junit.platform.engine.support.hierarchical.NodeTestTask.lambda$executeRecursively$6(NodeTestTask.java:160)
	at org.junit.platform.engine.support.hierarchical.ThrowableCollector.execute(ThrowableCollector.java:73)
	at org.junit.platform.engine.support.hierarchical.NodeTestTask.lambda$executeRecursively$8(NodeTestTask.java:146)
	at org.junit.platform.engine.support.hierarchical.Node.around(Node.java:137)
	at org.junit.platform.engine.support.hierarchical.NodeTestTask.lambda$executeRecursively$9(NodeTestTask.java:144)
	at org.junit.platform.engine.support.hierarchical.ThrowableCollector.execute(ThrowableCollector.java:73)
	at org.junit.platform.engine.support.hierarchical.NodeTestTask.executeRecursively(NodeTestTask.java:143)
	at org.junit.platform.engine.support.hierarchical.NodeTestTask.execute(NodeTestTask.java:100)
	at java.base/java.util.ArrayList.forEach(ArrayList.java:1511)
	at org.junit.platform.engine.support.hierarchical.SameThreadHierarchicalTestExecutorService.invokeAll(SameThreadHierarchicalTestExecutorService.java:41)
	at org.junit.platform.engine.support.hierarchical.NodeTestTask.lambda$executeRecursively$6(NodeTestTask.java:160)
	at org.junit.platform.engine.support.hierarchical.ThrowableCollector.execute(ThrowableCollector.java:73)
	at org.junit.platform.engine.support.hierarchical.NodeTestTask.lambda$executeRecursively$8(NodeTestTask.java:146)
	at org.junit.platform.engine.support.hierarchical.Node.around(Node.java:137)
	at org.junit.platform.engine.support.hierarchical.NodeTestTask.lambda$executeRecursively$9(NodeTestTask.java:144)
	at org.junit.platform.engine.support.hierarchical.ThrowableCollector.execute(ThrowableCollector.java:73)
	at org.junit.platform.engine.support.hierarchical.NodeTestTask.executeRecursively(NodeTestTask.java:143)
	at org.junit.platform.engine.support.hierarchical.NodeTestTask.execute(NodeTestTask.java:100)
	at org.junit.platform.engine.support.hierarchical.SameThreadHierarchicalTestExecutorService.submit(SameThreadHierarchicalTestExecutorService.java:35)
	at org.junit.platform.engine.support.hierarchical.HierarchicalTestExecutor.execute(HierarchicalTestExecutor.java:57)
	at org.junit.platform.engine.support.hierarchical.HierarchicalTestEngine.execute(HierarchicalTestEngine.java:54)
	at org.junit.platform.launcher.core.EngineExecutionOrchestrator.execute(EngineExecutionOrchestrator.java:201)
	at org.junit.platform.launcher.core.EngineExecutionOrchestrator.execute(EngineExecutionOrchestrator.java:170)
	at org.junit.platform.launcher.core.EngineExecutionOrchestrator.execute(EngineExecutionOrchestrator.java:94)
	at org.junit.platform.launcher.core.EngineExecutionOrchestrator.lambda$execute$0(EngineExecutionOrchestrator.java:59)
	at org.junit.platform.launcher.core.EngineExecutionOrchestrator.withInterceptedStreams(EngineExecutionOrchestrator.java:142)
	at org.junit.platform.launcher.core.EngineExecutionOrchestrator.execute(EngineExecutionOrchestrator.java:58)
	at org.junit.platform.launcher.core.DefaultLauncher.execute(DefaultLauncher.java:103)
	at org.junit.platform.launcher.core.DefaultLauncher.execute(DefaultLauncher.java:85)
	at org.junit.platform.launcher.core.DelegatingLauncher.execute(DelegatingLauncher.java:47)
	at org.junit.platform.launcher.core.InterceptingLauncher.lambda$execute$1(InterceptingLauncher.java:39)
	at org.junit.platform.launcher.core.ClasspathAlignmentCheckingLauncherInterceptor.intercept(ClasspathAlignmentCheckingLauncherInterceptor.java:25)
	at org.junit.platform.launcher.core.InterceptingLauncher.execute(InterceptingLauncher.java:38)
	at org.junit.platform.launcher.core.DelegatingLauncher.execute(DelegatingLauncher.java:47)
	at org.junit.platform.launcher.core.SessionPerRequestLauncher.execute(SessionPerRequestLauncher.java:63)
	at com.intellij.junit5.JUnit5IdeaTestRunner.startRunnerWithArgs(JUnit5IdeaTestRunner.java:66)
	at com.intellij.rt.junit.IdeaTestRunner$Repeater$1.execute(IdeaTestRunner.java:38)
	at com.intellij.rt.execution.junit.TestsRepeater.repeat(TestsRepeater.java:11)
	at com.intellij.rt.junit.IdeaTestRunner$Repeater.startRunnerWithArgs(IdeaTestRunner.java:35)
	at com.intellij.rt.junit.JUnitStarter.prepareStreamsAndStart(JUnitStarter.java:231)
	at com.intellij.rt.junit.JUnitStarter.main(JUnitStarter.java:55)
Caused by: org.springframework.beans.factory.UnsatisfiedDependencyException: Error creating bean with name 'jwtRequestFilter' defined in file [D:\Documents\micro_backend\UsersMicroservice\target\classes\com\users\UsersMicroservice\security\JwtRequestFilter.class]: Unsatisfied dependency expressed through constructor parameter 1: No qualifying bean of type 'com.users.UsersMicroservice.service.CustomUserDetails' available: expected at least 1 bean which qualifies as autowire candidate. Dependency annotations: {}
	at org.springframework.beans.factory.support.ConstructorResolver.createArgumentArray(ConstructorResolver.java:804)
	at org.springframework.beans.factory.support.ConstructorResolver.autowireConstructor(ConstructorResolver.java:240)
	at org.springframework.beans.factory.support.AbstractAutowireCapableBeanFactory.autowireConstructor(AbstractAutowireCapableBeanFactory.java:1395)
	at org.springframework.beans.factory.support.AbstractAutowireCapableBeanFactory.createBeanInstance(AbstractAutowireCapableBeanFactory.java:1232)
	at org.springframework.beans.factory.support.AbstractAutowireCapableBeanFactory.doCreateBean(AbstractAutowireCapableBeanFactory.java:569)
	at org.springframework.beans.factory.support.AbstractAutowireCapableBeanFactory.createBean(AbstractAutowireCapableBeanFactory.java:529)
	at org.springframework.beans.factory.support.AbstractBeanFactory.lambda$doGetBean$0(AbstractBeanFactory.java:339)
	at org.springframework.beans.factory.support.DefaultSingletonBeanRegistry.getSingleton(DefaultSingletonBeanRegistry.java:373)
	at org.springframework.beans.factory.support.AbstractBeanFactory.doGetBean(AbstractBeanFactory.java:337)
	at org.springframework.beans.factory.support.AbstractBeanFactory.getBean(AbstractBeanFactory.java:202)
	at org.springframework.beans.factory.support.DefaultListableBeanFactory.instantiateSingleton(DefaultListableBeanFactory.java:1222)
	at org.springframework.beans.factory.support.DefaultListableBeanFactory.preInstantiateSingleton(DefaultListableBeanFactory.java:1188)
	at org.springframework.beans.factory.support.DefaultListableBeanFactory.preInstantiateSingletons(DefaultListableBeanFactory.java:1123)
	at org.springframework.context.support.AbstractApplicationContext.finishBeanFactoryInitialization(AbstractApplicationContext.java:987)
	at org.springframework.context.support.AbstractApplicationContext.refresh(AbstractApplicationContext.java:627)
	at org.springframework.boot.SpringApplication.refresh(SpringApplication.java:752)
	at org.springframework.boot.SpringApplication.refreshContext(SpringApplication.java:439)
	at org.springframework.boot.SpringApplication.run(SpringApplication.java:318)
	at org.springframework.boot.test.context.SpringBootContextLoader.lambda$loadContext$3(SpringBootContextLoader.java:144)
	at org.springframework.util.function.ThrowingSupplier.get(ThrowingSupplier.java:58)
	at org.springframework.util.function.ThrowingSupplier.get(ThrowingSupplier.java:46)
	at org.springframework.boot.SpringApplication.withHook(SpringApplication.java:1461)
	at org.springframework.boot.test.context.SpringBootContextLoader$ContextLoaderHook.run(SpringBootContextLoader.java:563)
	at org.springframework.boot.test.context.SpringBootContextLoader.loadContext(SpringBootContextLoader.java:144)
	at org.springframework.boot.test.context.SpringBootContextLoader.loadContext(SpringBootContextLoader.java:110)
	at org.springframework.test.context.cache.DefaultCacheAwareContextLoaderDelegate.loadContextInternal(DefaultCacheAwareContextLoaderDelegate.java:225)
	at org.springframework.test.context.cache.DefaultCacheAwareContextLoaderDelegate.loadContext(DefaultCacheAwareContextLoaderDelegate.java:152)
	... 78 common frames omitted
Caused by: org.springframework.beans.factory.NoSuchBeanDefinitionException: No qualifying bean of type 'com.users.UsersMicroservice.service.CustomUserDetails' available: expected at least 1 bean which qualifies as autowire candidate. Dependency annotations: {}
	at org.springframework.beans.factory.support.DefaultListableBeanFactory.raiseNoMatchingBeanFound(DefaultListableBeanFactory.java:2291)
	at org.springframework.beans.factory.support.DefaultListableBeanFactory.doResolveDependency(DefaultListableBeanFactory.java:1715)
	at org.springframework.beans.factory.support.DefaultListableBeanFactory.resolveDependency(DefaultListableBeanFactory.java:1635)
	at org.springframework.beans.factory.support.ConstructorResolver.resolveAutowiredArgument(ConstructorResolver.java:913)
	at org.springframework.beans.factory.support.ConstructorResolver.createArgumentArray(ConstructorResolver.java:791)
	... 104 common frames omitted
2025-11-18 12:01:26 [main] INFO  c.u.U.UserControllerTest [] - Starting UserControllerTest using Java 17.0.1 with PID 8464 (started by rober in D:\Documents\micro_backend\UsersMicroservice)
2025-11-18 12:01:26 [main] DEBUG c.u.U.UserControllerTest [] - Running with Spring Boot v3.5.5, Spring v6.2.10
2025-11-18 12:01:26 [main] INFO  c.u.U.UserControllerTest [] - The following 1 profile is active: "local"
2025-11-18 12:01:28 [main] WARN  o.s.w.c.s.GenericWebApplicationContext [] - Exception encountered during context initialization - cancelling refresh attempt: org.springframework.beans.factory.UnsatisfiedDependencyException: Error creating bean with name 'jwtRequestFilter' defined in file [D:\Documents\micro_backend\UsersMicroservice\target\classes\com\users\UsersMicroservice\security\JwtRequestFilter.class]: Unsatisfied dependency expressed through constructor parameter 1: No qualifying bean of type 'com.users.UsersMicroservice.service.CustomUserDetails' available: expected at least 1 bean which qualifies as autowire candidate. Dependency annotations: {}
2025-11-18 12:01:28 [main] INFO  o.s.b.a.l.ConditionEvaluationReportLogger [] - 

Error starting ApplicationContext. To display the condition evaluation report re-run your application with 'debug' enabled.
2025-11-18 12:01:28 [main] ERROR o.s.b.d.LoggingFailureAnalysisReporter [] - 

***************************
APPLICATION FAILED TO START
***************************

Description:

Parameter 1 of constructor in com.users.UsersMicroservice.security.JwtRequestFilter required a bean of type 'com.users.UsersMicroservice.service.CustomUserDetails' that could not be found.


Action:

Consider defining a bean of type 'com.users.UsersMicroservice.service.CustomUserDetails' in your configuration.

2025-11-18 12:01:28 [main] WARN  o.s.test.context.TestContextManager [] - Caught exception while allowing TestExecutionListener [org.springframework.test.context.bean.override.BeanOverrideTestExecutionListener] to prepare test instance [com.users.UsersMicroservice.UserControllerTest@79ad1774]
java.lang.IllegalStateException: Failed to load ApplicationContext for [WebMergedContextConfiguration@3ed7dd70 testClass = com.users.UsersMicroservice.UserControllerTest, locations = [], classes = [com.users.UsersMicroservice.UsersMicroserviceApplication], contextInitializerClasses = [], activeProfiles = [], propertySourceDescriptors = [], propertySourceProperties = ["org.springframework.boot.test.autoconfigure.web.servlet.WebMvcTestContextBootstrapper=true"], contextCustomizers = [[ImportsContextCustomizer@6f3b13d0 key = [org.springframework.boot.autoconfigure.security.oauth2.client.servlet.OAuth2ClientWebSecurityAutoConfiguration, org.springframework.boot.autoconfigure.task.TaskExecutionAutoConfiguration, org.springframework.boot.autoconfigure.cache.CacheAutoConfiguration, org.springframework.boot.autoconfigure.web.servlet.HttpEncodingAutoConfiguration, org.springframework.boot.autoconfigure.validation.ValidationAutoConfiguration, org.springframework.boot.autoconfigure.security.saml2.Saml2RelyingPartyAutoConfiguration, org.springframework.boot.autoconfigure.context.MessageSourceAutoConfiguration, org.springframework.boot.autoconfigure.hateoas.HypermediaAutoConfiguration, org.springframework.boot.autoconfigure.jackson.JacksonAutoConfiguration, org.springframework.boot.autoconfigure.data.web.SpringDataWebAutoConfiguration, org.springframework.boot.test.autoconfigure.web.reactive.WebTestClientAutoConfiguration, org.springframework.boot.autoconfigure.web.servlet.error.ErrorMvcAutoConfiguration, org.springframework.boot.test.autoconfigure.web.servlet.MockMvcAutoConfiguration, org.springframework.boot.autoconfigure.security.servlet.SecurityAutoConfiguration, org.springframework.boot.autoconfigure.security.servlet.SecurityFilterAutoConfiguration, org.springframework.boot.autoconfigure.http.HttpMessageConvertersAutoConfiguration, org.springframework.boot.autoconfigure.security.oauth2.client.OAuth2ClientAutoConfiguration, org.springframework.boot.test.autoconfigure.web.servlet.MockMvcSecurityConfiguration, org.springframework.boot.test.autoconfigure.web.servlet.MockMvcWebClientAutoConfiguration, org.springframework.boot.test.autoconfigure.web.servlet.MockMvcWebDriverAutoConfiguration, org.springframework.boot.autoconfigure.thymeleaf.ThymeleafAutoConfiguration, org.springframework.boot.autoconfigure.gson.GsonAutoConfiguration, org.springframework.boot.autoconfigure.jsonb.JsonbAutoConfiguration, org.springframework.boot.autoconfigure.freemarker.FreeMarkerAutoConfiguration, org.springframework.boot.autoconfigure.web.servlet.WebMvcAutoConfiguration, org.springframework.boot.autoconfigure.security.servlet.UserDetailsServiceAutoConfiguration, org.springframework.boot.autoconfigure.security.oauth2.resource.servlet.OAuth2ResourceServerAutoConfiguration, org.springframework.boot.autoconfigure.groovy.template.GroovyTemplateAutoConfiguration, org.springframework.boot.autoconfigure.mustache.MustacheAutoConfiguration]], org.springframework.boot.test.context.filter.ExcludeFilterContextCustomizer@30c8681, org.springframework.boot.test.json.DuplicateJsonObjectContextCustomizerFactory$DuplicateJsonObjectContextCustomizer@78aa1f72, org.springframework.boot.test.mock.mockito.MockitoContextCustomizer@0, org.springframework.boot.test.web.reactor.netty.DisableReactorResourceFactoryGlobalResourcesContextCustomizerFactory$DisableReactorResourceFactoryGlobalResourcesContextCustomizerCustomizer@b978d10, org.springframework.boot.test.autoconfigure.OnFailureConditionReportContextCustomizerFactory$OnFailureConditionReportContextCustomizer@2ce6c6ec, org.springframework.boot.test.autoconfigure.OverrideAutoConfigurationContextCustomizerFactory$DisableAutoConfigurationContextCustomizer@1672fe87, org.springframework.boot.test.autoconfigure.actuate.observability.ObservabilityContextCustomizerFactory$DisableObservabilityContextCustomizer@1f, org.springframework.boot.test.autoconfigure.filter.TypeExcludeFiltersContextCustomizer@f173eb20, org.springframework.boot.test.autoconfigure.properties.PropertyMappingContextCustomizer@2b4d742c, org.springframework.boot.test.autoconfigure.web.servlet.WebDriverContextCustomizer@51549490, org.springframework.test.context.bean.override.BeanOverrideContextCustomizer@d83fdd9, org.springframework.test.context.support.DynamicPropertiesContextCustomizer@0, org.springframework.boot.test.context.SpringBootTestAnnotation@456512df], resourceBasePath = "src/main/webapp", contextLoader = org.springframework.boot.test.context.SpringBootContextLoader, parent = null]
	at org.springframework.test.context.cache.DefaultCacheAwareContextLoaderDelegate.loadContext(DefaultCacheAwareContextLoaderDelegate.java:180)
	at org.springframework.test.context.support.DefaultTestContext.getApplicationContext(DefaultTestContext.java:130)
	at org.springframework.test.context.bean.override.BeanOverrideTestExecutionListener.injectFields(BeanOverrideTestExecutionListener.java:99)
	at org.springframework.test.context.bean.override.BeanOverrideTestExecutionListener.prepareTestInstance(BeanOverrideTestExecutionListener.java:70)
	at org.springframework.test.context.TestContextManager.prepareTestInstance(TestContextManager.java:260)
	at org.springframework.test.context.junit.jupiter.SpringExtension.postProcessTestInstance(SpringExtension.java:159)
	at org.junit.jupiter.engine.descriptor.ClassBasedTestDescriptor.lambda$invokeTestInstancePostProcessors$10(ClassBasedTestDescriptor.java:383)
	at org.junit.jupiter.engine.descriptor.ClassBasedTestDescriptor.executeAndMaskThrowable(ClassBasedTestDescriptor.java:388)
	at org.junit.jupiter.engine.descriptor.ClassBasedTestDescriptor.lambda$invokeTestInstancePostProcessors$11(ClassBasedTestDescriptor.java:382)
	at java.base/java.util.stream.ForEachOps$ForEachOp$OfRef.accept(ForEachOps.java:183)
	at java.base/java.util.stream.ReferencePipeline$3$1.accept(ReferencePipeline.java:197)
	at java.base/java.util.stream.ReferencePipeline$2$1.accept(ReferencePipeline.java:179)
	at java.base/java.util.stream.ReferencePipeline$3$1.accept(ReferencePipeline.java:197)
	at java.base/java.util.ArrayList$ArrayListSpliterator.forEachRemaining(ArrayList.java:1625)
	at java.base/java.util.stream.AbstractPipeline.copyInto(AbstractPipeline.java:509)
	at java.base/java.util.stream.AbstractPipeline.wrapAndCopyInto(AbstractPipeline.java:499)
	at java.base/java.util.stream.ForEachOps$ForEachOp.evaluateSequential(ForEachOps.java:150)
	at java.base/java.util.stream.ForEachOps$ForEachOp$OfRef.evaluateSequential(ForEachOps.java:173)
	at java.base/java.util.stream.AbstractPipeline.evaluate(AbstractPipeline.java:234)
	at java.base/java.util.stream.ReferencePipeline.forEach(ReferencePipeline.java:596)
	at org.junit.jupiter.engine.descriptor.ClassBasedTestDescriptor.invokeTestInstancePostProcessors(ClassBasedTestDescriptor.java:382)
	at org.junit.jupiter.engine.descriptor.ClassBasedTestDescriptor.lambda$instantiateAndPostProcessTestInstance$6(ClassBasedTestDescriptor.java:293)
	at org.junit.platform.engine.support.hierarchical.ThrowableCollector.execute(ThrowableCollector.java:73)
	at org.junit.jupiter.engine.descriptor.ClassBasedTestDescriptor.instantiateAndPostProcessTestInstance(ClassBasedTestDescriptor.java:292)
	at org.junit.jupiter.engine.descriptor.ClassBasedTestDescriptor.lambda$testInstancesProvider$4(ClassBasedTestDescriptor.java:281)
	at java.base/java.util.Optional.orElseGet(Optional.java:364)
	at org.junit.jupiter.engine.descriptor.ClassBasedTestDescriptor.lambda$testInstancesProvider$5(ClassBasedTestDescriptor.java:280)
	at org.junit.jupiter.engine.execution.TestInstancesProvider.getTestInstances(TestInstancesProvider.java:27)
	at org.junit.jupiter.engine.descriptor.TestMethodTestDescriptor.lambda$prepare$0(TestMethodTestDescriptor.java:112)
	at org.junit.platform.engine.support.hierarchical.ThrowableCollector.execute(ThrowableCollector.java:73)
	at org.junit.jupiter.engine.descriptor.TestMethodTestDescriptor.prepare(TestMethodTestDescriptor.java:111)
	at org.junit.jupiter.engine.descriptor.TestMethodTestDescriptor.prepare(TestMethodTestDescriptor.java:69)
	at org.junit.platform.engine.support.hierarchical.NodeTestTask.lambda$prepare$2(NodeTestTask.java:128)
	at org.junit.platform.engine.support.hierarchical.ThrowableCollector.execute(ThrowableCollector.java:73)
	at org.junit.platform.engine.support.hierarchical.NodeTestTask.prepare(NodeTestTask.java:128)
	at org.junit.platform.engine.support.hierarchical.NodeTestTask.execute(NodeTestTask.java:95)
	at java.base/java.util.ArrayList.forEach(ArrayList.java:1511)
	at org.junit.platform.engine.support.hierarchical.SameThreadHierarchicalTestExecutorService.invokeAll(SameThreadHierarchicalTestExecutorService.java:41)
	at org.junit.platform.engine.support.hierarchical.NodeTestTask.lambda$executeRecursively$6(NodeTestTask.java:160)
	at org.junit.platform.engine.support.hierarchical.ThrowableCollector.execute(ThrowableCollector.java:73)
	at org.junit.platform.engine.support.hierarchical.NodeTestTask.lambda$executeRecursively$8(NodeTestTask.java:146)
	at org.junit.platform.engine.support.hierarchical.Node.around(Node.java:137)
	at org.junit.platform.engine.support.hierarchical.NodeTestTask.lambda$executeRecursively$9(NodeTestTask.java:144)
	at org.junit.platform.engine.support.hierarchical.ThrowableCollector.execute(ThrowableCollector.java:73)
	at org.junit.platform.engine.support.hierarchical.NodeTestTask.executeRecursively(NodeTestTask.java:143)
	at org.junit.platform.engine.support.hierarchical.NodeTestTask.execute(NodeTestTask.java:100)
	at java.base/java.util.ArrayList.forEach(ArrayList.java:1511)
	at org.junit.platform.engine.support.hierarchical.SameThreadHierarchicalTestExecutorService.invokeAll(SameThreadHierarchicalTestExecutorService.java:41)
	at org.junit.platform.engine.support.hierarchical.NodeTestTask.lambda$executeRecursively$6(NodeTestTask.java:160)
	at org.junit.platform.engine.support.hierarchical.ThrowableCollector.execute(ThrowableCollector.java:73)
	at org.junit.platform.engine.support.hierarchical.NodeTestTask.lambda$executeRecursively$8(NodeTestTask.java:146)
	at org.junit.platform.engine.support.hierarchical.Node.around(Node.java:137)
	at org.junit.platform.engine.support.hierarchical.NodeTestTask.lambda$executeRecursively$9(NodeTestTask.java:144)
	at org.junit.platform.engine.support.hierarchical.ThrowableCollector.execute(ThrowableCollector.java:73)
	at org.junit.platform.engine.support.hierarchical.NodeTestTask.executeRecursively(NodeTestTask.java:143)
	at org.junit.platform.engine.support.hierarchical.NodeTestTask.execute(NodeTestTask.java:100)
	at org.junit.platform.engine.support.hierarchical.SameThreadHierarchicalTestExecutorService.submit(SameThreadHierarchicalTestExecutorService.java:35)
	at org.junit.platform.engine.support.hierarchical.HierarchicalTestExecutor.execute(HierarchicalTestExecutor.java:57)
	at org.junit.platform.engine.support.hierarchical.HierarchicalTestEngine.execute(HierarchicalTestEngine.java:54)
	at org.junit.platform.launcher.core.EngineExecutionOrchestrator.execute(EngineExecutionOrchestrator.java:201)
	at org.junit.platform.launcher.core.EngineExecutionOrchestrator.execute(EngineExecutionOrchestrator.java:170)
	at org.junit.platform.launcher.core.EngineExecutionOrchestrator.execute(EngineExecutionOrchestrator.java:94)
	at org.junit.platform.launcher.core.EngineExecutionOrchestrator.lambda$execute$0(EngineExecutionOrchestrator.java:59)
	at org.junit.platform.launcher.core.EngineExecutionOrchestrator.withInterceptedStreams(EngineExecutionOrchestrator.java:142)
	at org.junit.platform.launcher.core.EngineExecutionOrchestrator.execute(EngineExecutionOrchestrator.java:58)
	at org.junit.platform.launcher.core.DefaultLauncher.execute(DefaultLauncher.java:103)
	at org.junit.platform.launcher.core.DefaultLauncher.execute(DefaultLauncher.java:85)
	at org.junit.platform.launcher.core.DelegatingLauncher.execute(DelegatingLauncher.java:47)
	at org.junit.platform.launcher.core.InterceptingLauncher.lambda$execute$1(InterceptingLauncher.java:39)
	at org.junit.platform.launcher.core.ClasspathAlignmentCheckingLauncherInterceptor.intercept(ClasspathAlignmentCheckingLauncherInterceptor.java:25)
	at org.junit.platform.launcher.core.InterceptingLauncher.execute(InterceptingLauncher.java:38)
	at org.junit.platform.launcher.core.DelegatingLauncher.execute(DelegatingLauncher.java:47)
	at org.junit.platform.launcher.core.SessionPerRequestLauncher.execute(SessionPerRequestLauncher.java:63)
	at com.intellij.junit5.JUnit5IdeaTestRunner.startRunnerWithArgs(JUnit5IdeaTestRunner.java:66)
	at com.intellij.rt.junit.IdeaTestRunner$Repeater$1.execute(IdeaTestRunner.java:38)
	at com.intellij.rt.execution.junit.TestsRepeater.repeat(TestsRepeater.java:11)
	at com.intellij.rt.junit.IdeaTestRunner$Repeater.startRunnerWithArgs(IdeaTestRunner.java:35)
	at com.intellij.rt.junit.JUnitStarter.prepareStreamsAndStart(JUnitStarter.java:231)
	at com.intellij.rt.junit.JUnitStarter.main(JUnitStarter.java:55)
Caused by: org.springframework.beans.factory.UnsatisfiedDependencyException: Error creating bean with name 'jwtRequestFilter' defined in file [D:\Documents\micro_backend\UsersMicroservice\target\classes\com\users\UsersMicroservice\security\JwtRequestFilter.class]: Unsatisfied dependency expressed through constructor parameter 1: No qualifying bean of type 'com.users.UsersMicroservice.service.CustomUserDetails' available: expected at least 1 bean which qualifies as autowire candidate. Dependency annotations: {}
	at org.springframework.beans.factory.support.ConstructorResolver.createArgumentArray(ConstructorResolver.java:804)
	at org.springframework.beans.factory.support.ConstructorResolver.autowireConstructor(ConstructorResolver.java:240)
	at org.springframework.beans.factory.support.AbstractAutowireCapableBeanFactory.autowireConstructor(AbstractAutowireCapableBeanFactory.java:1395)
	at org.springframework.beans.factory.support.AbstractAutowireCapableBeanFactory.createBeanInstance(AbstractAutowireCapableBeanFactory.java:1232)
	at org.springframework.beans.factory.support.AbstractAutowireCapableBeanFactory.doCreateBean(AbstractAutowireCapableBeanFactory.java:569)
	at org.springframework.beans.factory.support.AbstractAutowireCapableBeanFactory.createBean(AbstractAutowireCapableBeanFactory.java:529)
	at org.springframework.beans.factory.support.AbstractBeanFactory.lambda$doGetBean$0(AbstractBeanFactory.java:339)
	at org.springframework.beans.factory.support.DefaultSingletonBeanRegistry.getSingleton(DefaultSingletonBeanRegistry.java:373)
	at org.springframework.beans.factory.support.AbstractBeanFactory.doGetBean(AbstractBeanFactory.java:337)
	at org.springframework.beans.factory.support.AbstractBeanFactory.getBean(AbstractBeanFactory.java:202)
	at org.springframework.beans.factory.support.DefaultListableBeanFactory.instantiateSingleton(DefaultListableBeanFactory.java:1222)
	at org.springframework.beans.factory.support.DefaultListableBeanFactory.preInstantiateSingleton(DefaultListableBeanFactory.java:1188)
	at org.springframework.beans.factory.support.DefaultListableBeanFactory.preInstantiateSingletons(DefaultListableBeanFactory.java:1123)
	at org.springframework.context.support.AbstractApplicationContext.finishBeanFactoryInitialization(AbstractApplicationContext.java:987)
	at org.springframework.context.support.AbstractApplicationContext.refresh(AbstractApplicationContext.java:627)
	at org.springframework.boot.SpringApplication.refresh(SpringApplication.java:752)
	at org.springframework.boot.SpringApplication.refreshContext(SpringApplication.java:439)
	at org.springframework.boot.SpringApplication.run(SpringApplication.java:318)
	at org.springframework.boot.test.context.SpringBootContextLoader.lambda$loadContext$3(SpringBootContextLoader.java:144)
	at org.springframework.util.function.ThrowingSupplier.get(ThrowingSupplier.java:58)
	at org.springframework.util.function.ThrowingSupplier.get(ThrowingSupplier.java:46)
	at org.springframework.boot.SpringApplication.withHook(SpringApplication.java:1461)
	at org.springframework.boot.test.context.SpringBootContextLoader$ContextLoaderHook.run(SpringBootContextLoader.java:563)
	at org.springframework.boot.test.context.SpringBootContextLoader.loadContext(SpringBootContextLoader.java:144)
	at org.springframework.boot.test.context.SpringBootContextLoader.loadContext(SpringBootContextLoader.java:110)
	at org.springframework.test.context.cache.DefaultCacheAwareContextLoaderDelegate.loadContextInternal(DefaultCacheAwareContextLoaderDelegate.java:225)
	at org.springframework.test.context.cache.DefaultCacheAwareContextLoaderDelegate.loadContext(DefaultCacheAwareContextLoaderDelegate.java:152)
	... 78 common frames omitted
Caused by: org.springframework.beans.factory.NoSuchBeanDefinitionException: No qualifying bean of type 'com.users.UsersMicroservice.service.CustomUserDetails' available: expected at least 1 bean which qualifies as autowire candidate. Dependency annotations: {}
	at org.springframework.beans.factory.support.DefaultListableBeanFactory.raiseNoMatchingBeanFound(DefaultListableBeanFactory.java:2291)
	at org.springframework.beans.factory.support.DefaultListableBeanFactory.doResolveDependency(DefaultListableBeanFactory.java:1715)
	at org.springframework.beans.factory.support.DefaultListableBeanFactory.resolveDependency(DefaultListableBeanFactory.java:1635)
	at org.springframework.beans.factory.support.ConstructorResolver.resolveAutowiredArgument(ConstructorResolver.java:913)
	at org.springframework.beans.factory.support.ConstructorResolver.createArgumentArray(ConstructorResolver.java:791)
	... 104 common frames omitted
2025-11-18 12:02:31 [restartedMain] INFO  c.u.U.UsersMicroserviceApplication [] - Starting UsersMicroserviceApplication using Java 17.0.1 with PID 22056 (D:\Documents\micro_backend\UsersMicroservice\target\classes started by rober in D:\Documents\micro_backend\UsersMicroservice)
2025-11-18 12:02:31 [restartedMain] DEBUG c.u.U.UsersMicroserviceApplication [] - Running with Spring Boot v3.5.5, Spring v6.2.10
2025-11-18 12:02:31 [restartedMain] INFO  c.u.U.UsersMicroserviceApplication [] - The following 1 profile is active: "local"
2025-11-18 12:02:31 [restartedMain] INFO  o.s.b.d.e.DevToolsPropertyDefaultsPostProcessor [] - Devtools property defaults active! Set 'spring.devtools.add-properties' to 'false' to disable
2025-11-18 12:02:31 [restartedMain] INFO  o.s.b.d.e.DevToolsPropertyDefaultsPostProcessor [] - For additional web related logging consider setting the 'logging.level.web' property to 'DEBUG'
2025-11-18 12:02:32 [restartedMain] INFO  o.s.d.r.c.RepositoryConfigurationDelegate [] - Multiple Spring Data modules found, entering strict repository configuration mode
2025-11-18 12:02:32 [restartedMain] INFO  o.s.d.r.c.RepositoryConfigurationDelegate [] - Bootstrapping Spring Data JDBC repositories in DEFAULT mode.
2025-11-18 12:02:32 [restartedMain] INFO  o.s.d.r.c.RepositoryConfigurationExtensionSupport [] - Spring Data JDBC - Could not safely identify store assignment for repository candidate interface com.users.UsersMicroservice.repositories.BookListRepository; If you want this repository to be a JDBC repository, consider annotating your entities with one of these annotations: org.springframework.data.relational.core.mapping.Table.
2025-11-18 12:02:32 [restartedMain] INFO  o.s.d.r.c.RepositoryConfigurationExtensionSupport [] - Spring Data JDBC - Could not safely identify store assignment for repository candidate interface com.users.UsersMicroservice.repositories.UserEntityRepository; If you want this repository to be a JDBC repository, consider annotating your entities with one of these annotations: org.springframework.data.relational.core.mapping.Table.
2025-11-18 12:02:32 [restartedMain] INFO  o.s.d.r.c.RepositoryConfigurationExtensionSupport [] - Spring Data JDBC - Could not safely identify store assignment for repository candidate interface com.users.UsersMicroservice.repositories.UserListRepository; If you want this repository to be a JDBC repository, consider annotating your entities with one of these annotations: org.springframework.data.relational.core.mapping.Table.
2025-11-18 12:02:32 [restartedMain] INFO  o.s.d.r.c.RepositoryConfigurationDelegate [] - Finished Spring Data repository scanning in 49 ms. Found 0 JDBC repository interfaces.
2025-11-18 12:02:32 [restartedMain] INFO  o.s.d.r.c.RepositoryConfigurationDelegate [] - Multiple Spring Data modules found, entering strict repository configuration mode
2025-11-18 12:02:32 [restartedMain] INFO  o.s.d.r.c.RepositoryConfigurationDelegate [] - Bootstrapping Spring Data JPA repositories in DEFAULT mode.
2025-11-18 12:02:32 [restartedMain] INFO  o.s.d.r.c.RepositoryConfigurationDelegate [] - Finished Spring Data repository scanning in 32 ms. Found 3 JPA repository interfaces.
2025-11-18 12:02:33 [restartedMain] WARN  o.s.c.s.PostProcessorRegistrationDelegate$BeanPostProcessorChecker [] - Bean 'net.bull.javamelody.JavaMelodyAutoConfiguration' of type [net.bull.javamelody.JavaMelodyAutoConfiguration$$SpringCGLIB$$0] is not eligible for getting processed by all BeanPostProcessors (for example: not eligible for auto-proxying). The currently created BeanPostProcessor [monitoringDataSourceBeanPostProcessor] is declared through a non-static factory method on that class; consider declaring it as static instead.
2025-11-18 12:02:33 [restartedMain] WARN  o.s.c.s.PostProcessorRegistrationDelegate$BeanPostProcessorChecker [] - Bean 'monitoringSpringAdvisor' of type [net.bull.javamelody.MonitoringSpringAdvisor] is not eligible for getting processed by all BeanPostProcessors (for example: not eligible for auto-proxying). Is this bean getting eagerly injected/applied to a currently created BeanPostProcessor [projectingArgumentResolverBeanPostProcessor]? Check the corresponding BeanPostProcessor declaration and its dependencies/advisors. If this bean does not have to be post-processed, declare it with ROLE_INFRASTRUCTURE.
2025-11-18 12:02:33 [restartedMain] WARN  o.s.c.s.PostProcessorRegistrationDelegate$BeanPostProcessorChecker [] - Bean 'monitoringSpringServiceAdvisor' of type [net.bull.javamelody.MonitoringSpringAdvisor] is not eligible for getting processed by all BeanPostProcessors (for example: not eligible for auto-proxying). Is this bean getting eagerly injected/applied to a currently created BeanPostProcessor [projectingArgumentResolverBeanPostProcessor]? Check the corresponding BeanPostProcessor declaration and its dependencies/advisors. If this bean does not have to be post-processed, declare it with ROLE_INFRASTRUCTURE.
2025-11-18 12:02:33 [restartedMain] WARN  o.s.c.s.PostProcessorRegistrationDelegate$BeanPostProcessorChecker [] - Bean 'monitoringSpringControllerAdvisor' of type [net.bull.javamelody.MonitoringSpringAdvisor] is not eligible for getting processed by all BeanPostProcessors (for example: not eligible for auto-proxying). Is this bean getting eagerly injected/applied to a currently created BeanPostProcessor [projectingArgumentResolverBeanPostProcessor]? Check the corresponding BeanPostProcessor declaration and its dependencies/advisors. If this bean does not have to be post-processed, declare it with ROLE_INFRASTRUCTURE.
2025-11-18 12:02:33 [restartedMain] WARN  o.s.c.s.PostProcessorRegistrationDelegate$BeanPostProcessorChecker [] - Bean 'monitoringSpringRestControllerAdvisor' of type [net.bull.javamelody.MonitoringSpringAdvisor] is not eligible for getting processed by all BeanPostProcessors (for example: not eligible for auto-proxying). Is this bean getting eagerly injected/applied to a currently created BeanPostProcessor [projectingArgumentResolverBeanPostProcessor]? Check the corresponding BeanPostProcessor declaration and its dependencies/advisors. If this bean does not have to be post-processed, declare it with ROLE_INFRASTRUCTURE.
2025-11-18 12:02:33 [restartedMain] WARN  o.s.c.s.PostProcessorRegistrationDelegate$BeanPostProcessorChecker [] - Bean 'monitoringSpringAsyncAdvisor' of type [net.bull.javamelody.MonitoringSpringAdvisor] is not eligible for getting processed by all BeanPostProcessors (for example: not eligible for auto-proxying). Is this bean getting eagerly injected/applied to a currently created BeanPostProcessor [projectingArgumentResolverBeanPostProcessor]? Check the corresponding BeanPostProcessor declaration and its dependencies/advisors. If this bean does not have to be post-processed, declare it with ROLE_INFRASTRUCTURE.
2025-11-18 12:02:33 [restartedMain] WARN  o.s.c.s.PostProcessorRegistrationDelegate$BeanPostProcessorChecker [] - Bean 'monitoringSpringScheduledAdvisor' of type [net.bull.javamelody.MonitoringSpringAdvisor] is not eligible for getting processed by all BeanPostProcessors (for example: not eligible for auto-proxying). Is this bean getting eagerly injected/applied to a currently created BeanPostProcessor [projectingArgumentResolverBeanPostProcessor]? Check the corresponding BeanPostProcessor declaration and its dependencies/advisors. If this bean does not have to be post-processed, declare it with ROLE_INFRASTRUCTURE.
2025-11-18 12:02:33 [restartedMain] INFO  o.s.b.w.e.tomcat.TomcatWebServer [] - Tomcat initialized with port 9001 (http)
2025-11-18 12:02:33 [restartedMain] INFO  o.a.coyote.http11.Http11NioProtocol [] - Initializing ProtocolHandler ["http-nio-9001"]
2025-11-18 12:02:33 [restartedMain] INFO  o.a.catalina.core.StandardService [] - Starting service [Tomcat]
2025-11-18 12:02:33 [restartedMain] INFO  o.a.catalina.core.StandardEngine [] - Starting Servlet engine: [Apache Tomcat/10.1.44]
2025-11-18 12:02:33 [restartedMain] INFO  o.a.c.c.C.[Tomcat].[localhost].[/] [] - Initializing Spring embedded WebApplicationContext
2025-11-18 12:02:33 [restartedMain] INFO  o.s.b.w.s.c.ServletWebServerApplicationContext [] - Root WebApplicationContext: initialization completed in 2517 ms
2025-11-18 12:02:33 [restartedMain] ERROR o.s.b.w.e.tomcat.TomcatStarter [] - Error starting Tomcat context. Exception: org.springframework.beans.factory.UnsatisfiedDependencyException. Message: Error creating bean with name 'apiFilter': Unsatisfied dependency expressed through field 'jwtUtil': Error creating bean with name 'JWTUtil': Injection of autowired dependencies failed
2025-11-18 12:02:33 [restartedMain] INFO  o.a.catalina.core.StandardService [] - Stopping service [Tomcat]
2025-11-18 12:02:33 [restartedMain] WARN  o.s.b.w.s.c.AnnotationConfigServletWebServerApplicationContext [] - Exception encountered during context initialization - cancelling refresh attempt: org.springframework.context.ApplicationContextException: Unable to start web server
2025-11-18 12:02:33 [restartedMain] INFO  o.s.b.a.l.ConditionEvaluationReportLogger [] - 

Error starting ApplicationContext. To display the condition evaluation report re-run your application with 'debug' enabled.
2025-11-18 12:02:34 [restartedMain] ERROR o.s.boot.SpringApplication [] - Application run failed
org.springframework.context.ApplicationContextException: Unable to start web server
	at org.springframework.boot.web.servlet.context.ServletWebServerApplicationContext.onRefresh(ServletWebServerApplicationContext.java:170)
	at org.springframework.context.support.AbstractApplicationContext.refresh(AbstractApplicationContext.java:621)
	at org.springframework.boot.web.servlet.context.ServletWebServerApplicationContext.refresh(ServletWebServerApplicationContext.java:146)
	at org.springframework.boot.SpringApplication.refresh(SpringApplication.java:752)
	at org.springframework.boot.SpringApplication.refreshContext(SpringApplication.java:439)
	at org.springframework.boot.SpringApplication.run(SpringApplication.java:318)
	at org.springframework.boot.SpringApplication.run(SpringApplication.java:1361)
	at org.springframework.boot.SpringApplication.run(SpringApplication.java:1350)
	at com.users.UsersMicroservice.UsersMicroserviceApplication.main(UsersMicroserviceApplication.java:10)
	at java.base/jdk.internal.reflect.NativeMethodAccessorImpl.invoke0(Native Method)
	at java.base/jdk.internal.reflect.NativeMethodAccessorImpl.invoke(NativeMethodAccessorImpl.java:77)
	at java.base/jdk.internal.reflect.DelegatingMethodAccessorImpl.invoke(DelegatingMethodAccessorImpl.java:43)
	at java.base/java.lang.reflect.Method.invoke(Method.java:568)
	at org.springframework.boot.devtools.restart.RestartLauncher.run(RestartLauncher.java:50)
Caused by: org.springframework.boot.web.server.WebServerException: Unable to start embedded Tomcat
	at org.springframework.boot.web.embedded.tomcat.TomcatWebServer.initialize(TomcatWebServer.java:147)
	at org.springframework.boot.web.embedded.tomcat.TomcatWebServer.<init>(TomcatWebServer.java:107)
	at org.springframework.boot.web.embedded.tomcat.TomcatServletWebServerFactory.getTomcatWebServer(TomcatServletWebServerFactory.java:517)
	at org.springframework.boot.web.embedded.tomcat.TomcatServletWebServerFactory.getWebServer(TomcatServletWebServerFactory.java:219)
	at org.springframework.boot.web.servlet.context.ServletWebServerApplicationContext.createWebServer(ServletWebServerApplicationContext.java:193)
	at org.springframework.boot.web.servlet.context.ServletWebServerApplicationContext.onRefresh(ServletWebServerApplicationContext.java:167)
	... 13 common frames omitted
Caused by: org.springframework.beans.factory.UnsatisfiedDependencyException: Error creating bean with name 'apiFilter': Unsatisfied dependency expressed through field 'jwtUtil': Error creating bean with name 'JWTUtil': Injection of autowired dependencies failed
	at org.springframework.beans.factory.annotation.AutowiredAnnotationBeanPostProcessor$AutowiredFieldElement.resolveFieldValue(AutowiredAnnotationBeanPostProcessor.java:788)
	at org.springframework.beans.factory.annotation.AutowiredAnnotationBeanPostProcessor$AutowiredFieldElement.inject(AutowiredAnnotationBeanPostProcessor.java:768)
	at org.springframework.beans.factory.annotation.InjectionMetadata.inject(InjectionMetadata.java:146)
	at org.springframework.beans.factory.annotation.AutowiredAnnotationBeanPostProcessor.postProcessProperties(AutowiredAnnotationBeanPostProcessor.java:509)
	at org.springframework.beans.factory.support.AbstractAutowireCapableBeanFactory.populateBean(AbstractAutowireCapableBeanFactory.java:1459)
	at org.springframework.beans.factory.support.AbstractAutowireCapableBeanFactory.doCreateBean(AbstractAutowireCapableBeanFactory.java:606)
	at org.springframework.beans.factory.support.AbstractAutowireCapableBeanFactory.createBean(AbstractAutowireCapableBeanFactory.java:529)
	at org.springframework.beans.factory.support.AbstractBeanFactory.lambda$doGetBean$0(AbstractBeanFactory.java:339)
	at org.springframework.beans.factory.support.DefaultSingletonBeanRegistry.getSingleton(DefaultSingletonBeanRegistry.java:373)
	at org.springframework.beans.factory.support.AbstractBeanFactory.doGetBean(AbstractBeanFactory.java:337)
	at org.springframework.beans.factory.support.AbstractBeanFactory.getBean(AbstractBeanFactory.java:207)
	at org.springframework.boot.web.servlet.ServletContextInitializerBeans.getOrderedBeansOfType(ServletContextInitializerBeans.java:230)
	at org.springframework.boot.web.servlet.ServletContextInitializerBeans.addAsRegistrationBean(ServletContextInitializerBeans.java:184)
	at org.springframework.boot.web.servlet.ServletContextInitializerBeans.addAsRegistrationBean(ServletContextInitializerBeans.java:179)
	at org.springframework.boot.web.servlet.ServletContextInitializerBeans.addAdaptableBeans(ServletContextInitializerBeans.java:164)
	at org.springframework.boot.web.servlet.ServletContextInitializerBeans.<init>(ServletContextInitializerBeans.java:96)
	at org.springframework.boot.web.servlet.context.ServletWebServerApplicationContext.getServletContextInitializerBeans(ServletWebServerApplicationContext.java:271)
	at org.springframework.boot.web.servlet.context.ServletWebServerApplicationContext.selfInitialize(ServletWebServerApplicationContext.java:245)
	at org.springframework.boot.web.embedded.tomcat.TomcatStarter.onStartup(TomcatStarter.java:52)
	at org.apache.catalina.core.StandardContext.startInternal(StandardContext.java:4464)
	at org.apache.catalina.util.LifecycleBase.start(LifecycleBase.java:164)
	at org.apache.catalina.core.ContainerBase$StartChild.call(ContainerBase.java:1203)
	at org.apache.catalina.core.ContainerBase$StartChild.call(ContainerBase.java:1193)
	at java.base/java.util.concurrent.FutureTask.run(FutureTask.java:264)
	at org.apache.tomcat.util.threads.InlineExecutorService.execute(InlineExecutorService.java:75)
	at java.base/java.util.concurrent.AbstractExecutorService.submit(AbstractExecutorService.java:145)
	at org.apache.catalina.core.ContainerBase.startInternal(ContainerBase.java:749)
	at org.apache.catalina.core.StandardHost.startInternal(StandardHost.java:772)
	at org.apache.catalina.util.LifecycleBase.start(LifecycleBase.java:164)
	at org.apache.catalina.core.ContainerBase$StartChild.call(ContainerBase.java:1203)
	at org.apache.catalina.core.ContainerBase$StartChild.call(ContainerBase.java:1193)
	at java.base/java.util.concurrent.FutureTask.run(FutureTask.java:264)
	at org.apache.tomcat.util.threads.InlineExecutorService.execute(InlineExecutorService.java:75)
	at java.base/java.util.concurrent.AbstractExecutorService.submit(AbstractExecutorService.java:145)
	at org.apache.catalina.core.ContainerBase.startInternal(ContainerBase.java:749)
	at org.apache.catalina.core.StandardEngine.startInternal(StandardEngine.java:203)
	at org.apache.catalina.util.LifecycleBase.start(LifecycleBase.java:164)
	at org.apache.catalina.core.StandardService.startInternal(StandardService.java:412)
	at org.apache.catalina.util.LifecycleBase.start(LifecycleBase.java:164)
	at org.apache.catalina.core.StandardServer.startInternal(StandardServer.java:870)
	at org.apache.catalina.util.LifecycleBase.start(LifecycleBase.java:164)
	at org.apache.catalina.startup.Tomcat.start(Tomcat.java:438)
	at org.springframework.boot.web.embedded.tomcat.TomcatWebServer.initialize(TomcatWebServer.java:128)
	... 18 common frames omitted
Caused by: org.springframework.beans.factory.BeanCreationException: Error creating bean with name 'JWTUtil': Injection of autowired dependencies failed
	at org.springframework.beans.factory.annotation.AutowiredAnnotationBeanPostProcessor.postProcessProperties(AutowiredAnnotationBeanPostProcessor.java:515)
	at org.springframework.beans.factory.support.AbstractAutowireCapableBeanFactory.populateBean(AbstractAutowireCapableBeanFactory.java:1459)
	at org.springframework.beans.factory.support.AbstractAutowireCapableBeanFactory.doCreateBean(AbstractAutowireCapableBeanFactory.java:606)
	at org.springframework.beans.factory.support.AbstractAutowireCapableBeanFactory.createBean(AbstractAutowireCapableBeanFactory.java:529)
	at org.springframework.beans.factory.support.AbstractBeanFactory.lambda$doGetBean$0(AbstractBeanFactory.java:339)
	at org.springframework.beans.factory.support.DefaultSingletonBeanRegistry.getSingleton(DefaultSingletonBeanRegistry.java:373)
	at org.springframework.beans.factory.support.AbstractBeanFactory.doGetBean(AbstractBeanFactory.java:337)
	at org.springframework.beans.factory.support.AbstractBeanFactory.getBean(AbstractBeanFactory.java:202)
	at org.springframework.beans.factory.config.DependencyDescriptor.resolveCandidate(DependencyDescriptor.java:254)
	at org.springframework.beans.factory.support.DefaultListableBeanFactory.doResolveDependency(DefaultListableBeanFactory.java:1752)
	at org.springframework.beans.factory.support.DefaultListableBeanFactory.resolveDependency(DefaultListableBeanFactory.java:1635)
	at org.springframework.beans.factory.annotation.AutowiredAnnotationBeanPostProcessor$AutowiredFieldElement.resolveFieldValue(AutowiredAnnotationBeanPostProcessor.java:785)
	... 60 common frames omitted
Caused by: org.springframework.util.PlaceholderResolutionException: Could not resolve placeholder 'APP_SECURITY_BLOT_APIKEY_SECRET' in value "${APP_SECURITY_BLOT_APIKEY_SECRET}" <-- "${app.security.blot.apikey}"
	at org.springframework.util.PlaceholderResolutionException.withValue(PlaceholderResolutionException.java:81)
	at org.springframework.util.PlaceholderParser$ParsedValue.resolve(PlaceholderParser.java:423)
	at org.springframework.util.PlaceholderParser.replacePlaceholders(PlaceholderParser.java:128)
	at org.springframework.util.PropertyPlaceholderHelper.parseStringValue(PropertyPlaceholderHelper.java:118)
	at org.springframework.util.PropertyPlaceholderHelper.replacePlaceholders(PropertyPlaceholderHelper.java:114)
	at org.springframework.core.env.AbstractPropertyResolver.doResolvePlaceholders(AbstractPropertyResolver.java:293)
	at org.springframework.core.env.AbstractPropertyResolver.resolveRequiredPlaceholders(AbstractPropertyResolver.java:264)
	at org.springframework.context.support.PropertySourcesPlaceholderConfigurer.lambda$processProperties$0(PropertySourcesPlaceholderConfigurer.java:186)
	at org.springframework.beans.factory.support.AbstractBeanFactory.resolveEmbeddedValue(AbstractBeanFactory.java:971)
	at org.springframework.beans.factory.support.DefaultListableBeanFactory.doResolveDependency(DefaultListableBeanFactory.java:1657)
	at org.springframework.beans.factory.support.DefaultListableBeanFactory.resolveDependency(DefaultListableBeanFactory.java:1635)
	at org.springframework.beans.factory.annotation.AutowiredAnnotationBeanPostProcessor$AutowiredFieldElement.resolveFieldValue(AutowiredAnnotationBeanPostProcessor.java:785)
	at org.springframework.beans.factory.annotation.AutowiredAnnotationBeanPostProcessor$AutowiredFieldElement.inject(AutowiredAnnotationBeanPostProcessor.java:768)
	at org.springframework.beans.factory.annotation.InjectionMetadata.inject(InjectionMetadata.java:146)
	at org.springframework.beans.factory.annotation.AutowiredAnnotationBeanPostProcessor.postProcessProperties(AutowiredAnnotationBeanPostProcessor.java:509)
	... 71 common frames omitted
2025-11-18 12:03:22 [restartedMain] INFO  c.u.U.UsersMicroserviceApplication [] - Starting UsersMicroserviceApplication using Java 17.0.1 with PID 19980 (D:\Documents\micro_backend\UsersMicroservice\target\classes started by rober in D:\Documents\micro_backend\UsersMicroservice)
2025-11-18 12:03:22 [restartedMain] DEBUG c.u.U.UsersMicroserviceApplication [] - Running with Spring Boot v3.5.5, Spring v6.2.10
2025-11-18 12:03:22 [restartedMain] INFO  c.u.U.UsersMicroserviceApplication [] - The following 1 profile is active: "local"
2025-11-18 12:03:22 [restartedMain] INFO  o.s.b.d.e.DevToolsPropertyDefaultsPostProcessor [] - Devtools property defaults active! Set 'spring.devtools.add-properties' to 'false' to disable
2025-11-18 12:03:22 [restartedMain] INFO  o.s.b.d.e.DevToolsPropertyDefaultsPostProcessor [] - For additional web related logging consider setting the 'logging.level.web' property to 'DEBUG'
2025-11-18 12:03:24 [restartedMain] INFO  o.s.d.r.c.RepositoryConfigurationDelegate [] - Multiple Spring Data modules found, entering strict repository configuration mode
2025-11-18 12:03:24 [restartedMain] INFO  o.s.d.r.c.RepositoryConfigurationDelegate [] - Bootstrapping Spring Data JDBC repositories in DEFAULT mode.
2025-11-18 12:03:24 [restartedMain] INFO  o.s.d.r.c.RepositoryConfigurationExtensionSupport [] - Spring Data JDBC - Could not safely identify store assignment for repository candidate interface com.users.UsersMicroservice.repositories.BookListRepository; If you want this repository to be a JDBC repository, consider annotating your entities with one of these annotations: org.springframework.data.relational.core.mapping.Table.
2025-11-18 12:03:24 [restartedMain] INFO  o.s.d.r.c.RepositoryConfigurationExtensionSupport [] - Spring Data JDBC - Could not safely identify store assignment for repository candidate interface com.users.UsersMicroservice.repositories.UserEntityRepository; If you want this repository to be a JDBC repository, consider annotating your entities with one of these annotations: org.springframework.data.relational.core.mapping.Table.
2025-11-18 12:03:24 [restartedMain] INFO  o.s.d.r.c.RepositoryConfigurationExtensionSupport [] - Spring Data JDBC - Could not safely identify store assignment for repository candidate interface com.users.UsersMicroservice.repositories.UserListRepository; If you want this repository to be a JDBC repository, consider annotating your entities with one of these annotations: org.springframework.data.relational.core.mapping.Table.
2025-11-18 12:03:24 [restartedMain] INFO  o.s.d.r.c.RepositoryConfigurationDelegate [] - Finished Spring Data repository scanning in 53 ms. Found 0 JDBC repository interfaces.
2025-11-18 12:03:24 [restartedMain] INFO  o.s.d.r.c.RepositoryConfigurationDelegate [] - Multiple Spring Data modules found, entering strict repository configuration mode
2025-11-18 12:03:24 [restartedMain] INFO  o.s.d.r.c.RepositoryConfigurationDelegate [] - Bootstrapping Spring Data JPA repositories in DEFAULT mode.
2025-11-18 12:03:24 [restartedMain] INFO  o.s.d.r.c.RepositoryConfigurationDelegate [] - Finished Spring Data repository scanning in 36 ms. Found 3 JPA repository interfaces.
2025-11-18 12:03:24 [restartedMain] WARN  o.s.c.s.PostProcessorRegistrationDelegate$BeanPostProcessorChecker [] - Bean 'net.bull.javamelody.JavaMelodyAutoConfiguration' of type [net.bull.javamelody.JavaMelodyAutoConfiguration$$SpringCGLIB$$0] is not eligible for getting processed by all BeanPostProcessors (for example: not eligible for auto-proxying). The currently created BeanPostProcessor [monitoringDataSourceBeanPostProcessor] is declared through a non-static factory method on that class; consider declaring it as static instead.
2025-11-18 12:03:24 [restartedMain] WARN  o.s.c.s.PostProcessorRegistrationDelegate$BeanPostProcessorChecker [] - Bean 'monitoringSpringAdvisor' of type [net.bull.javamelody.MonitoringSpringAdvisor] is not eligible for getting processed by all BeanPostProcessors (for example: not eligible for auto-proxying). Is this bean getting eagerly injected/applied to a currently created BeanPostProcessor [projectingArgumentResolverBeanPostProcessor]? Check the corresponding BeanPostProcessor declaration and its dependencies/advisors. If this bean does not have to be post-processed, declare it with ROLE_INFRASTRUCTURE.
2025-11-18 12:03:24 [restartedMain] WARN  o.s.c.s.PostProcessorRegistrationDelegate$BeanPostProcessorChecker [] - Bean 'monitoringSpringServiceAdvisor' of type [net.bull.javamelody.MonitoringSpringAdvisor] is not eligible for getting processed by all BeanPostProcessors (for example: not eligible for auto-proxying). Is this bean getting eagerly injected/applied to a currently created BeanPostProcessor [projectingArgumentResolverBeanPostProcessor]? Check the corresponding BeanPostProcessor declaration and its dependencies/advisors. If this bean does not have to be post-processed, declare it with ROLE_INFRASTRUCTURE.
2025-11-18 12:03:24 [restartedMain] WARN  o.s.c.s.PostProcessorRegistrationDelegate$BeanPostProcessorChecker [] - Bean 'monitoringSpringControllerAdvisor' of type [net.bull.javamelody.MonitoringSpringAdvisor] is not eligible for getting processed by all BeanPostProcessors (for example: not eligible for auto-proxying). Is this bean getting eagerly injected/applied to a currently created BeanPostProcessor [projectingArgumentResolverBeanPostProcessor]? Check the corresponding BeanPostProcessor declaration and its dependencies/advisors. If this bean does not have to be post-processed, declare it with ROLE_INFRASTRUCTURE.
2025-11-18 12:03:24 [restartedMain] WARN  o.s.c.s.PostProcessorRegistrationDelegate$BeanPostProcessorChecker [] - Bean 'monitoringSpringRestControllerAdvisor' of type [net.bull.javamelody.MonitoringSpringAdvisor] is not eligible for getting processed by all BeanPostProcessors (for example: not eligible for auto-proxying). Is this bean getting eagerly injected/applied to a currently created BeanPostProcessor [projectingArgumentResolverBeanPostProcessor]? Check the corresponding BeanPostProcessor declaration and its dependencies/advisors. If this bean does not have to be post-processed, declare it with ROLE_INFRASTRUCTURE.
2025-11-18 12:03:24 [restartedMain] WARN  o.s.c.s.PostProcessorRegistrationDelegate$BeanPostProcessorChecker [] - Bean 'monitoringSpringAsyncAdvisor' of type [net.bull.javamelody.MonitoringSpringAdvisor] is not eligible for getting processed by all BeanPostProcessors (for example: not eligible for auto-proxying). Is this bean getting eagerly injected/applied to a currently created BeanPostProcessor [projectingArgumentResolverBeanPostProcessor]? Check the corresponding BeanPostProcessor declaration and its dependencies/advisors. If this bean does not have to be post-processed, declare it with ROLE_INFRASTRUCTURE.
2025-11-18 12:03:24 [restartedMain] WARN  o.s.c.s.PostProcessorRegistrationDelegate$BeanPostProcessorChecker [] - Bean 'monitoringSpringScheduledAdvisor' of type [net.bull.javamelody.MonitoringSpringAdvisor] is not eligible for getting processed by all BeanPostProcessors (for example: not eligible for auto-proxying). Is this bean getting eagerly injected/applied to a currently created BeanPostProcessor [projectingArgumentResolverBeanPostProcessor]? Check the corresponding BeanPostProcessor declaration and its dependencies/advisors. If this bean does not have to be post-processed, declare it with ROLE_INFRASTRUCTURE.
2025-11-18 12:03:25 [restartedMain] INFO  o.s.b.w.e.tomcat.TomcatWebServer [] - Tomcat initialized with port 9001 (http)
2025-11-18 12:03:25 [restartedMain] INFO  o.a.coyote.http11.Http11NioProtocol [] - Initializing ProtocolHandler ["http-nio-9001"]
2025-11-18 12:03:25 [restartedMain] INFO  o.a.catalina.core.StandardService [] - Starting service [Tomcat]
2025-11-18 12:03:25 [restartedMain] INFO  o.a.catalina.core.StandardEngine [] - Starting Servlet engine: [Apache Tomcat/10.1.44]
2025-11-18 12:03:25 [restartedMain] INFO  o.a.c.c.C.[Tomcat].[localhost].[/] [] - Initializing Spring embedded WebApplicationContext
2025-11-18 12:03:25 [restartedMain] INFO  o.s.b.w.s.c.ServletWebServerApplicationContext [] - Root WebApplicationContext: initialization completed in 2767 ms
2025-11-18 12:03:25 [restartedMain] ERROR o.s.b.w.e.tomcat.TomcatStarter [] - Error starting Tomcat context. Exception: org.springframework.beans.factory.UnsatisfiedDependencyException. Message: Error creating bean with name 'apiFilter': Unsatisfied dependency expressed through field 'jwtUtil': Error creating bean with name 'JWTUtil': Injection of autowired dependencies failed
2025-11-18 12:03:25 [restartedMain] INFO  o.a.catalina.core.StandardService [] - Stopping service [Tomcat]
2025-11-18 12:03:25 [restartedMain] WARN  o.s.b.w.s.c.AnnotationConfigServletWebServerApplicationContext [] - Exception encountered during context initialization - cancelling refresh attempt: org.springframework.context.ApplicationContextException: Unable to start web server
2025-11-18 12:03:25 [restartedMain] INFO  o.s.b.a.l.ConditionEvaluationReportLogger [] - 

Error starting ApplicationContext. To display the condition evaluation report re-run your application with 'debug' enabled.
2025-11-18 12:03:25 [restartedMain] ERROR o.s.boot.SpringApplication [] - Application run failed
org.springframework.context.ApplicationContextException: Unable to start web server
	at org.springframework.boot.web.servlet.context.ServletWebServerApplicationContext.onRefresh(ServletWebServerApplicationContext.java:170)
	at org.springframework.context.support.AbstractApplicationContext.refresh(AbstractApplicationContext.java:621)
	at org.springframework.boot.web.servlet.context.ServletWebServerApplicationContext.refresh(ServletWebServerApplicationContext.java:146)
	at org.springframework.boot.SpringApplication.refresh(SpringApplication.java:752)
	at org.springframework.boot.SpringApplication.refreshContext(SpringApplication.java:439)
	at org.springframework.boot.SpringApplication.run(SpringApplication.java:318)
	at org.springframework.boot.SpringApplication.run(SpringApplication.java:1361)
	at org.springframework.boot.SpringApplication.run(SpringApplication.java:1350)
	at com.users.UsersMicroservice.UsersMicroserviceApplication.main(UsersMicroserviceApplication.java:10)
	at java.base/jdk.internal.reflect.NativeMethodAccessorImpl.invoke0(Native Method)
	at java.base/jdk.internal.reflect.NativeMethodAccessorImpl.invoke(NativeMethodAccessorImpl.java:77)
	at java.base/jdk.internal.reflect.DelegatingMethodAccessorImpl.invoke(DelegatingMethodAccessorImpl.java:43)
	at java.base/java.lang.reflect.Method.invoke(Method.java:568)
	at org.springframework.boot.devtools.restart.RestartLauncher.run(RestartLauncher.java:50)
Caused by: org.springframework.boot.web.server.WebServerException: Unable to start embedded Tomcat
	at org.springframework.boot.web.embedded.tomcat.TomcatWebServer.initialize(TomcatWebServer.java:147)
	at org.springframework.boot.web.embedded.tomcat.TomcatWebServer.<init>(TomcatWebServer.java:107)
	at org.springframework.boot.web.embedded.tomcat.TomcatServletWebServerFactory.getTomcatWebServer(TomcatServletWebServerFactory.java:517)
	at org.springframework.boot.web.embedded.tomcat.TomcatServletWebServerFactory.getWebServer(TomcatServletWebServerFactory.java:219)
	at org.springframework.boot.web.servlet.context.ServletWebServerApplicationContext.createWebServer(ServletWebServerApplicationContext.java:193)
	at org.springframework.boot.web.servlet.context.ServletWebServerApplicationContext.onRefresh(ServletWebServerApplicationContext.java:167)
	... 13 common frames omitted
Caused by: org.springframework.beans.factory.UnsatisfiedDependencyException: Error creating bean with name 'apiFilter': Unsatisfied dependency expressed through field 'jwtUtil': Error creating bean with name 'JWTUtil': Injection of autowired dependencies failed
	at org.springframework.beans.factory.annotation.AutowiredAnnotationBeanPostProcessor$AutowiredFieldElement.resolveFieldValue(AutowiredAnnotationBeanPostProcessor.java:788)
	at org.springframework.beans.factory.annotation.AutowiredAnnotationBeanPostProcessor$AutowiredFieldElement.inject(AutowiredAnnotationBeanPostProcessor.java:768)
	at org.springframework.beans.factory.annotation.InjectionMetadata.inject(InjectionMetadata.java:146)
	at org.springframework.beans.factory.annotation.AutowiredAnnotationBeanPostProcessor.postProcessProperties(AutowiredAnnotationBeanPostProcessor.java:509)
	at org.springframework.beans.factory.support.AbstractAutowireCapableBeanFactory.populateBean(AbstractAutowireCapableBeanFactory.java:1459)
	at org.springframework.beans.factory.support.AbstractAutowireCapableBeanFactory.doCreateBean(AbstractAutowireCapableBeanFactory.java:606)
	at org.springframework.beans.factory.support.AbstractAutowireCapableBeanFactory.createBean(AbstractAutowireCapableBeanFactory.java:529)
	at org.springframework.beans.factory.support.AbstractBeanFactory.lambda$doGetBean$0(AbstractBeanFactory.java:339)
	at org.springframework.beans.factory.support.DefaultSingletonBeanRegistry.getSingleton(DefaultSingletonBeanRegistry.java:373)
	at org.springframework.beans.factory.support.AbstractBeanFactory.doGetBean(AbstractBeanFactory.java:337)
	at org.springframework.beans.factory.support.AbstractBeanFactory.getBean(AbstractBeanFactory.java:207)
	at org.springframework.boot.web.servlet.ServletContextInitializerBeans.getOrderedBeansOfType(ServletContextInitializerBeans.java:230)
	at org.springframework.boot.web.servlet.ServletContextInitializerBeans.addAsRegistrationBean(ServletContextInitializerBeans.java:184)
	at org.springframework.boot.web.servlet.ServletContextInitializerBeans.addAsRegistrationBean(ServletContextInitializerBeans.java:179)
	at org.springframework.boot.web.servlet.ServletContextInitializerBeans.addAdaptableBeans(ServletContextInitializerBeans.java:164)
	at org.springframework.boot.web.servlet.ServletContextInitializerBeans.<init>(ServletContextInitializerBeans.java:96)
	at org.springframework.boot.web.servlet.context.ServletWebServerApplicationContext.getServletContextInitializerBeans(ServletWebServerApplicationContext.java:271)
	at org.springframework.boot.web.servlet.context.ServletWebServerApplicationContext.selfInitialize(ServletWebServerApplicationContext.java:245)
	at org.springframework.boot.web.embedded.tomcat.TomcatStarter.onStartup(TomcatStarter.java:52)
	at org.apache.catalina.core.StandardContext.startInternal(StandardContext.java:4464)
	at org.apache.catalina.util.LifecycleBase.start(LifecycleBase.java:164)
	at org.apache.catalina.core.ContainerBase$StartChild.call(ContainerBase.java:1203)
	at org.apache.catalina.core.ContainerBase$StartChild.call(ContainerBase.java:1193)
	at java.base/java.util.concurrent.FutureTask.run(FutureTask.java:264)
	at org.apache.tomcat.util.threads.InlineExecutorService.execute(InlineExecutorService.java:75)
	at java.base/java.util.concurrent.AbstractExecutorService.submit(AbstractExecutorService.java:145)
	at org.apache.catalina.core.ContainerBase.startInternal(ContainerBase.java:749)
	at org.apache.catalina.core.StandardHost.startInternal(StandardHost.java:772)
	at org.apache.catalina.util.LifecycleBase.start(LifecycleBase.java:164)
	at org.apache.catalina.core.ContainerBase$StartChild.call(ContainerBase.java:1203)
	at org.apache.catalina.core.ContainerBase$StartChild.call(ContainerBase.java:1193)
	at java.base/java.util.concurrent.FutureTask.run(FutureTask.java:264)
	at org.apache.tomcat.util.threads.InlineExecutorService.execute(InlineExecutorService.java:75)
	at java.base/java.util.concurrent.AbstractExecutorService.submit(AbstractExecutorService.java:145)
	at org.apache.catalina.core.ContainerBase.startInternal(ContainerBase.java:749)
	at org.apache.catalina.core.StandardEngine.startInternal(StandardEngine.java:203)
	at org.apache.catalina.util.LifecycleBase.start(LifecycleBase.java:164)
	at org.apache.catalina.core.StandardService.startInternal(StandardService.java:412)
	at org.apache.catalina.util.LifecycleBase.start(LifecycleBase.java:164)
	at org.apache.catalina.core.StandardServer.startInternal(StandardServer.java:870)
	at org.apache.catalina.util.LifecycleBase.start(LifecycleBase.java:164)
	at org.apache.catalina.startup.Tomcat.start(Tomcat.java:438)
	at org.springframework.boot.web.embedded.tomcat.TomcatWebServer.initialize(TomcatWebServer.java:128)
	... 18 common frames omitted
Caused by: org.springframework.beans.factory.BeanCreationException: Error creating bean with name 'JWTUtil': Injection of autowired dependencies failed
	at org.springframework.beans.factory.annotation.AutowiredAnnotationBeanPostProcessor.postProcessProperties(AutowiredAnnotationBeanPostProcessor.java:515)
	at org.springframework.beans.factory.support.AbstractAutowireCapableBeanFactory.populateBean(AbstractAutowireCapableBeanFactory.java:1459)
	at org.springframework.beans.factory.support.AbstractAutowireCapableBeanFactory.doCreateBean(AbstractAutowireCapableBeanFactory.java:606)
	at org.springframework.beans.factory.support.AbstractAutowireCapableBeanFactory.createBean(AbstractAutowireCapableBeanFactory.java:529)
	at org.springframework.beans.factory.support.AbstractBeanFactory.lambda$doGetBean$0(AbstractBeanFactory.java:339)
	at org.springframework.beans.factory.support.DefaultSingletonBeanRegistry.getSingleton(DefaultSingletonBeanRegistry.java:373)
	at org.springframework.beans.factory.support.AbstractBeanFactory.doGetBean(AbstractBeanFactory.java:337)
	at org.springframework.beans.factory.support.AbstractBeanFactory.getBean(AbstractBeanFactory.java:202)
	at org.springframework.beans.factory.config.DependencyDescriptor.resolveCandidate(DependencyDescriptor.java:254)
	at org.springframework.beans.factory.support.DefaultListableBeanFactory.doResolveDependency(DefaultListableBeanFactory.java:1752)
	at org.springframework.beans.factory.support.DefaultListableBeanFactory.resolveDependency(DefaultListableBeanFactory.java:1635)
	at org.springframework.beans.factory.annotation.AutowiredAnnotationBeanPostProcessor$AutowiredFieldElement.resolveFieldValue(AutowiredAnnotationBeanPostProcessor.java:785)
	... 60 common frames omitted
Caused by: org.springframework.util.PlaceholderResolutionException: Could not resolve placeholder 'APP_SECURITY_BLOT_APIKEY_SECRET' in value "${APP_SECURITY_BLOT_APIKEY_SECRET}" <-- "${app.security.blot.apikey}"
	at org.springframework.util.PlaceholderResolutionException.withValue(PlaceholderResolutionException.java:81)
	at org.springframework.util.PlaceholderParser$ParsedValue.resolve(PlaceholderParser.java:423)
	at org.springframework.util.PlaceholderParser.replacePlaceholders(PlaceholderParser.java:128)
	at org.springframework.util.PropertyPlaceholderHelper.parseStringValue(PropertyPlaceholderHelper.java:118)
	at org.springframework.util.PropertyPlaceholderHelper.replacePlaceholders(PropertyPlaceholderHelper.java:114)
	at org.springframework.core.env.AbstractPropertyResolver.doResolvePlaceholders(AbstractPropertyResolver.java:293)
	at org.springframework.core.env.AbstractPropertyResolver.resolveRequiredPlaceholders(AbstractPropertyResolver.java:264)
	at org.springframework.context.support.PropertySourcesPlaceholderConfigurer.lambda$processProperties$0(PropertySourcesPlaceholderConfigurer.java:186)
	at org.springframework.beans.factory.support.AbstractBeanFactory.resolveEmbeddedValue(AbstractBeanFactory.java:971)
	at org.springframework.beans.factory.support.DefaultListableBeanFactory.doResolveDependency(DefaultListableBeanFactory.java:1657)
	at org.springframework.beans.factory.support.DefaultListableBeanFactory.resolveDependency(DefaultListableBeanFactory.java:1635)
	at org.springframework.beans.factory.annotation.AutowiredAnnotationBeanPostProcessor$AutowiredFieldElement.resolveFieldValue(AutowiredAnnotationBeanPostProcessor.java:785)
	at org.springframework.beans.factory.annotation.AutowiredAnnotationBeanPostProcessor$AutowiredFieldElement.inject(AutowiredAnnotationBeanPostProcessor.java:768)
	at org.springframework.beans.factory.annotation.InjectionMetadata.inject(InjectionMetadata.java:146)
	at org.springframework.beans.factory.annotation.AutowiredAnnotationBeanPostProcessor.postProcessProperties(AutowiredAnnotationBeanPostProcessor.java:509)
	... 71 common frames omitted
2025-11-18 12:10:29 [restartedMain] INFO  c.u.U.UsersMicroserviceApplication [] - Starting UsersMicroserviceApplication using Java 17.0.1 with PID 25368 (D:\Documents\micro_backend\UsersMicroservice\target\classes started by rober in D:\Documents\micro_backend\UsersMicroservice)
2025-11-18 12:10:29 [restartedMain] DEBUG c.u.U.UsersMicroserviceApplication [] - Running with Spring Boot v3.5.5, Spring v6.2.10
2025-11-18 12:10:29 [restartedMain] INFO  c.u.U.UsersMicroserviceApplication [] - The following 1 profile is active: "local"
2025-11-18 12:10:29 [restartedMain] INFO  o.s.b.d.e.DevToolsPropertyDefaultsPostProcessor [] - Devtools property defaults active! Set 'spring.devtools.add-properties' to 'false' to disable
2025-11-18 12:10:29 [restartedMain] INFO  o.s.b.d.e.DevToolsPropertyDefaultsPostProcessor [] - For additional web related logging consider setting the 'logging.level.web' property to 'DEBUG'
2025-11-18 12:10:30 [restartedMain] INFO  o.s.d.r.c.RepositoryConfigurationDelegate [] - Multiple Spring Data modules found, entering strict repository configuration mode
2025-11-18 12:10:30 [restartedMain] INFO  o.s.d.r.c.RepositoryConfigurationDelegate [] - Bootstrapping Spring Data JDBC repositories in DEFAULT mode.
2025-11-18 12:10:30 [restartedMain] INFO  o.s.d.r.c.RepositoryConfigurationExtensionSupport [] - Spring Data JDBC - Could not safely identify store assignment for repository candidate interface com.users.UsersMicroservice.repositories.BookListRepository; If you want this repository to be a JDBC repository, consider annotating your entities with one of these annotations: org.springframework.data.relational.core.mapping.Table.
2025-11-18 12:10:30 [restartedMain] INFO  o.s.d.r.c.RepositoryConfigurationExtensionSupport [] - Spring Data JDBC - Could not safely identify store assignment for repository candidate interface com.users.UsersMicroservice.repositories.UserEntityRepository; If you want this repository to be a JDBC repository, consider annotating your entities with one of these annotations: org.springframework.data.relational.core.mapping.Table.
2025-11-18 12:10:30 [restartedMain] INFO  o.s.d.r.c.RepositoryConfigurationExtensionSupport [] - Spring Data JDBC - Could not safely identify store assignment for repository candidate interface com.users.UsersMicroservice.repositories.UserListRepository; If you want this repository to be a JDBC repository, consider annotating your entities with one of these annotations: org.springframework.data.relational.core.mapping.Table.
2025-11-18 12:10:30 [restartedMain] INFO  o.s.d.r.c.RepositoryConfigurationDelegate [] - Finished Spring Data repository scanning in 45 ms. Found 0 JDBC repository interfaces.
2025-11-18 12:10:30 [restartedMain] INFO  o.s.d.r.c.RepositoryConfigurationDelegate [] - Multiple Spring Data modules found, entering strict repository configuration mode
2025-11-18 12:10:30 [restartedMain] INFO  o.s.d.r.c.RepositoryConfigurationDelegate [] - Bootstrapping Spring Data JPA repositories in DEFAULT mode.
2025-11-18 12:10:30 [restartedMain] INFO  o.s.d.r.c.RepositoryConfigurationDelegate [] - Finished Spring Data repository scanning in 30 ms. Found 3 JPA repository interfaces.
2025-11-18 12:10:31 [restartedMain] WARN  o.s.c.s.PostProcessorRegistrationDelegate$BeanPostProcessorChecker [] - Bean 'net.bull.javamelody.JavaMelodyAutoConfiguration' of type [net.bull.javamelody.JavaMelodyAutoConfiguration$$SpringCGLIB$$0] is not eligible for getting processed by all BeanPostProcessors (for example: not eligible for auto-proxying). The currently created BeanPostProcessor [monitoringDataSourceBeanPostProcessor] is declared through a non-static factory method on that class; consider declaring it as static instead.
2025-11-18 12:10:31 [restartedMain] WARN  o.s.c.s.PostProcessorRegistrationDelegate$BeanPostProcessorChecker [] - Bean 'monitoringSpringAdvisor' of type [net.bull.javamelody.MonitoringSpringAdvisor] is not eligible for getting processed by all BeanPostProcessors (for example: not eligible for auto-proxying). Is this bean getting eagerly injected/applied to a currently created BeanPostProcessor [projectingArgumentResolverBeanPostProcessor]? Check the corresponding BeanPostProcessor declaration and its dependencies/advisors. If this bean does not have to be post-processed, declare it with ROLE_INFRASTRUCTURE.
2025-11-18 12:10:31 [restartedMain] WARN  o.s.c.s.PostProcessorRegistrationDelegate$BeanPostProcessorChecker [] - Bean 'monitoringSpringServiceAdvisor' of type [net.bull.javamelody.MonitoringSpringAdvisor] is not eligible for getting processed by all BeanPostProcessors (for example: not eligible for auto-proxying). Is this bean getting eagerly injected/applied to a currently created BeanPostProcessor [projectingArgumentResolverBeanPostProcessor]? Check the corresponding BeanPostProcessor declaration and its dependencies/advisors. If this bean does not have to be post-processed, declare it with ROLE_INFRASTRUCTURE.
2025-11-18 12:10:31 [restartedMain] WARN  o.s.c.s.PostProcessorRegistrationDelegate$BeanPostProcessorChecker [] - Bean 'monitoringSpringControllerAdvisor' of type [net.bull.javamelody.MonitoringSpringAdvisor] is not eligible for getting processed by all BeanPostProcessors (for example: not eligible for auto-proxying). Is this bean getting eagerly injected/applied to a currently created BeanPostProcessor [projectingArgumentResolverBeanPostProcessor]? Check the corresponding BeanPostProcessor declaration and its dependencies/advisors. If this bean does not have to be post-processed, declare it with ROLE_INFRASTRUCTURE.
2025-11-18 12:10:31 [restartedMain] WARN  o.s.c.s.PostProcessorRegistrationDelegate$BeanPostProcessorChecker [] - Bean 'monitoringSpringRestControllerAdvisor' of type [net.bull.javamelody.MonitoringSpringAdvisor] is not eligible for getting processed by all BeanPostProcessors (for example: not eligible for auto-proxying). Is this bean getting eagerly injected/applied to a currently created BeanPostProcessor [projectingArgumentResolverBeanPostProcessor]? Check the corresponding BeanPostProcessor declaration and its dependencies/advisors. If this bean does not have to be post-processed, declare it with ROLE_INFRASTRUCTURE.
2025-11-18 12:10:31 [restartedMain] WARN  o.s.c.s.PostProcessorRegistrationDelegate$BeanPostProcessorChecker [] - Bean 'monitoringSpringAsyncAdvisor' of type [net.bull.javamelody.MonitoringSpringAdvisor] is not eligible for getting processed by all BeanPostProcessors (for example: not eligible for auto-proxying). Is this bean getting eagerly injected/applied to a currently created BeanPostProcessor [projectingArgumentResolverBeanPostProcessor]? Check the corresponding BeanPostProcessor declaration and its dependencies/advisors. If this bean does not have to be post-processed, declare it with ROLE_INFRASTRUCTURE.
2025-11-18 12:10:31 [restartedMain] WARN  o.s.c.s.PostProcessorRegistrationDelegate$BeanPostProcessorChecker [] - Bean 'monitoringSpringScheduledAdvisor' of type [net.bull.javamelody.MonitoringSpringAdvisor] is not eligible for getting processed by all BeanPostProcessors (for example: not eligible for auto-proxying). Is this bean getting eagerly injected/applied to a currently created BeanPostProcessor [projectingArgumentResolverBeanPostProcessor]? Check the corresponding BeanPostProcessor declaration and its dependencies/advisors. If this bean does not have to be post-processed, declare it with ROLE_INFRASTRUCTURE.
2025-11-18 12:10:31 [restartedMain] INFO  o.s.b.w.e.tomcat.TomcatWebServer [] - Tomcat initialized with port 9001 (http)
2025-11-18 12:10:31 [restartedMain] INFO  o.a.coyote.http11.Http11NioProtocol [] - Initializing ProtocolHandler ["http-nio-9001"]
2025-11-18 12:10:31 [restartedMain] INFO  o.a.catalina.core.StandardService [] - Starting service [Tomcat]
2025-11-18 12:10:31 [restartedMain] INFO  o.a.catalina.core.StandardEngine [] - Starting Servlet engine: [Apache Tomcat/10.1.44]
2025-11-18 12:10:31 [restartedMain] INFO  o.a.c.c.C.[Tomcat].[localhost].[/] [] - Initializing Spring embedded WebApplicationContext
2025-11-18 12:10:31 [restartedMain] INFO  o.s.b.w.s.c.ServletWebServerApplicationContext [] - Root WebApplicationContext: initialization completed in 2387 ms
2025-11-18 12:10:32 [restartedMain] DEBUG c.u.U.security.JwtRequestFilter [] - Filter 'jwtRequestFilter' configured for use
2025-11-18 12:10:32 [restartedMain] DEBUG c.u.U.security.ApiFilter [] - Filter 'apiFilter' configured for use
2025-11-18 12:10:32 [restartedMain] INFO  o.h.jpa.internal.util.LogHelper [] - HHH000204: Processing PersistenceUnitInfo [name: default]
2025-11-18 12:10:32 [restartedMain] INFO  org.hibernate.Version [] - HHH000412: Hibernate ORM core version 6.6.26.Final
2025-11-18 12:10:32 [restartedMain] INFO  o.h.c.i.RegionFactoryInitiator [] - HHH000026: Second-level cache disabled
2025-11-18 12:10:33 [restartedMain] INFO  o.s.o.j.p.SpringPersistenceUnitInfo [] - No LoadTimeWeaver setup: ignoring JPA class transformer
2025-11-18 12:10:33 [restartedMain] INFO  com.zaxxer.hikari.HikariDataSource [] - HikariPool-1 - Starting...
2025-11-18 12:10:33 [restartedMain] INFO  com.zaxxer.hikari.pool.HikariPool [] - HikariPool-1 - Added connection com.mysql.cj.jdbc.ConnectionImpl@69cd515a
2025-11-18 12:10:33 [restartedMain] INFO  com.zaxxer.hikari.HikariDataSource [] - HikariPool-1 - Start completed.
2025-11-18 12:10:33 [restartedMain] WARN  org.hibernate.orm.deprecation [] - HHH90000025: MySQL8Dialect does not need to be specified explicitly using 'hibernate.dialect' (remove the property setting and it will be selected by default)
2025-11-18 12:10:33 [restartedMain] WARN  org.hibernate.orm.deprecation [] - HHH90000026: MySQL8Dialect has been deprecated; use org.hibernate.dialect.MySQLDialect instead
2025-11-18 12:10:33 [restartedMain] INFO  o.hibernate.orm.connections.pooling [] - HHH10001005: Database info:
	Database JDBC URL [Connecting through datasource 'HikariDataSource (HikariPool-1)']
	Database driver: undefined/unknown
	Database version: 8.0
	Autocommit mode: undefined/unknown
	Isolation level: undefined/unknown
	Minimum pool size: undefined/unknown
	Maximum pool size: undefined/unknown
2025-11-18 12:10:33 [restartedMain] DEBUG o.h.t.d.sql.spi.DdlTypeRegistry [] - addDescriptor(12, org.hibernate.type.descriptor.sql.internal.CapacityDependentDdlType@6faddfa1) replaced previous registration(org.hibernate.type.descriptor.sql.internal.CapacityDependentDdlType@3083cd64)
2025-11-18 12:10:33 [restartedMain] DEBUG o.h.t.d.sql.spi.DdlTypeRegistry [] - addDescriptor(-9, org.hibernate.type.descriptor.sql.internal.CapacityDependentDdlType@748a634f) replaced previous registration(org.hibernate.type.descriptor.sql.internal.CapacityDependentDdlType@28ad58fe)
2025-11-18 12:10:33 [restartedMain] DEBUG o.h.t.d.sql.spi.DdlTypeRegistry [] - addDescriptor(-3, org.hibernate.type.descriptor.sql.internal.CapacityDependentDdlType@297cca9d) replaced previous registration(org.hibernate.type.descriptor.sql.internal.CapacityDependentDdlType@7baca3b)
2025-11-18 12:10:33 [restartedMain] DEBUG o.h.t.d.sql.spi.DdlTypeRegistry [] - addDescriptor(4003, org.hibernate.type.descriptor.sql.internal.DdlTypeImpl@208d4198) replaced previous registration(org.hibernate.type.descriptor.sql.internal.DdlTypeImpl@622597df)
2025-11-18 12:10:33 [restartedMain] DEBUG o.h.t.d.sql.spi.DdlTypeRegistry [] - addDescriptor(4001, org.hibernate.type.descriptor.sql.internal.DdlTypeImpl@2dc29124) replaced previous registration(org.hibernate.type.descriptor.sql.internal.DdlTypeImpl@7cf87db5)
2025-11-18 12:10:33 [restartedMain] DEBUG o.h.t.d.sql.spi.DdlTypeRegistry [] - addDescriptor(4002, org.hibernate.type.descriptor.sql.internal.DdlTypeImpl@36b37233) replaced previous registration(org.hibernate.type.descriptor.sql.internal.DdlTypeImpl@78669055)
2025-11-18 12:10:33 [restartedMain] DEBUG o.h.t.d.sql.spi.DdlTypeRegistry [] - addDescriptor(2004, org.hibernate.type.descriptor.sql.internal.CapacityDependentDdlType@419475cc) replaced previous registration(org.hibernate.type.descriptor.sql.internal.DdlTypeImpl@7e3ebd9e)
2025-11-18 12:10:33 [restartedMain] DEBUG o.h.t.d.sql.spi.DdlTypeRegistry [] - addDescriptor(2005, org.hibernate.type.descriptor.sql.internal.CapacityDependentDdlType@53316a80) replaced previous registration(org.hibernate.type.descriptor.sql.internal.DdlTypeImpl@1f19ac8b)
2025-11-18 12:10:33 [restartedMain] DEBUG o.h.t.d.sql.spi.DdlTypeRegistry [] - addDescriptor(2011, org.hibernate.type.descriptor.sql.internal.CapacityDependentDdlType@7dc180b1) replaced previous registration(org.hibernate.type.descriptor.sql.internal.DdlTypeImpl@761800da)
2025-11-18 12:10:34 [restartedMain] INFO  o.h.e.t.j.p.i.JtaPlatformInitiator [] - HHH000489: No JTA platform available (set 'hibernate.transaction.jta.platform' to enable JTA platform integration)
2025-11-18 12:10:35 [restartedMain] INFO  o.s.o.j.LocalContainerEntityManagerFactoryBean [] - Initialized JPA EntityManagerFactory for persistence unit 'default'
2025-11-18 12:10:35 [restartedMain] WARN  o.s.b.a.o.j.JpaBaseConfiguration$JpaWebConfiguration [] - spring.jpa.open-in-view is enabled by default. Therefore, database queries may be performed during view rendering. Explicitly configure spring.jpa.open-in-view to disable this warning
2025-11-18 12:10:36 [restartedMain] INFO  o.s.v.b.OptionalValidatorFactoryBean [] - Failed to set up a Bean Validation provider: jakarta.validation.NoProviderFoundException: Unable to create a Configuration, because no Jakarta Bean Validation provider could be found. Add a provider like Hibernate Validator (RI) to your classpath.
2025-11-18 12:10:36 [restartedMain] INFO  o.s.b.d.a.OptionalLiveReloadServer [] - LiveReload server is running on port 35729
2025-11-18 12:10:36 [restartedMain] INFO  o.a.coyote.http11.Http11NioProtocol [] - Starting ProtocolHandler ["http-nio-9001"]
2025-11-18 12:10:36 [restartedMain] INFO  o.s.b.w.e.tomcat.TomcatWebServer [] - Tomcat started on port 9001 (http) with context path '/'
2025-11-18 12:10:36 [restartedMain] INFO  c.u.U.UsersMicroserviceApplication [] - Started UsersMicroserviceApplication in 7.945 seconds (process running for 8.713)
2025-11-18 12:10:41 [SpringApplicationShutdownHook] INFO  o.s.b.w.e.tomcat.GracefulShutdown [] - Commencing graceful shutdown. Waiting for active requests to complete
2025-11-18 12:10:41 [tomcat-shutdown] INFO  o.s.b.w.e.tomcat.GracefulShutdown [] - Graceful shutdown complete
2025-11-18 12:10:41 [SpringApplicationShutdownHook] INFO  o.s.o.j.LocalContainerEntityManagerFactoryBean [] - Closing JPA EntityManagerFactory for persistence unit 'default'
2025-11-18 12:10:41 [SpringApplicationShutdownHook] INFO  com.zaxxer.hikari.HikariDataSource [] - HikariPool-1 - Shutdown initiated...
2025-11-18 12:10:41 [SpringApplicationShutdownHook] INFO  com.zaxxer.hikari.HikariDataSource [] - HikariPool-1 - Shutdown completed.
2025-11-18 12:11:17 [main] INFO  c.u.U.UserControllerTest [] - Starting UserControllerTest using Java 17.0.1 with PID 7664 (started by rober in D:\Documents\micro_backend\UsersMicroservice)
2025-11-18 12:11:17 [main] DEBUG c.u.U.UserControllerTest [] - Running with Spring Boot v3.5.5, Spring v6.2.10
2025-11-18 12:11:17 [main] INFO  c.u.U.UserControllerTest [] - The following 1 profile is active: "local"
2025-11-18 12:11:19 [main] WARN  o.s.w.c.s.GenericWebApplicationContext [] - Exception encountered during context initialization - cancelling refresh attempt: org.springframework.beans.factory.UnsatisfiedDependencyException: Error creating bean with name 'jwtRequestFilter' defined in file [D:\Documents\micro_backend\UsersMicroservice\target\classes\com\users\UsersMicroservice\security\JwtRequestFilter.class]: Unsatisfied dependency expressed through constructor parameter 1: No qualifying bean of type 'com.users.UsersMicroservice.service.CustomUserDetails' available: expected at least 1 bean which qualifies as autowire candidate. Dependency annotations: {}
2025-11-18 12:11:19 [main] INFO  o.s.b.a.l.ConditionEvaluationReportLogger [] - 

Error starting ApplicationContext. To display the condition evaluation report re-run your application with 'debug' enabled.
2025-11-18 12:11:19 [main] ERROR o.s.b.d.LoggingFailureAnalysisReporter [] - 

***************************
APPLICATION FAILED TO START
***************************

Description:

Parameter 1 of constructor in com.users.UsersMicroservice.security.JwtRequestFilter required a bean of type 'com.users.UsersMicroservice.service.CustomUserDetails' that could not be found.


Action:

Consider defining a bean of type 'com.users.UsersMicroservice.service.CustomUserDetails' in your configuration.

2025-11-18 12:11:19 [main] WARN  o.s.test.context.TestContextManager [] - Caught exception while allowing TestExecutionListener [org.springframework.test.context.bean.override.BeanOverrideTestExecutionListener] to prepare test instance [com.users.UsersMicroservice.UserControllerTest@45d7495e]
java.lang.IllegalStateException: Failed to load ApplicationContext for [WebMergedContextConfiguration@1999149e testClass = com.users.UsersMicroservice.UserControllerTest, locations = [], classes = [com.users.UsersMicroservice.UsersMicroserviceApplication], contextInitializerClasses = [], activeProfiles = [], propertySourceDescriptors = [], propertySourceProperties = ["org.springframework.boot.test.autoconfigure.web.servlet.WebMvcTestContextBootstrapper=true"], contextCustomizers = [[ImportsContextCustomizer@65d73bd key = [org.springframework.boot.autoconfigure.security.oauth2.client.servlet.OAuth2ClientWebSecurityAutoConfiguration, org.springframework.boot.autoconfigure.task.TaskExecutionAutoConfiguration, org.springframework.boot.autoconfigure.cache.CacheAutoConfiguration, org.springframework.boot.autoconfigure.web.servlet.HttpEncodingAutoConfiguration, org.springframework.boot.autoconfigure.validation.ValidationAutoConfiguration, org.springframework.boot.autoconfigure.security.saml2.Saml2RelyingPartyAutoConfiguration, org.springframework.boot.autoconfigure.context.MessageSourceAutoConfiguration, org.springframework.boot.autoconfigure.hateoas.HypermediaAutoConfiguration, org.springframework.boot.autoconfigure.jackson.JacksonAutoConfiguration, org.springframework.boot.autoconfigure.data.web.SpringDataWebAutoConfiguration, org.springframework.boot.test.autoconfigure.web.reactive.WebTestClientAutoConfiguration, org.springframework.boot.autoconfigure.web.servlet.error.ErrorMvcAutoConfiguration, org.springframework.boot.test.autoconfigure.web.servlet.MockMvcAutoConfiguration, org.springframework.boot.autoconfigure.security.servlet.SecurityAutoConfiguration, org.springframework.boot.autoconfigure.security.servlet.SecurityFilterAutoConfiguration, org.springframework.boot.autoconfigure.http.HttpMessageConvertersAutoConfiguration, org.springframework.boot.autoconfigure.security.oauth2.client.OAuth2ClientAutoConfiguration, org.springframework.boot.test.autoconfigure.web.servlet.MockMvcSecurityConfiguration, org.springframework.boot.test.autoconfigure.web.servlet.MockMvcWebClientAutoConfiguration, org.springframework.boot.test.autoconfigure.web.servlet.MockMvcWebDriverAutoConfiguration, org.springframework.boot.autoconfigure.thymeleaf.ThymeleafAutoConfiguration, org.springframework.boot.autoconfigure.gson.GsonAutoConfiguration, org.springframework.boot.autoconfigure.jsonb.JsonbAutoConfiguration, org.springframework.boot.autoconfigure.freemarker.FreeMarkerAutoConfiguration, org.springframework.boot.autoconfigure.web.servlet.WebMvcAutoConfiguration, org.springframework.boot.autoconfigure.security.servlet.UserDetailsServiceAutoConfiguration, org.springframework.boot.autoconfigure.security.oauth2.resource.servlet.OAuth2ResourceServerAutoConfiguration, org.springframework.boot.autoconfigure.groovy.template.GroovyTemplateAutoConfiguration, org.springframework.boot.autoconfigure.mustache.MustacheAutoConfiguration]], org.springframework.boot.test.context.filter.ExcludeFilterContextCustomizer@30c8681, org.springframework.boot.test.json.DuplicateJsonObjectContextCustomizerFactory$DuplicateJsonObjectContextCustomizer@78aa1f72, org.springframework.boot.test.mock.mockito.MockitoContextCustomizer@0, org.springframework.boot.test.web.reactor.netty.DisableReactorResourceFactoryGlobalResourcesContextCustomizerFactory$DisableReactorResourceFactoryGlobalResourcesContextCustomizerCustomizer@b978d10, org.springframework.boot.test.autoconfigure.OnFailureConditionReportContextCustomizerFactory$OnFailureConditionReportContextCustomizer@2ce6c6ec, org.springframework.boot.test.autoconfigure.OverrideAutoConfigurationContextCustomizerFactory$DisableAutoConfigurationContextCustomizer@1672fe87, org.springframework.boot.test.autoconfigure.actuate.observability.ObservabilityContextCustomizerFactory$DisableObservabilityContextCustomizer@1f, org.springframework.boot.test.autoconfigure.filter.TypeExcludeFiltersContextCustomizer@f173eb20, org.springframework.boot.test.autoconfigure.properties.PropertyMappingContextCustomizer@2b4d742c, org.springframework.boot.test.autoconfigure.web.servlet.WebDriverContextCustomizer@51549490, org.springframework.test.context.bean.override.BeanOverrideContextCustomizer@d83fdd9, org.springframework.test.context.support.DynamicPropertiesContextCustomizer@0, org.springframework.boot.test.context.SpringBootTestAnnotation@456512df], resourceBasePath = "src/main/webapp", contextLoader = org.springframework.boot.test.context.SpringBootContextLoader, parent = null]
	at org.springframework.test.context.cache.DefaultCacheAwareContextLoaderDelegate.loadContext(DefaultCacheAwareContextLoaderDelegate.java:180)
	at org.springframework.test.context.support.DefaultTestContext.getApplicationContext(DefaultTestContext.java:130)
	at org.springframework.test.context.bean.override.BeanOverrideTestExecutionListener.injectFields(BeanOverrideTestExecutionListener.java:99)
	at org.springframework.test.context.bean.override.BeanOverrideTestExecutionListener.prepareTestInstance(BeanOverrideTestExecutionListener.java:70)
	at org.springframework.test.context.TestContextManager.prepareTestInstance(TestContextManager.java:260)
	at org.springframework.test.context.junit.jupiter.SpringExtension.postProcessTestInstance(SpringExtension.java:159)
	at org.junit.jupiter.engine.descriptor.ClassBasedTestDescriptor.lambda$invokeTestInstancePostProcessors$10(ClassBasedTestDescriptor.java:383)
	at org.junit.jupiter.engine.descriptor.ClassBasedTestDescriptor.executeAndMaskThrowable(ClassBasedTestDescriptor.java:388)
	at org.junit.jupiter.engine.descriptor.ClassBasedTestDescriptor.lambda$invokeTestInstancePostProcessors$11(ClassBasedTestDescriptor.java:382)
	at java.base/java.util.stream.ForEachOps$ForEachOp$OfRef.accept(ForEachOps.java:183)
	at java.base/java.util.stream.ReferencePipeline$3$1.accept(ReferencePipeline.java:197)
	at java.base/java.util.stream.ReferencePipeline$2$1.accept(ReferencePipeline.java:179)
	at java.base/java.util.stream.ReferencePipeline$3$1.accept(ReferencePipeline.java:197)
	at java.base/java.util.ArrayList$ArrayListSpliterator.forEachRemaining(ArrayList.java:1625)
	at java.base/java.util.stream.AbstractPipeline.copyInto(AbstractPipeline.java:509)
	at java.base/java.util.stream.AbstractPipeline.wrapAndCopyInto(AbstractPipeline.java:499)
	at java.base/java.util.stream.ForEachOps$ForEachOp.evaluateSequential(ForEachOps.java:150)
	at java.base/java.util.stream.ForEachOps$ForEachOp$OfRef.evaluateSequential(ForEachOps.java:173)
	at java.base/java.util.stream.AbstractPipeline.evaluate(AbstractPipeline.java:234)
	at java.base/java.util.stream.ReferencePipeline.forEach(ReferencePipeline.java:596)
	at org.junit.jupiter.engine.descriptor.ClassBasedTestDescriptor.invokeTestInstancePostProcessors(ClassBasedTestDescriptor.java:382)
	at org.junit.jupiter.engine.descriptor.ClassBasedTestDescriptor.lambda$instantiateAndPostProcessTestInstance$6(ClassBasedTestDescriptor.java:293)
	at org.junit.platform.engine.support.hierarchical.ThrowableCollector.execute(ThrowableCollector.java:73)
	at org.junit.jupiter.engine.descriptor.ClassBasedTestDescriptor.instantiateAndPostProcessTestInstance(ClassBasedTestDescriptor.java:292)
	at org.junit.jupiter.engine.descriptor.ClassBasedTestDescriptor.lambda$testInstancesProvider$4(ClassBasedTestDescriptor.java:281)
	at java.base/java.util.Optional.orElseGet(Optional.java:364)
	at org.junit.jupiter.engine.descriptor.ClassBasedTestDescriptor.lambda$testInstancesProvider$5(ClassBasedTestDescriptor.java:280)
	at org.junit.jupiter.engine.execution.TestInstancesProvider.getTestInstances(TestInstancesProvider.java:27)
	at org.junit.jupiter.engine.descriptor.TestMethodTestDescriptor.lambda$prepare$0(TestMethodTestDescriptor.java:112)
	at org.junit.platform.engine.support.hierarchical.ThrowableCollector.execute(ThrowableCollector.java:73)
	at org.junit.jupiter.engine.descriptor.TestMethodTestDescriptor.prepare(TestMethodTestDescriptor.java:111)
	at org.junit.jupiter.engine.descriptor.TestMethodTestDescriptor.prepare(TestMethodTestDescriptor.java:69)
	at org.junit.platform.engine.support.hierarchical.NodeTestTask.lambda$prepare$2(NodeTestTask.java:128)
	at org.junit.platform.engine.support.hierarchical.ThrowableCollector.execute(ThrowableCollector.java:73)
	at org.junit.platform.engine.support.hierarchical.NodeTestTask.prepare(NodeTestTask.java:128)
	at org.junit.platform.engine.support.hierarchical.NodeTestTask.execute(NodeTestTask.java:95)
	at java.base/java.util.ArrayList.forEach(ArrayList.java:1511)
	at org.junit.platform.engine.support.hierarchical.SameThreadHierarchicalTestExecutorService.invokeAll(SameThreadHierarchicalTestExecutorService.java:41)
	at org.junit.platform.engine.support.hierarchical.NodeTestTask.lambda$executeRecursively$6(NodeTestTask.java:160)
	at org.junit.platform.engine.support.hierarchical.ThrowableCollector.execute(ThrowableCollector.java:73)
	at org.junit.platform.engine.support.hierarchical.NodeTestTask.lambda$executeRecursively$8(NodeTestTask.java:146)
	at org.junit.platform.engine.support.hierarchical.Node.around(Node.java:137)
	at org.junit.platform.engine.support.hierarchical.NodeTestTask.lambda$executeRecursively$9(NodeTestTask.java:144)
	at org.junit.platform.engine.support.hierarchical.ThrowableCollector.execute(ThrowableCollector.java:73)
	at org.junit.platform.engine.support.hierarchical.NodeTestTask.executeRecursively(NodeTestTask.java:143)
	at org.junit.platform.engine.support.hierarchical.NodeTestTask.execute(NodeTestTask.java:100)
	at java.base/java.util.ArrayList.forEach(ArrayList.java:1511)
	at org.junit.platform.engine.support.hierarchical.SameThreadHierarchicalTestExecutorService.invokeAll(SameThreadHierarchicalTestExecutorService.java:41)
	at org.junit.platform.engine.support.hierarchical.NodeTestTask.lambda$executeRecursively$6(NodeTestTask.java:160)
	at org.junit.platform.engine.support.hierarchical.ThrowableCollector.execute(ThrowableCollector.java:73)
	at org.junit.platform.engine.support.hierarchical.NodeTestTask.lambda$executeRecursively$8(NodeTestTask.java:146)
	at org.junit.platform.engine.support.hierarchical.Node.around(Node.java:137)
	at org.junit.platform.engine.support.hierarchical.NodeTestTask.lambda$executeRecursively$9(NodeTestTask.java:144)
	at org.junit.platform.engine.support.hierarchical.ThrowableCollector.execute(ThrowableCollector.java:73)
	at org.junit.platform.engine.support.hierarchical.NodeTestTask.executeRecursively(NodeTestTask.java:143)
	at org.junit.platform.engine.support.hierarchical.NodeTestTask.execute(NodeTestTask.java:100)
	at org.junit.platform.engine.support.hierarchical.SameThreadHierarchicalTestExecutorService.submit(SameThreadHierarchicalTestExecutorService.java:35)
	at org.junit.platform.engine.support.hierarchical.HierarchicalTestExecutor.execute(HierarchicalTestExecutor.java:57)
	at org.junit.platform.engine.support.hierarchical.HierarchicalTestEngine.execute(HierarchicalTestEngine.java:54)
	at org.junit.platform.launcher.core.EngineExecutionOrchestrator.execute(EngineExecutionOrchestrator.java:201)
	at org.junit.platform.launcher.core.EngineExecutionOrchestrator.execute(EngineExecutionOrchestrator.java:170)
	at org.junit.platform.launcher.core.EngineExecutionOrchestrator.execute(EngineExecutionOrchestrator.java:94)
	at org.junit.platform.launcher.core.EngineExecutionOrchestrator.lambda$execute$0(EngineExecutionOrchestrator.java:59)
	at org.junit.platform.launcher.core.EngineExecutionOrchestrator.withInterceptedStreams(EngineExecutionOrchestrator.java:142)
	at org.junit.platform.launcher.core.EngineExecutionOrchestrator.execute(EngineExecutionOrchestrator.java:58)
	at org.junit.platform.launcher.core.DefaultLauncher.execute(DefaultLauncher.java:103)
	at org.junit.platform.launcher.core.DefaultLauncher.execute(DefaultLauncher.java:85)
	at org.junit.platform.launcher.core.DelegatingLauncher.execute(DelegatingLauncher.java:47)
	at org.junit.platform.launcher.core.InterceptingLauncher.lambda$execute$1(InterceptingLauncher.java:39)
	at org.junit.platform.launcher.core.ClasspathAlignmentCheckingLauncherInterceptor.intercept(ClasspathAlignmentCheckingLauncherInterceptor.java:25)
	at org.junit.platform.launcher.core.InterceptingLauncher.execute(InterceptingLauncher.java:38)
	at org.junit.platform.launcher.core.DelegatingLauncher.execute(DelegatingLauncher.java:47)
	at org.junit.platform.launcher.core.SessionPerRequestLauncher.execute(SessionPerRequestLauncher.java:63)
	at com.intellij.junit5.JUnit5IdeaTestRunner.startRunnerWithArgs(JUnit5IdeaTestRunner.java:66)
	at com.intellij.rt.junit.IdeaTestRunner$Repeater$1.execute(IdeaTestRunner.java:38)
	at com.intellij.rt.execution.junit.TestsRepeater.repeat(TestsRepeater.java:11)
	at com.intellij.rt.junit.IdeaTestRunner$Repeater.startRunnerWithArgs(IdeaTestRunner.java:35)
	at com.intellij.rt.junit.JUnitStarter.prepareStreamsAndStart(JUnitStarter.java:231)
	at com.intellij.rt.junit.JUnitStarter.main(JUnitStarter.java:55)
Caused by: org.springframework.beans.factory.UnsatisfiedDependencyException: Error creating bean with name 'jwtRequestFilter' defined in file [D:\Documents\micro_backend\UsersMicroservice\target\classes\com\users\UsersMicroservice\security\JwtRequestFilter.class]: Unsatisfied dependency expressed through constructor parameter 1: No qualifying bean of type 'com.users.UsersMicroservice.service.CustomUserDetails' available: expected at least 1 bean which qualifies as autowire candidate. Dependency annotations: {}
	at org.springframework.beans.factory.support.ConstructorResolver.createArgumentArray(ConstructorResolver.java:804)
	at org.springframework.beans.factory.support.ConstructorResolver.autowireConstructor(ConstructorResolver.java:240)
	at org.springframework.beans.factory.support.AbstractAutowireCapableBeanFactory.autowireConstructor(AbstractAutowireCapableBeanFactory.java:1395)
	at org.springframework.beans.factory.support.AbstractAutowireCapableBeanFactory.createBeanInstance(AbstractAutowireCapableBeanFactory.java:1232)
	at org.springframework.beans.factory.support.AbstractAutowireCapableBeanFactory.doCreateBean(AbstractAutowireCapableBeanFactory.java:569)
	at org.springframework.beans.factory.support.AbstractAutowireCapableBeanFactory.createBean(AbstractAutowireCapableBeanFactory.java:529)
	at org.springframework.beans.factory.support.AbstractBeanFactory.lambda$doGetBean$0(AbstractBeanFactory.java:339)
	at org.springframework.beans.factory.support.DefaultSingletonBeanRegistry.getSingleton(DefaultSingletonBeanRegistry.java:373)
	at org.springframework.beans.factory.support.AbstractBeanFactory.doGetBean(AbstractBeanFactory.java:337)
	at org.springframework.beans.factory.support.AbstractBeanFactory.getBean(AbstractBeanFactory.java:202)
	at org.springframework.beans.factory.support.DefaultListableBeanFactory.instantiateSingleton(DefaultListableBeanFactory.java:1222)
	at org.springframework.beans.factory.support.DefaultListableBeanFactory.preInstantiateSingleton(DefaultListableBeanFactory.java:1188)
	at org.springframework.beans.factory.support.DefaultListableBeanFactory.preInstantiateSingletons(DefaultListableBeanFactory.java:1123)
	at org.springframework.context.support.AbstractApplicationContext.finishBeanFactoryInitialization(AbstractApplicationContext.java:987)
	at org.springframework.context.support.AbstractApplicationContext.refresh(AbstractApplicationContext.java:627)
	at org.springframework.boot.SpringApplication.refresh(SpringApplication.java:752)
	at org.springframework.boot.SpringApplication.refreshContext(SpringApplication.java:439)
	at org.springframework.boot.SpringApplication.run(SpringApplication.java:318)
	at org.springframework.boot.test.context.SpringBootContextLoader.lambda$loadContext$3(SpringBootContextLoader.java:144)
	at org.springframework.util.function.ThrowingSupplier.get(ThrowingSupplier.java:58)
	at org.springframework.util.function.ThrowingSupplier.get(ThrowingSupplier.java:46)
	at org.springframework.boot.SpringApplication.withHook(SpringApplication.java:1461)
	at org.springframework.boot.test.context.SpringBootContextLoader$ContextLoaderHook.run(SpringBootContextLoader.java:563)
	at org.springframework.boot.test.context.SpringBootContextLoader.loadContext(SpringBootContextLoader.java:144)
	at org.springframework.boot.test.context.SpringBootContextLoader.loadContext(SpringBootContextLoader.java:110)
	at org.springframework.test.context.cache.DefaultCacheAwareContextLoaderDelegate.loadContextInternal(DefaultCacheAwareContextLoaderDelegate.java:225)
	at org.springframework.test.context.cache.DefaultCacheAwareContextLoaderDelegate.loadContext(DefaultCacheAwareContextLoaderDelegate.java:152)
	... 78 common frames omitted
Caused by: org.springframework.beans.factory.NoSuchBeanDefinitionException: No qualifying bean of type 'com.users.UsersMicroservice.service.CustomUserDetails' available: expected at least 1 bean which qualifies as autowire candidate. Dependency annotations: {}
	at org.springframework.beans.factory.support.DefaultListableBeanFactory.raiseNoMatchingBeanFound(DefaultListableBeanFactory.java:2291)
	at org.springframework.beans.factory.support.DefaultListableBeanFactory.doResolveDependency(DefaultListableBeanFactory.java:1715)
	at org.springframework.beans.factory.support.DefaultListableBeanFactory.resolveDependency(DefaultListableBeanFactory.java:1635)
	at org.springframework.beans.factory.support.ConstructorResolver.resolveAutowiredArgument(ConstructorResolver.java:913)
	at org.springframework.beans.factory.support.ConstructorResolver.createArgumentArray(ConstructorResolver.java:791)
	... 104 common frames omitted
2025-11-18 12:14:01 [main] INFO  c.u.U.UserControllerTest [] - Starting UserControllerTest using Java 17.0.1 with PID 18228 (started by rober in D:\Documents\micro_backend\UsersMicroservice)
2025-11-18 12:14:01 [main] DEBUG c.u.U.UserControllerTest [] - Running with Spring Boot v3.5.5, Spring v6.2.10
2025-11-18 12:14:01 [main] INFO  c.u.U.UserControllerTest [] - The following 1 profile is active: "local"
2025-11-18 12:14:04 [main] INFO  o.s.v.b.OptionalValidatorFactoryBean [] - Failed to set up a Bean Validation provider: jakarta.validation.NoProviderFoundException: Unable to create a Configuration, because no Jakarta Bean Validation provider could be found. Add a provider like Hibernate Validator (RI) to your classpath.
2025-11-18 12:14:04 [main] WARN  o.s.b.a.s.s.UserDetailsServiceAutoConfiguration [] - 

Using generated security password: 6eaa69c6-0126-4ab1-8efc-a43ad5a1eb2d

This generated password is for development use only. Your security configuration must be updated before running your application in production.

2025-11-18 12:14:04 [main] INFO  o.s.s.c.a.a.c.InitializeUserDetailsBeanManagerConfigurer$InitializeUserDetailsManagerConfigurer [] - Global AuthenticationManager configured with UserDetailsService bean with name inMemoryUserDetailsManager
2025-11-18 12:14:04 [main] DEBUG c.u.U.security.JwtRequestFilter [] - Filter 'jwtRequestFilter' configured for use
2025-11-18 12:14:04 [main] INFO  o.s.b.t.m.w.SpringBootMockServletContext [] - Initializing Spring TestDispatcherServlet ''
2025-11-18 12:14:04 [main] INFO  o.s.t.w.s.TestDispatcherServlet [] - Initializing Servlet ''
2025-11-18 12:14:04 [main] INFO  o.s.t.w.s.TestDispatcherServlet [] - Completed initialization in 3 ms
2025-11-18 12:14:04 [main] INFO  c.u.U.UserControllerTest [] - Started UserControllerTest in 3.291 seconds (process running for 4.788)
2025-11-18 12:14:23 [restartedMain] INFO  c.u.U.UsersMicroserviceApplication [] - Starting UsersMicroserviceApplication using Java 17.0.1 with PID 288 (D:\Documents\micro_backend\UsersMicroservice\target\classes started by rober in D:\Documents\micro_backend\UsersMicroservice)
2025-11-18 12:14:23 [restartedMain] DEBUG c.u.U.UsersMicroserviceApplication [] - Running with Spring Boot v3.5.5, Spring v6.2.10
2025-11-18 12:14:23 [restartedMain] INFO  c.u.U.UsersMicroserviceApplication [] - The following 1 profile is active: "local"
2025-11-18 12:14:23 [restartedMain] INFO  o.s.b.d.e.DevToolsPropertyDefaultsPostProcessor [] - Devtools property defaults active! Set 'spring.devtools.add-properties' to 'false' to disable
2025-11-18 12:14:23 [restartedMain] INFO  o.s.b.d.e.DevToolsPropertyDefaultsPostProcessor [] - For additional web related logging consider setting the 'logging.level.web' property to 'DEBUG'
2025-11-18 12:14:25 [restartedMain] INFO  o.s.d.r.c.RepositoryConfigurationDelegate [] - Multiple Spring Data modules found, entering strict repository configuration mode
2025-11-18 12:14:25 [restartedMain] INFO  o.s.d.r.c.RepositoryConfigurationDelegate [] - Bootstrapping Spring Data JDBC repositories in DEFAULT mode.
2025-11-18 12:14:25 [restartedMain] INFO  o.s.d.r.c.RepositoryConfigurationExtensionSupport [] - Spring Data JDBC - Could not safely identify store assignment for repository candidate interface com.users.UsersMicroservice.repositories.BookListRepository; If you want this repository to be a JDBC repository, consider annotating your entities with one of these annotations: org.springframework.data.relational.core.mapping.Table.
2025-11-18 12:14:25 [restartedMain] INFO  o.s.d.r.c.RepositoryConfigurationExtensionSupport [] - Spring Data JDBC - Could not safely identify store assignment for repository candidate interface com.users.UsersMicroservice.repositories.UserEntityRepository; If you want this repository to be a JDBC repository, consider annotating your entities with one of these annotations: org.springframework.data.relational.core.mapping.Table.
2025-11-18 12:14:25 [restartedMain] INFO  o.s.d.r.c.RepositoryConfigurationExtensionSupport [] - Spring Data JDBC - Could not safely identify store assignment for repository candidate interface com.users.UsersMicroservice.repositories.UserListRepository; If you want this repository to be a JDBC repository, consider annotating your entities with one of these annotations: org.springframework.data.relational.core.mapping.Table.
2025-11-18 12:14:25 [restartedMain] INFO  o.s.d.r.c.RepositoryConfigurationDelegate [] - Finished Spring Data repository scanning in 43 ms. Found 0 JDBC repository interfaces.
2025-11-18 12:14:25 [restartedMain] INFO  o.s.d.r.c.RepositoryConfigurationDelegate [] - Multiple Spring Data modules found, entering strict repository configuration mode
2025-11-18 12:14:25 [restartedMain] INFO  o.s.d.r.c.RepositoryConfigurationDelegate [] - Bootstrapping Spring Data JPA repositories in DEFAULT mode.
2025-11-18 12:14:25 [restartedMain] INFO  o.s.d.r.c.RepositoryConfigurationDelegate [] - Finished Spring Data repository scanning in 30 ms. Found 3 JPA repository interfaces.
2025-11-18 12:14:25 [restartedMain] WARN  o.s.c.s.PostProcessorRegistrationDelegate$BeanPostProcessorChecker [] - Bean 'net.bull.javamelody.JavaMelodyAutoConfiguration' of type [net.bull.javamelody.JavaMelodyAutoConfiguration$$SpringCGLIB$$0] is not eligible for getting processed by all BeanPostProcessors (for example: not eligible for auto-proxying). The currently created BeanPostProcessor [monitoringDataSourceBeanPostProcessor] is declared through a non-static factory method on that class; consider declaring it as static instead.
2025-11-18 12:14:25 [restartedMain] WARN  o.s.c.s.PostProcessorRegistrationDelegate$BeanPostProcessorChecker [] - Bean 'monitoringSpringAdvisor' of type [net.bull.javamelody.MonitoringSpringAdvisor] is not eligible for getting processed by all BeanPostProcessors (for example: not eligible for auto-proxying). Is this bean getting eagerly injected/applied to a currently created BeanPostProcessor [projectingArgumentResolverBeanPostProcessor]? Check the corresponding BeanPostProcessor declaration and its dependencies/advisors. If this bean does not have to be post-processed, declare it with ROLE_INFRASTRUCTURE.
2025-11-18 12:14:25 [restartedMain] WARN  o.s.c.s.PostProcessorRegistrationDelegate$BeanPostProcessorChecker [] - Bean 'monitoringSpringServiceAdvisor' of type [net.bull.javamelody.MonitoringSpringAdvisor] is not eligible for getting processed by all BeanPostProcessors (for example: not eligible for auto-proxying). Is this bean getting eagerly injected/applied to a currently created BeanPostProcessor [projectingArgumentResolverBeanPostProcessor]? Check the corresponding BeanPostProcessor declaration and its dependencies/advisors. If this bean does not have to be post-processed, declare it with ROLE_INFRASTRUCTURE.
2025-11-18 12:14:25 [restartedMain] WARN  o.s.c.s.PostProcessorRegistrationDelegate$BeanPostProcessorChecker [] - Bean 'monitoringSpringControllerAdvisor' of type [net.bull.javamelody.MonitoringSpringAdvisor] is not eligible for getting processed by all BeanPostProcessors (for example: not eligible for auto-proxying). Is this bean getting eagerly injected/applied to a currently created BeanPostProcessor [projectingArgumentResolverBeanPostProcessor]? Check the corresponding BeanPostProcessor declaration and its dependencies/advisors. If this bean does not have to be post-processed, declare it with ROLE_INFRASTRUCTURE.
2025-11-18 12:14:25 [restartedMain] WARN  o.s.c.s.PostProcessorRegistrationDelegate$BeanPostProcessorChecker [] - Bean 'monitoringSpringRestControllerAdvisor' of type [net.bull.javamelody.MonitoringSpringAdvisor] is not eligible for getting processed by all BeanPostProcessors (for example: not eligible for auto-proxying). Is this bean getting eagerly injected/applied to a currently created BeanPostProcessor [projectingArgumentResolverBeanPostProcessor]? Check the corresponding BeanPostProcessor declaration and its dependencies/advisors. If this bean does not have to be post-processed, declare it with ROLE_INFRASTRUCTURE.
2025-11-18 12:14:25 [restartedMain] WARN  o.s.c.s.PostProcessorRegistrationDelegate$BeanPostProcessorChecker [] - Bean 'monitoringSpringAsyncAdvisor' of type [net.bull.javamelody.MonitoringSpringAdvisor] is not eligible for getting processed by all BeanPostProcessors (for example: not eligible for auto-proxying). Is this bean getting eagerly injected/applied to a currently created BeanPostProcessor [projectingArgumentResolverBeanPostProcessor]? Check the corresponding BeanPostProcessor declaration and its dependencies/advisors. If this bean does not have to be post-processed, declare it with ROLE_INFRASTRUCTURE.
2025-11-18 12:14:25 [restartedMain] WARN  o.s.c.s.PostProcessorRegistrationDelegate$BeanPostProcessorChecker [] - Bean 'monitoringSpringScheduledAdvisor' of type [net.bull.javamelody.MonitoringSpringAdvisor] is not eligible for getting processed by all BeanPostProcessors (for example: not eligible for auto-proxying). Is this bean getting eagerly injected/applied to a currently created BeanPostProcessor [projectingArgumentResolverBeanPostProcessor]? Check the corresponding BeanPostProcessor declaration and its dependencies/advisors. If this bean does not have to be post-processed, declare it with ROLE_INFRASTRUCTURE.
2025-11-18 12:14:26 [restartedMain] INFO  o.s.b.w.e.tomcat.TomcatWebServer [] - Tomcat initialized with port 9001 (http)
2025-11-18 12:14:26 [restartedMain] INFO  o.a.coyote.http11.Http11NioProtocol [] - Initializing ProtocolHandler ["http-nio-9001"]
2025-11-18 12:14:26 [restartedMain] INFO  o.a.catalina.core.StandardService [] - Starting service [Tomcat]
2025-11-18 12:14:26 [restartedMain] INFO  o.a.catalina.core.StandardEngine [] - Starting Servlet engine: [Apache Tomcat/10.1.44]
2025-11-18 12:14:26 [restartedMain] INFO  o.a.c.c.C.[Tomcat].[localhost].[/] [] - Initializing Spring embedded WebApplicationContext
2025-11-18 12:14:26 [restartedMain] INFO  o.s.b.w.s.c.ServletWebServerApplicationContext [] - Root WebApplicationContext: initialization completed in 2661 ms
2025-11-18 12:14:27 [restartedMain] DEBUG c.u.U.security.JwtRequestFilter [] - Filter 'jwtRequestFilter' configured for use
2025-11-18 12:14:27 [restartedMain] DEBUG c.u.U.security.ApiFilter [] - Filter 'apiFilter' configured for use
2025-11-18 12:14:27 [restartedMain] INFO  o.h.jpa.internal.util.LogHelper [] - HHH000204: Processing PersistenceUnitInfo [name: default]
2025-11-18 12:14:27 [restartedMain] INFO  org.hibernate.Version [] - HHH000412: Hibernate ORM core version 6.6.26.Final
2025-11-18 12:14:27 [restartedMain] INFO  o.h.c.i.RegionFactoryInitiator [] - HHH000026: Second-level cache disabled
2025-11-18 12:14:28 [restartedMain] INFO  o.s.o.j.p.SpringPersistenceUnitInfo [] - No LoadTimeWeaver setup: ignoring JPA class transformer
2025-11-18 12:14:28 [restartedMain] INFO  com.zaxxer.hikari.HikariDataSource [] - HikariPool-1 - Starting...
2025-11-18 12:14:28 [restartedMain] INFO  com.zaxxer.hikari.pool.HikariPool [] - HikariPool-1 - Added connection com.mysql.cj.jdbc.ConnectionImpl@2d24f86f
2025-11-18 12:14:28 [restartedMain] INFO  com.zaxxer.hikari.HikariDataSource [] - HikariPool-1 - Start completed.
2025-11-18 12:14:28 [restartedMain] WARN  org.hibernate.orm.deprecation [] - HHH90000025: MySQL8Dialect does not need to be specified explicitly using 'hibernate.dialect' (remove the property setting and it will be selected by default)
2025-11-18 12:14:28 [restartedMain] WARN  org.hibernate.orm.deprecation [] - HHH90000026: MySQL8Dialect has been deprecated; use org.hibernate.dialect.MySQLDialect instead
2025-11-18 12:14:28 [restartedMain] INFO  o.hibernate.orm.connections.pooling [] - HHH10001005: Database info:
	Database JDBC URL [Connecting through datasource 'HikariDataSource (HikariPool-1)']
	Database driver: undefined/unknown
	Database version: 8.0
	Autocommit mode: undefined/unknown
	Isolation level: undefined/unknown
	Minimum pool size: undefined/unknown
	Maximum pool size: undefined/unknown
2025-11-18 12:14:28 [restartedMain] DEBUG o.h.t.d.sql.spi.DdlTypeRegistry [] - addDescriptor(12, org.hibernate.type.descriptor.sql.internal.CapacityDependentDdlType@73f23fd5) replaced previous registration(org.hibernate.type.descriptor.sql.internal.CapacityDependentDdlType@61a8a17d)
2025-11-18 12:14:28 [restartedMain] DEBUG o.h.t.d.sql.spi.DdlTypeRegistry [] - addDescriptor(-9, org.hibernate.type.descriptor.sql.internal.CapacityDependentDdlType@64124592) replaced previous registration(org.hibernate.type.descriptor.sql.internal.CapacityDependentDdlType@ad67e06)
2025-11-18 12:14:28 [restartedMain] DEBUG o.h.t.d.sql.spi.DdlTypeRegistry [] - addDescriptor(-3, org.hibernate.type.descriptor.sql.internal.CapacityDependentDdlType@6838e41e) replaced previous registration(org.hibernate.type.descriptor.sql.internal.CapacityDependentDdlType@4cbf132d)
2025-11-18 12:14:28 [restartedMain] DEBUG o.h.t.d.sql.spi.DdlTypeRegistry [] - addDescriptor(4003, org.hibernate.type.descriptor.sql.internal.DdlTypeImpl@3a77e1fd) replaced previous registration(org.hibernate.type.descriptor.sql.internal.DdlTypeImpl@3e88efb)
2025-11-18 12:14:28 [restartedMain] DEBUG o.h.t.d.sql.spi.DdlTypeRegistry [] - addDescriptor(4001, org.hibernate.type.descriptor.sql.internal.DdlTypeImpl@2cdf928c) replaced previous registration(org.hibernate.type.descriptor.sql.internal.DdlTypeImpl@18cdda41)
2025-11-18 12:14:28 [restartedMain] DEBUG o.h.t.d.sql.spi.DdlTypeRegistry [] - addDescriptor(4002, org.hibernate.type.descriptor.sql.internal.DdlTypeImpl@1d30b8ac) replaced previous registration(org.hibernate.type.descriptor.sql.internal.DdlTypeImpl@5a6872a7)
2025-11-18 12:14:28 [restartedMain] DEBUG o.h.t.d.sql.spi.DdlTypeRegistry [] - addDescriptor(2004, org.hibernate.type.descriptor.sql.internal.CapacityDependentDdlType@a73d094) replaced previous registration(org.hibernate.type.descriptor.sql.internal.DdlTypeImpl@7c9a0c49)
2025-11-18 12:14:28 [restartedMain] DEBUG o.h.t.d.sql.spi.DdlTypeRegistry [] - addDescriptor(2005, org.hibernate.type.descriptor.sql.internal.CapacityDependentDdlType@64f72eae) replaced previous registration(org.hibernate.type.descriptor.sql.internal.DdlTypeImpl@7d9385dd)
2025-11-18 12:14:28 [restartedMain] DEBUG o.h.t.d.sql.spi.DdlTypeRegistry [] - addDescriptor(2011, org.hibernate.type.descriptor.sql.internal.CapacityDependentDdlType@69700d8b) replaced previous registration(org.hibernate.type.descriptor.sql.internal.DdlTypeImpl@4524bca8)
2025-11-18 12:14:29 [restartedMain] INFO  o.h.e.t.j.p.i.JtaPlatformInitiator [] - HHH000489: No JTA platform available (set 'hibernate.transaction.jta.platform' to enable JTA platform integration)
2025-11-18 12:14:30 [restartedMain] INFO  o.s.o.j.LocalContainerEntityManagerFactoryBean [] - Initialized JPA EntityManagerFactory for persistence unit 'default'
2025-11-18 12:14:30 [restartedMain] WARN  o.s.b.a.o.j.JpaBaseConfiguration$JpaWebConfiguration [] - spring.jpa.open-in-view is enabled by default. Therefore, database queries may be performed during view rendering. Explicitly configure spring.jpa.open-in-view to disable this warning
2025-11-18 12:14:31 [restartedMain] INFO  o.s.v.b.OptionalValidatorFactoryBean [] - Failed to set up a Bean Validation provider: jakarta.validation.NoProviderFoundException: Unable to create a Configuration, because no Jakarta Bean Validation provider could be found. Add a provider like Hibernate Validator (RI) to your classpath.
2025-11-18 12:14:31 [restartedMain] INFO  o.s.b.d.a.OptionalLiveReloadServer [] - LiveReload server is running on port 35729
2025-11-18 12:14:31 [restartedMain] INFO  o.a.coyote.http11.Http11NioProtocol [] - Starting ProtocolHandler ["http-nio-9001"]
2025-11-18 12:14:31 [restartedMain] INFO  o.s.b.w.e.tomcat.TomcatWebServer [] - Tomcat started on port 9001 (http) with context path '/'
2025-11-18 12:14:31 [restartedMain] INFO  c.u.U.UsersMicroserviceApplication [] - Started UsersMicroserviceApplication in 8.76 seconds (process running for 9.367)
2025-11-18 12:14:35 [SpringApplicationShutdownHook] INFO  o.s.b.w.e.tomcat.GracefulShutdown [] - Commencing graceful shutdown. Waiting for active requests to complete
2025-11-18 12:14:35 [tomcat-shutdown] INFO  o.s.b.w.e.tomcat.GracefulShutdown [] - Graceful shutdown complete
2025-11-18 12:14:35 [SpringApplicationShutdownHook] INFO  o.s.o.j.LocalContainerEntityManagerFactoryBean [] - Closing JPA EntityManagerFactory for persistence unit 'default'
2025-11-18 12:14:35 [SpringApplicationShutdownHook] INFO  com.zaxxer.hikari.HikariDataSource [] - HikariPool-1 - Shutdown initiated...
2025-11-18 12:14:35 [SpringApplicationShutdownHook] INFO  com.zaxxer.hikari.HikariDataSource [] - HikariPool-1 - Shutdown completed.
2025-11-18 12:15:59 [main] INFO  c.u.U.UserControllerTest [] - Starting UserControllerTest using Java 17.0.1 with PID 7188 (started by rober in D:\Documents\micro_backend\UsersMicroservice)
2025-11-18 12:15:59 [main] DEBUG c.u.U.UserControllerTest [] - Running with Spring Boot v3.5.5, Spring v6.2.10
2025-11-18 12:15:59 [main] INFO  c.u.U.UserControllerTest [] - The following 1 profile is active: "local"
2025-11-18 12:16:01 [main] INFO  o.s.v.b.OptionalValidatorFactoryBean [] - Failed to set up a Bean Validation provider: jakarta.validation.NoProviderFoundException: Unable to create a Configuration, because no Jakarta Bean Validation provider could be found. Add a provider like Hibernate Validator (RI) to your classpath.
2025-11-18 12:16:01 [main] WARN  o.s.b.a.s.s.UserDetailsServiceAutoConfiguration [] - 

Using generated security password: 380b658d-c5a2-4dcc-95a9-bf76690d0a1f

This generated password is for development use only. Your security configuration must be updated before running your application in production.

2025-11-18 12:16:01 [main] INFO  o.s.s.c.a.a.c.InitializeUserDetailsBeanManagerConfigurer$InitializeUserDetailsManagerConfigurer [] - Global AuthenticationManager configured with UserDetailsService bean with name inMemoryUserDetailsManager
2025-11-18 12:16:01 [main] DEBUG c.u.U.security.JwtRequestFilter [] - Filter 'jwtRequestFilter' configured for use
2025-11-18 12:16:01 [main] INFO  o.s.b.t.m.w.SpringBootMockServletContext [] - Initializing Spring TestDispatcherServlet ''
2025-11-18 12:16:01 [main] INFO  o.s.t.w.s.TestDispatcherServlet [] - Initializing Servlet ''
2025-11-18 12:16:01 [main] INFO  o.s.t.w.s.TestDispatcherServlet [] - Completed initialization in 6 ms
2025-11-18 12:16:01 [main] INFO  c.u.U.UserControllerTest [] - Started UserControllerTest in 3.29 seconds (process running for 4.682)
2025-11-18 12:27:19 [main] INFO  c.u.U.UserControllerTest [] - Starting UserControllerTest using Java 17.0.1 with PID 28652 (started by rober in D:\Documents\micro_backend\UsersMicroservice)
2025-11-18 12:27:19 [main] DEBUG c.u.U.UserControllerTest [] - Running with Spring Boot v3.5.5, Spring v6.2.10
2025-11-18 12:27:19 [main] INFO  c.u.U.UserControllerTest [] - The following 1 profile is active: "local"
2025-11-18 12:27:21 [main] INFO  o.s.v.b.OptionalValidatorFactoryBean [] - Failed to set up a Bean Validation provider: jakarta.validation.NoProviderFoundException: Unable to create a Configuration, because no Jakarta Bean Validation provider could be found. Add a provider like Hibernate Validator (RI) to your classpath.
2025-11-18 12:27:22 [main] WARN  o.s.b.a.s.s.UserDetailsServiceAutoConfiguration [] - 

Using generated security password: 02c2bc31-e1f8-4785-8bd9-0a9c59c14dce

This generated password is for development use only. Your security configuration must be updated before running your application in production.

2025-11-18 12:27:22 [main] INFO  o.s.s.c.a.a.c.InitializeUserDetailsBeanManagerConfigurer$InitializeUserDetailsManagerConfigurer [] - Global AuthenticationManager configured with UserDetailsService bean with name inMemoryUserDetailsManager
2025-11-18 12:27:22 [main] INFO  o.s.b.t.m.w.SpringBootMockServletContext [] - Initializing Spring TestDispatcherServlet ''
2025-11-18 12:27:22 [main] INFO  o.s.t.w.s.TestDispatcherServlet [] - Initializing Servlet ''
2025-11-18 12:27:22 [main] INFO  o.s.t.w.s.TestDispatcherServlet [] - Completed initialization in 2 ms
2025-11-18 12:27:22 [main] INFO  c.u.U.UserControllerTest [] - Started UserControllerTest in 3.446 seconds (process running for 4.979)
2025-11-18 12:27:22 [main] TRACE c.u.U.controllers.UserController [] - POST /user/register email: carlos@example.com
2025-11-18 15:53:22 [restartedMain] INFO  c.u.U.UsersMicroserviceApplication [] - Starting UsersMicroserviceApplication using Java 17.0.1 with PID 23052 (D:\Documents\micro_backend\UsersMicroservice\target\classes started by rober in D:\Documents\micro_backend\UsersMicroservice)
2025-11-18 15:53:22 [restartedMain] DEBUG c.u.U.UsersMicroserviceApplication [] - Running with Spring Boot v3.5.5, Spring v6.2.10
2025-11-18 15:53:22 [restartedMain] INFO  c.u.U.UsersMicroserviceApplication [] - The following 1 profile is active: "local"
2025-11-18 15:53:22 [restartedMain] INFO  o.s.b.d.e.DevToolsPropertyDefaultsPostProcessor [] - Devtools property defaults active! Set 'spring.devtools.add-properties' to 'false' to disable
2025-11-18 15:53:22 [restartedMain] INFO  o.s.b.d.e.DevToolsPropertyDefaultsPostProcessor [] - For additional web related logging consider setting the 'logging.level.web' property to 'DEBUG'
2025-11-18 15:53:24 [restartedMain] INFO  o.s.d.r.c.RepositoryConfigurationDelegate [] - Multiple Spring Data modules found, entering strict repository configuration mode
2025-11-18 15:53:24 [restartedMain] INFO  o.s.d.r.c.RepositoryConfigurationDelegate [] - Bootstrapping Spring Data JDBC repositories in DEFAULT mode.
2025-11-18 15:53:24 [restartedMain] INFO  o.s.d.r.c.RepositoryConfigurationExtensionSupport [] - Spring Data JDBC - Could not safely identify store assignment for repository candidate interface com.users.UsersMicroservice.repositories.BookListRepository; If you want this repository to be a JDBC repository, consider annotating your entities with one of these annotations: org.springframework.data.relational.core.mapping.Table.
2025-11-18 15:53:24 [restartedMain] INFO  o.s.d.r.c.RepositoryConfigurationExtensionSupport [] - Spring Data JDBC - Could not safely identify store assignment for repository candidate interface com.users.UsersMicroservice.repositories.UserEntityRepository; If you want this repository to be a JDBC repository, consider annotating your entities with one of these annotations: org.springframework.data.relational.core.mapping.Table.
2025-11-18 15:53:24 [restartedMain] INFO  o.s.d.r.c.RepositoryConfigurationExtensionSupport [] - Spring Data JDBC - Could not safely identify store assignment for repository candidate interface com.users.UsersMicroservice.repositories.UserListRepository; If you want this repository to be a JDBC repository, consider annotating your entities with one of these annotations: org.springframework.data.relational.core.mapping.Table.
2025-11-18 15:53:24 [restartedMain] INFO  o.s.d.r.c.RepositoryConfigurationDelegate [] - Finished Spring Data repository scanning in 55 ms. Found 0 JDBC repository interfaces.
2025-11-18 15:53:24 [restartedMain] INFO  o.s.d.r.c.RepositoryConfigurationDelegate [] - Multiple Spring Data modules found, entering strict repository configuration mode
2025-11-18 15:53:24 [restartedMain] INFO  o.s.d.r.c.RepositoryConfigurationDelegate [] - Bootstrapping Spring Data JPA repositories in DEFAULT mode.
2025-11-18 15:53:24 [restartedMain] INFO  o.s.d.r.c.RepositoryConfigurationDelegate [] - Finished Spring Data repository scanning in 40 ms. Found 3 JPA repository interfaces.
2025-11-18 15:53:25 [restartedMain] WARN  o.s.c.s.PostProcessorRegistrationDelegate$BeanPostProcessorChecker [] - Bean 'net.bull.javamelody.JavaMelodyAutoConfiguration' of type [net.bull.javamelody.JavaMelodyAutoConfiguration$$SpringCGLIB$$0] is not eligible for getting processed by all BeanPostProcessors (for example: not eligible for auto-proxying). The currently created BeanPostProcessor [monitoringDataSourceBeanPostProcessor] is declared through a non-static factory method on that class; consider declaring it as static instead.
2025-11-18 15:53:25 [restartedMain] WARN  o.s.c.s.PostProcessorRegistrationDelegate$BeanPostProcessorChecker [] - Bean 'monitoringSpringAdvisor' of type [net.bull.javamelody.MonitoringSpringAdvisor] is not eligible for getting processed by all BeanPostProcessors (for example: not eligible for auto-proxying). Is this bean getting eagerly injected/applied to a currently created BeanPostProcessor [projectingArgumentResolverBeanPostProcessor]? Check the corresponding BeanPostProcessor declaration and its dependencies/advisors. If this bean does not have to be post-processed, declare it with ROLE_INFRASTRUCTURE.
2025-11-18 15:53:25 [restartedMain] WARN  o.s.c.s.PostProcessorRegistrationDelegate$BeanPostProcessorChecker [] - Bean 'monitoringSpringServiceAdvisor' of type [net.bull.javamelody.MonitoringSpringAdvisor] is not eligible for getting processed by all BeanPostProcessors (for example: not eligible for auto-proxying). Is this bean getting eagerly injected/applied to a currently created BeanPostProcessor [projectingArgumentResolverBeanPostProcessor]? Check the corresponding BeanPostProcessor declaration and its dependencies/advisors. If this bean does not have to be post-processed, declare it with ROLE_INFRASTRUCTURE.
2025-11-18 15:53:25 [restartedMain] WARN  o.s.c.s.PostProcessorRegistrationDelegate$BeanPostProcessorChecker [] - Bean 'monitoringSpringControllerAdvisor' of type [net.bull.javamelody.MonitoringSpringAdvisor] is not eligible for getting processed by all BeanPostProcessors (for example: not eligible for auto-proxying). Is this bean getting eagerly injected/applied to a currently created BeanPostProcessor [projectingArgumentResolverBeanPostProcessor]? Check the corresponding BeanPostProcessor declaration and its dependencies/advisors. If this bean does not have to be post-processed, declare it with ROLE_INFRASTRUCTURE.
2025-11-18 15:53:25 [restartedMain] WARN  o.s.c.s.PostProcessorRegistrationDelegate$BeanPostProcessorChecker [] - Bean 'monitoringSpringRestControllerAdvisor' of type [net.bull.javamelody.MonitoringSpringAdvisor] is not eligible for getting processed by all BeanPostProcessors (for example: not eligible for auto-proxying). Is this bean getting eagerly injected/applied to a currently created BeanPostProcessor [projectingArgumentResolverBeanPostProcessor]? Check the corresponding BeanPostProcessor declaration and its dependencies/advisors. If this bean does not have to be post-processed, declare it with ROLE_INFRASTRUCTURE.
2025-11-18 15:53:25 [restartedMain] WARN  o.s.c.s.PostProcessorRegistrationDelegate$BeanPostProcessorChecker [] - Bean 'monitoringSpringAsyncAdvisor' of type [net.bull.javamelody.MonitoringSpringAdvisor] is not eligible for getting processed by all BeanPostProcessors (for example: not eligible for auto-proxying). Is this bean getting eagerly injected/applied to a currently created BeanPostProcessor [projectingArgumentResolverBeanPostProcessor]? Check the corresponding BeanPostProcessor declaration and its dependencies/advisors. If this bean does not have to be post-processed, declare it with ROLE_INFRASTRUCTURE.
2025-11-18 15:53:25 [restartedMain] WARN  o.s.c.s.PostProcessorRegistrationDelegate$BeanPostProcessorChecker [] - Bean 'monitoringSpringScheduledAdvisor' of type [net.bull.javamelody.MonitoringSpringAdvisor] is not eligible for getting processed by all BeanPostProcessors (for example: not eligible for auto-proxying). Is this bean getting eagerly injected/applied to a currently created BeanPostProcessor [projectingArgumentResolverBeanPostProcessor]? Check the corresponding BeanPostProcessor declaration and its dependencies/advisors. If this bean does not have to be post-processed, declare it with ROLE_INFRASTRUCTURE.
2025-11-18 15:53:26 [restartedMain] INFO  o.s.b.w.e.tomcat.TomcatWebServer [] - Tomcat initialized with port 9001 (http)
2025-11-18 15:53:26 [restartedMain] INFO  o.a.coyote.http11.Http11NioProtocol [] - Initializing ProtocolHandler ["http-nio-9001"]
2025-11-18 15:53:26 [restartedMain] INFO  o.a.catalina.core.StandardService [] - Starting service [Tomcat]
2025-11-18 15:53:26 [restartedMain] INFO  o.a.catalina.core.StandardEngine [] - Starting Servlet engine: [Apache Tomcat/10.1.44]
2025-11-18 15:53:27 [restartedMain] INFO  o.a.c.c.C.[Tomcat].[localhost].[/] [] - Initializing Spring embedded WebApplicationContext
2025-11-18 15:53:27 [restartedMain] INFO  o.s.b.w.s.c.ServletWebServerApplicationContext [] - Root WebApplicationContext: initialization completed in 4223 ms
2025-11-18 15:53:29 [restartedMain] DEBUG c.u.U.security.JwtRequestFilter [] - Filter 'jwtRequestFilter' configured for use
2025-11-18 15:53:29 [restartedMain] DEBUG c.u.U.security.ApiFilter [] - Filter 'apiFilter' configured for use
2025-11-18 15:53:29 [restartedMain] INFO  o.h.jpa.internal.util.LogHelper [] - HHH000204: Processing PersistenceUnitInfo [name: default]
2025-11-18 15:53:29 [restartedMain] INFO  org.hibernate.Version [] - HHH000412: Hibernate ORM core version 6.6.26.Final
2025-11-18 15:53:29 [restartedMain] INFO  o.h.c.i.RegionFactoryInitiator [] - HHH000026: Second-level cache disabled
2025-11-18 15:53:30 [restartedMain] INFO  o.s.o.j.p.SpringPersistenceUnitInfo [] - No LoadTimeWeaver setup: ignoring JPA class transformer
2025-11-18 15:53:30 [restartedMain] INFO  com.zaxxer.hikari.HikariDataSource [] - HikariPool-1 - Starting...
2025-11-18 15:53:30 [restartedMain] INFO  com.zaxxer.hikari.pool.HikariPool [] - HikariPool-1 - Added connection com.mysql.cj.jdbc.ConnectionImpl@53c5e368
2025-11-18 15:53:30 [restartedMain] INFO  com.zaxxer.hikari.HikariDataSource [] - HikariPool-1 - Start completed.
2025-11-18 15:53:30 [restartedMain] WARN  org.hibernate.orm.deprecation [] - HHH90000025: MySQL8Dialect does not need to be specified explicitly using 'hibernate.dialect' (remove the property setting and it will be selected by default)
2025-11-18 15:53:30 [restartedMain] WARN  org.hibernate.orm.deprecation [] - HHH90000026: MySQL8Dialect has been deprecated; use org.hibernate.dialect.MySQLDialect instead
2025-11-18 15:53:30 [restartedMain] INFO  o.hibernate.orm.connections.pooling [] - HHH10001005: Database info:
	Database JDBC URL [Connecting through datasource 'HikariDataSource (HikariPool-1)']
	Database driver: undefined/unknown
	Database version: 8.0
	Autocommit mode: undefined/unknown
	Isolation level: undefined/unknown
	Minimum pool size: undefined/unknown
	Maximum pool size: undefined/unknown
2025-11-18 15:53:30 [restartedMain] DEBUG o.h.t.d.sql.spi.DdlTypeRegistry [] - addDescriptor(12, org.hibernate.type.descriptor.sql.internal.CapacityDependentDdlType@492cd395) replaced previous registration(org.hibernate.type.descriptor.sql.internal.CapacityDependentDdlType@1d4240df)
2025-11-18 15:53:30 [restartedMain] DEBUG o.h.t.d.sql.spi.DdlTypeRegistry [] - addDescriptor(-9, org.hibernate.type.descriptor.sql.internal.CapacityDependentDdlType@22f9ff42) replaced previous registration(org.hibernate.type.descriptor.sql.internal.CapacityDependentDdlType@1547cacf)
2025-11-18 15:53:30 [restartedMain] DEBUG o.h.t.d.sql.spi.DdlTypeRegistry [] - addDescriptor(-3, org.hibernate.type.descriptor.sql.internal.CapacityDependentDdlType@3ad81389) replaced previous registration(org.hibernate.type.descriptor.sql.internal.CapacityDependentDdlType@3513f8b5)
2025-11-18 15:53:30 [restartedMain] DEBUG o.h.t.d.sql.spi.DdlTypeRegistry [] - addDescriptor(4003, org.hibernate.type.descriptor.sql.internal.DdlTypeImpl@587d12ba) replaced previous registration(org.hibernate.type.descriptor.sql.internal.DdlTypeImpl@73c7bac8)
2025-11-18 15:53:30 [restartedMain] DEBUG o.h.t.d.sql.spi.DdlTypeRegistry [] - addDescriptor(4001, org.hibernate.type.descriptor.sql.internal.DdlTypeImpl@9f9bb62) replaced previous registration(org.hibernate.type.descriptor.sql.internal.DdlTypeImpl@23852cb8)
2025-11-18 15:53:30 [restartedMain] DEBUG o.h.t.d.sql.spi.DdlTypeRegistry [] - addDescriptor(4002, org.hibernate.type.descriptor.sql.internal.DdlTypeImpl@13dd02b0) replaced previous registration(org.hibernate.type.descriptor.sql.internal.DdlTypeImpl@5d02fbf9)
2025-11-18 15:53:30 [restartedMain] DEBUG o.h.t.d.sql.spi.DdlTypeRegistry [] - addDescriptor(2004, org.hibernate.type.descriptor.sql.internal.CapacityDependentDdlType@19647990) replaced previous registration(org.hibernate.type.descriptor.sql.internal.DdlTypeImpl@138e76e8)
2025-11-18 15:53:30 [restartedMain] DEBUG o.h.t.d.sql.spi.DdlTypeRegistry [] - addDescriptor(2005, org.hibernate.type.descriptor.sql.internal.CapacityDependentDdlType@683d3eab) replaced previous registration(org.hibernate.type.descriptor.sql.internal.DdlTypeImpl@22aadd66)
2025-11-18 15:53:30 [restartedMain] DEBUG o.h.t.d.sql.spi.DdlTypeRegistry [] - addDescriptor(2011, org.hibernate.type.descriptor.sql.internal.CapacityDependentDdlType@1838885a) replaced previous registration(org.hibernate.type.descriptor.sql.internal.DdlTypeImpl@78618483)
2025-11-18 15:53:32 [restartedMain] INFO  o.h.e.t.j.p.i.JtaPlatformInitiator [] - HHH000489: No JTA platform available (set 'hibernate.transaction.jta.platform' to enable JTA platform integration)
2025-11-18 15:53:32 [restartedMain] INFO  o.s.o.j.LocalContainerEntityManagerFactoryBean [] - Initialized JPA EntityManagerFactory for persistence unit 'default'
2025-11-18 15:53:33 [restartedMain] WARN  o.s.b.a.o.j.JpaBaseConfiguration$JpaWebConfiguration [] - spring.jpa.open-in-view is enabled by default. Therefore, database queries may be performed during view rendering. Explicitly configure spring.jpa.open-in-view to disable this warning
2025-11-18 15:53:33 [restartedMain] INFO  o.s.v.b.OptionalValidatorFactoryBean [] - Failed to set up a Bean Validation provider: jakarta.validation.NoProviderFoundException: Unable to create a Configuration, because no Jakarta Bean Validation provider could be found. Add a provider like Hibernate Validator (RI) to your classpath.
2025-11-18 15:53:33 [restartedMain] WARN  o.s.b.w.s.c.AnnotationConfigServletWebServerApplicationContext [] - Exception encountered during context initialization - cancelling refresh attempt: org.springframework.beans.factory.BeanCreationException: Error creating bean with name 'handlerExceptionResolver' defined in class path resource [org/springframework/boot/autoconfigure/web/servlet/WebMvcAutoConfiguration$EnableWebMvcConfiguration.class]: Failed to instantiate [org.springframework.web.servlet.HandlerExceptionResolver]: Factory method 'handlerExceptionResolver' threw exception with message: Ambiguous @ExceptionHandler method mapped for [ExceptionHandler{exceptionType=org.springframework.web.bind.MethodArgumentNotValidException, mediaType=*/*}]: {public org.springframework.http.ResponseEntity com.users.UsersMicroservice.erroconfig.GlobalControllerAdvice.handleValidationExceptions(org.springframework.web.bind.MethodArgumentNotValidException), public final org.springframework.http.ResponseEntity org.springframework.web.servlet.mvc.method.annotation.ResponseEntityExceptionHandler.handleException(java.lang.Exception,org.springframework.web.context.request.WebRequest) throws java.lang.Exception}
2025-11-18 15:53:33 [restartedMain] INFO  o.s.o.j.LocalContainerEntityManagerFactoryBean [] - Closing JPA EntityManagerFactory for persistence unit 'default'
2025-11-18 15:53:33 [restartedMain] INFO  com.zaxxer.hikari.HikariDataSource [] - HikariPool-1 - Shutdown initiated...
2025-11-18 15:53:33 [restartedMain] INFO  com.zaxxer.hikari.HikariDataSource [] - HikariPool-1 - Shutdown completed.
2025-11-18 15:53:33 [restartedMain] INFO  o.a.catalina.core.StandardService [] - Stopping service [Tomcat]
2025-11-18 15:53:33 [restartedMain] INFO  o.s.b.a.l.ConditionEvaluationReportLogger [] - 

Error starting ApplicationContext. To display the condition evaluation report re-run your application with 'debug' enabled.
2025-11-18 15:53:33 [restartedMain] ERROR o.s.boot.SpringApplication [] - Application run failed
org.springframework.beans.factory.BeanCreationException: Error creating bean with name 'handlerExceptionResolver' defined in class path resource [org/springframework/boot/autoconfigure/web/servlet/WebMvcAutoConfiguration$EnableWebMvcConfiguration.class]: Failed to instantiate [org.springframework.web.servlet.HandlerExceptionResolver]: Factory method 'handlerExceptionResolver' threw exception with message: Ambiguous @ExceptionHandler method mapped for [ExceptionHandler{exceptionType=org.springframework.web.bind.MethodArgumentNotValidException, mediaType=*/*}]: {public org.springframework.http.ResponseEntity com.users.UsersMicroservice.erroconfig.GlobalControllerAdvice.handleValidationExceptions(org.springframework.web.bind.MethodArgumentNotValidException), public final org.springframework.http.ResponseEntity org.springframework.web.servlet.mvc.method.annotation.ResponseEntityExceptionHandler.handleException(java.lang.Exception,org.springframework.web.context.request.WebRequest) throws java.lang.Exception}
	at org.springframework.beans.factory.support.ConstructorResolver.instantiate(ConstructorResolver.java:657)
	at org.springframework.beans.factory.support.ConstructorResolver.instantiateUsingFactoryMethod(ConstructorResolver.java:645)
	at org.springframework.beans.factory.support.AbstractAutowireCapableBeanFactory.instantiateUsingFactoryMethod(AbstractAutowireCapableBeanFactory.java:1375)
	at org.springframework.beans.factory.support.AbstractAutowireCapableBeanFactory.createBeanInstance(AbstractAutowireCapableBeanFactory.java:1205)
	at org.springframework.beans.factory.support.AbstractAutowireCapableBeanFactory.doCreateBean(AbstractAutowireCapableBeanFactory.java:569)
	at org.springframework.beans.factory.support.AbstractAutowireCapableBeanFactory.createBean(AbstractAutowireCapableBeanFactory.java:529)
	at org.springframework.beans.factory.support.AbstractBeanFactory.lambda$doGetBean$0(AbstractBeanFactory.java:339)
	at org.springframework.beans.factory.support.DefaultSingletonBeanRegistry.getSingleton(DefaultSingletonBeanRegistry.java:373)
	at org.springframework.beans.factory.support.AbstractBeanFactory.doGetBean(AbstractBeanFactory.java:337)
	at org.springframework.beans.factory.support.AbstractBeanFactory.getBean(AbstractBeanFactory.java:202)
	at org.springframework.beans.factory.support.DefaultListableBeanFactory.instantiateSingleton(DefaultListableBeanFactory.java:1222)
	at org.springframework.beans.factory.support.DefaultListableBeanFactory.preInstantiateSingleton(DefaultListableBeanFactory.java:1188)
	at org.springframework.beans.factory.support.DefaultListableBeanFactory.preInstantiateSingletons(DefaultListableBeanFactory.java:1123)
	at org.springframework.context.support.AbstractApplicationContext.finishBeanFactoryInitialization(AbstractApplicationContext.java:987)
	at org.springframework.context.support.AbstractApplicationContext.refresh(AbstractApplicationContext.java:627)
	at org.springframework.boot.web.servlet.context.ServletWebServerApplicationContext.refresh(ServletWebServerApplicationContext.java:146)
	at org.springframework.boot.SpringApplication.refresh(SpringApplication.java:752)
	at org.springframework.boot.SpringApplication.refreshContext(SpringApplication.java:439)
	at org.springframework.boot.SpringApplication.run(SpringApplication.java:318)
	at org.springframework.boot.SpringApplication.run(SpringApplication.java:1361)
	at org.springframework.boot.SpringApplication.run(SpringApplication.java:1350)
	at com.users.UsersMicroservice.UsersMicroserviceApplication.main(UsersMicroserviceApplication.java:10)
	at java.base/jdk.internal.reflect.NativeMethodAccessorImpl.invoke0(Native Method)
	at java.base/jdk.internal.reflect.NativeMethodAccessorImpl.invoke(NativeMethodAccessorImpl.java:77)
	at java.base/jdk.internal.reflect.DelegatingMethodAccessorImpl.invoke(DelegatingMethodAccessorImpl.java:43)
	at java.base/java.lang.reflect.Method.invoke(Method.java:568)
	at org.springframework.boot.devtools.restart.RestartLauncher.run(RestartLauncher.java:50)
Caused by: org.springframework.beans.BeanInstantiationException: Failed to instantiate [org.springframework.web.servlet.HandlerExceptionResolver]: Factory method 'handlerExceptionResolver' threw exception with message: Ambiguous @ExceptionHandler method mapped for [ExceptionHandler{exceptionType=org.springframework.web.bind.MethodArgumentNotValidException, mediaType=*/*}]: {public org.springframework.http.ResponseEntity com.users.UsersMicroservice.erroconfig.GlobalControllerAdvice.handleValidationExceptions(org.springframework.web.bind.MethodArgumentNotValidException), public final org.springframework.http.ResponseEntity org.springframework.web.servlet.mvc.method.annotation.ResponseEntityExceptionHandler.handleException(java.lang.Exception,org.springframework.web.context.request.WebRequest) throws java.lang.Exception}
	at org.springframework.beans.factory.support.SimpleInstantiationStrategy.lambda$instantiate$0(SimpleInstantiationStrategy.java:200)
	at org.springframework.beans.factory.support.SimpleInstantiationStrategy.instantiateWithFactoryMethod(SimpleInstantiationStrategy.java:89)
	at org.springframework.beans.factory.support.SimpleInstantiationStrategy.instantiate(SimpleInstantiationStrategy.java:169)
	at org.springframework.beans.factory.support.ConstructorResolver.instantiate(ConstructorResolver.java:653)
	... 26 common frames omitted
Caused by: java.lang.IllegalStateException: Ambiguous @ExceptionHandler method mapped for [ExceptionHandler{exceptionType=org.springframework.web.bind.MethodArgumentNotValidException, mediaType=*/*}]: {public org.springframework.http.ResponseEntity com.users.UsersMicroservice.erroconfig.GlobalControllerAdvice.handleValidationExceptions(org.springframework.web.bind.MethodArgumentNotValidException), public final org.springframework.http.ResponseEntity org.springframework.web.servlet.mvc.method.annotation.ResponseEntityExceptionHandler.handleException(java.lang.Exception,org.springframework.web.context.request.WebRequest) throws java.lang.Exception}
	at org.springframework.web.method.annotation.ExceptionHandlerMethodResolver.addExceptionMapping(ExceptionHandlerMethodResolver.java:146)
	at org.springframework.web.method.annotation.ExceptionHandlerMethodResolver.<init>(ExceptionHandlerMethodResolver.java:99)
	at org.springframework.web.servlet.mvc.method.annotation.ExceptionHandlerExceptionResolver.initExceptionHandlerAdviceCache(ExceptionHandlerExceptionResolver.java:320)
	at org.springframework.web.servlet.mvc.method.annotation.ExceptionHandlerExceptionResolver.afterPropertiesSet(ExceptionHandlerExceptionResolver.java:287)
	at org.springframework.web.servlet.config.annotation.WebMvcConfigurationSupport.addDefaultHandlerExceptionResolvers(WebMvcConfigurationSupport.java:1084)
	at org.springframework.web.servlet.config.annotation.WebMvcConfigurationSupport.handlerExceptionResolver(WebMvcConfigurationSupport.java:1025)
	at java.base/jdk.internal.reflect.NativeMethodAccessorImpl.invoke0(Native Method)
	at java.base/jdk.internal.reflect.NativeMethodAccessorImpl.invoke(NativeMethodAccessorImpl.java:77)
	at java.base/jdk.internal.reflect.DelegatingMethodAccessorImpl.invoke(DelegatingMethodAccessorImpl.java:43)
	at java.base/java.lang.reflect.Method.invoke(Method.java:568)
	at org.springframework.beans.factory.support.SimpleInstantiationStrategy.lambda$instantiate$0(SimpleInstantiationStrategy.java:172)
	... 29 common frames omitted
2025-11-18 15:58:09 [restartedMain] INFO  c.u.U.UsersMicroserviceApplication [] - Starting UsersMicroserviceApplication using Java 17.0.1 with PID 7824 (D:\Documents\micro_backend\UsersMicroservice\target\classes started by rober in D:\Documents\micro_backend\UsersMicroservice)
2025-11-18 15:58:09 [restartedMain] DEBUG c.u.U.UsersMicroserviceApplication [] - Running with Spring Boot v3.5.5, Spring v6.2.10
2025-11-18 15:58:09 [restartedMain] INFO  c.u.U.UsersMicroserviceApplication [] - The following 1 profile is active: "local"
2025-11-18 15:58:09 [restartedMain] INFO  o.s.b.d.e.DevToolsPropertyDefaultsPostProcessor [] - Devtools property defaults active! Set 'spring.devtools.add-properties' to 'false' to disable
2025-11-18 15:58:09 [restartedMain] INFO  o.s.b.d.e.DevToolsPropertyDefaultsPostProcessor [] - For additional web related logging consider setting the 'logging.level.web' property to 'DEBUG'
2025-11-18 15:58:12 [restartedMain] INFO  o.s.d.r.c.RepositoryConfigurationDelegate [] - Multiple Spring Data modules found, entering strict repository configuration mode
2025-11-18 15:58:12 [restartedMain] INFO  o.s.d.r.c.RepositoryConfigurationDelegate [] - Bootstrapping Spring Data JDBC repositories in DEFAULT mode.
2025-11-18 15:58:12 [restartedMain] INFO  o.s.d.r.c.RepositoryConfigurationExtensionSupport [] - Spring Data JDBC - Could not safely identify store assignment for repository candidate interface com.users.UsersMicroservice.repositories.BookListRepository; If you want this repository to be a JDBC repository, consider annotating your entities with one of these annotations: org.springframework.data.relational.core.mapping.Table.
2025-11-18 15:58:12 [restartedMain] INFO  o.s.d.r.c.RepositoryConfigurationExtensionSupport [] - Spring Data JDBC - Could not safely identify store assignment for repository candidate interface com.users.UsersMicroservice.repositories.UserEntityRepository; If you want this repository to be a JDBC repository, consider annotating your entities with one of these annotations: org.springframework.data.relational.core.mapping.Table.
2025-11-18 15:58:12 [restartedMain] INFO  o.s.d.r.c.RepositoryConfigurationExtensionSupport [] - Spring Data JDBC - Could not safely identify store assignment for repository candidate interface com.users.UsersMicroservice.repositories.UserListRepository; If you want this repository to be a JDBC repository, consider annotating your entities with one of these annotations: org.springframework.data.relational.core.mapping.Table.
2025-11-18 15:58:12 [restartedMain] INFO  o.s.d.r.c.RepositoryConfigurationDelegate [] - Finished Spring Data repository scanning in 67 ms. Found 0 JDBC repository interfaces.
2025-11-18 15:58:12 [restartedMain] INFO  o.s.d.r.c.RepositoryConfigurationDelegate [] - Multiple Spring Data modules found, entering strict repository configuration mode
2025-11-18 15:58:12 [restartedMain] INFO  o.s.d.r.c.RepositoryConfigurationDelegate [] - Bootstrapping Spring Data JPA repositories in DEFAULT mode.
2025-11-18 15:58:12 [restartedMain] INFO  o.s.d.r.c.RepositoryConfigurationDelegate [] - Finished Spring Data repository scanning in 39 ms. Found 3 JPA repository interfaces.
2025-11-18 15:58:12 [restartedMain] WARN  o.s.c.s.PostProcessorRegistrationDelegate$BeanPostProcessorChecker [] - Bean 'net.bull.javamelody.JavaMelodyAutoConfiguration' of type [net.bull.javamelody.JavaMelodyAutoConfiguration$$SpringCGLIB$$0] is not eligible for getting processed by all BeanPostProcessors (for example: not eligible for auto-proxying). The currently created BeanPostProcessor [monitoringDataSourceBeanPostProcessor] is declared through a non-static factory method on that class; consider declaring it as static instead.
2025-11-18 15:58:12 [restartedMain] WARN  o.s.c.s.PostProcessorRegistrationDelegate$BeanPostProcessorChecker [] - Bean 'monitoringSpringAdvisor' of type [net.bull.javamelody.MonitoringSpringAdvisor] is not eligible for getting processed by all BeanPostProcessors (for example: not eligible for auto-proxying). Is this bean getting eagerly injected/applied to a currently created BeanPostProcessor [projectingArgumentResolverBeanPostProcessor]? Check the corresponding BeanPostProcessor declaration and its dependencies/advisors. If this bean does not have to be post-processed, declare it with ROLE_INFRASTRUCTURE.
2025-11-18 15:58:12 [restartedMain] WARN  o.s.c.s.PostProcessorRegistrationDelegate$BeanPostProcessorChecker [] - Bean 'monitoringSpringServiceAdvisor' of type [net.bull.javamelody.MonitoringSpringAdvisor] is not eligible for getting processed by all BeanPostProcessors (for example: not eligible for auto-proxying). Is this bean getting eagerly injected/applied to a currently created BeanPostProcessor [projectingArgumentResolverBeanPostProcessor]? Check the corresponding BeanPostProcessor declaration and its dependencies/advisors. If this bean does not have to be post-processed, declare it with ROLE_INFRASTRUCTURE.
2025-11-18 15:58:12 [restartedMain] WARN  o.s.c.s.PostProcessorRegistrationDelegate$BeanPostProcessorChecker [] - Bean 'monitoringSpringControllerAdvisor' of type [net.bull.javamelody.MonitoringSpringAdvisor] is not eligible for getting processed by all BeanPostProcessors (for example: not eligible for auto-proxying). Is this bean getting eagerly injected/applied to a currently created BeanPostProcessor [projectingArgumentResolverBeanPostProcessor]? Check the corresponding BeanPostProcessor declaration and its dependencies/advisors. If this bean does not have to be post-processed, declare it with ROLE_INFRASTRUCTURE.
2025-11-18 15:58:12 [restartedMain] WARN  o.s.c.s.PostProcessorRegistrationDelegate$BeanPostProcessorChecker [] - Bean 'monitoringSpringRestControllerAdvisor' of type [net.bull.javamelody.MonitoringSpringAdvisor] is not eligible for getting processed by all BeanPostProcessors (for example: not eligible for auto-proxying). Is this bean getting eagerly injected/applied to a currently created BeanPostProcessor [projectingArgumentResolverBeanPostProcessor]? Check the corresponding BeanPostProcessor declaration and its dependencies/advisors. If this bean does not have to be post-processed, declare it with ROLE_INFRASTRUCTURE.
2025-11-18 15:58:12 [restartedMain] WARN  o.s.c.s.PostProcessorRegistrationDelegate$BeanPostProcessorChecker [] - Bean 'monitoringSpringAsyncAdvisor' of type [net.bull.javamelody.MonitoringSpringAdvisor] is not eligible for getting processed by all BeanPostProcessors (for example: not eligible for auto-proxying). Is this bean getting eagerly injected/applied to a currently created BeanPostProcessor [projectingArgumentResolverBeanPostProcessor]? Check the corresponding BeanPostProcessor declaration and its dependencies/advisors. If this bean does not have to be post-processed, declare it with ROLE_INFRASTRUCTURE.
2025-11-18 15:58:12 [restartedMain] WARN  o.s.c.s.PostProcessorRegistrationDelegate$BeanPostProcessorChecker [] - Bean 'monitoringSpringScheduledAdvisor' of type [net.bull.javamelody.MonitoringSpringAdvisor] is not eligible for getting processed by all BeanPostProcessors (for example: not eligible for auto-proxying). Is this bean getting eagerly injected/applied to a currently created BeanPostProcessor [projectingArgumentResolverBeanPostProcessor]? Check the corresponding BeanPostProcessor declaration and its dependencies/advisors. If this bean does not have to be post-processed, declare it with ROLE_INFRASTRUCTURE.
2025-11-18 15:58:13 [restartedMain] INFO  o.s.b.w.e.tomcat.TomcatWebServer [] - Tomcat initialized with port 9001 (http)
2025-11-18 15:58:13 [restartedMain] INFO  o.a.coyote.http11.Http11NioProtocol [] - Initializing ProtocolHandler ["http-nio-9001"]
2025-11-18 15:58:13 [restartedMain] INFO  o.a.catalina.core.StandardService [] - Starting service [Tomcat]
2025-11-18 15:58:13 [restartedMain] INFO  o.a.catalina.core.StandardEngine [] - Starting Servlet engine: [Apache Tomcat/10.1.44]
2025-11-18 15:58:14 [restartedMain] INFO  o.a.c.c.C.[Tomcat].[localhost].[/] [] - Initializing Spring embedded WebApplicationContext
2025-11-18 15:58:14 [restartedMain] INFO  o.s.b.w.s.c.ServletWebServerApplicationContext [] - Root WebApplicationContext: initialization completed in 4352 ms
2025-11-18 15:58:15 [restartedMain] DEBUG c.u.U.security.JwtRequestFilter [] - Filter 'jwtRequestFilter' configured for use
2025-11-18 15:58:15 [restartedMain] DEBUG c.u.U.security.ApiFilter [] - Filter 'apiFilter' configured for use
2025-11-18 15:58:15 [restartedMain] INFO  o.h.jpa.internal.util.LogHelper [] - HHH000204: Processing PersistenceUnitInfo [name: default]
2025-11-18 15:58:15 [restartedMain] INFO  org.hibernate.Version [] - HHH000412: Hibernate ORM core version 6.6.26.Final
2025-11-18 15:58:15 [restartedMain] INFO  o.h.c.i.RegionFactoryInitiator [] - HHH000026: Second-level cache disabled
2025-11-18 15:58:16 [restartedMain] INFO  o.s.o.j.p.SpringPersistenceUnitInfo [] - No LoadTimeWeaver setup: ignoring JPA class transformer
2025-11-18 15:58:16 [restartedMain] INFO  com.zaxxer.hikari.HikariDataSource [] - HikariPool-1 - Starting...
2025-11-18 15:58:17 [restartedMain] INFO  com.zaxxer.hikari.pool.HikariPool [] - HikariPool-1 - Added connection com.mysql.cj.jdbc.ConnectionImpl@10443d57
2025-11-18 15:58:17 [restartedMain] INFO  com.zaxxer.hikari.HikariDataSource [] - HikariPool-1 - Start completed.
2025-11-18 15:58:17 [restartedMain] WARN  org.hibernate.orm.deprecation [] - HHH90000025: MySQL8Dialect does not need to be specified explicitly using 'hibernate.dialect' (remove the property setting and it will be selected by default)
2025-11-18 15:58:17 [restartedMain] WARN  org.hibernate.orm.deprecation [] - HHH90000026: MySQL8Dialect has been deprecated; use org.hibernate.dialect.MySQLDialect instead
2025-11-18 15:58:17 [restartedMain] INFO  o.hibernate.orm.connections.pooling [] - HHH10001005: Database info:
	Database JDBC URL [Connecting through datasource 'HikariDataSource (HikariPool-1)']
	Database driver: undefined/unknown
	Database version: 8.0
	Autocommit mode: undefined/unknown
	Isolation level: undefined/unknown
	Minimum pool size: undefined/unknown
	Maximum pool size: undefined/unknown
2025-11-18 15:58:17 [restartedMain] DEBUG o.h.t.d.sql.spi.DdlTypeRegistry [] - addDescriptor(12, org.hibernate.type.descriptor.sql.internal.CapacityDependentDdlType@138e76e8) replaced previous registration(org.hibernate.type.descriptor.sql.internal.CapacityDependentDdlType@683d3eab)
2025-11-18 15:58:17 [restartedMain] DEBUG o.h.t.d.sql.spi.DdlTypeRegistry [] - addDescriptor(-9, org.hibernate.type.descriptor.sql.internal.CapacityDependentDdlType@22aadd66) replaced previous registration(org.hibernate.type.descriptor.sql.internal.CapacityDependentDdlType@1838885a)
2025-11-18 15:58:17 [restartedMain] DEBUG o.h.t.d.sql.spi.DdlTypeRegistry [] - addDescriptor(-3, org.hibernate.type.descriptor.sql.internal.CapacityDependentDdlType@78618483) replaced previous registration(org.hibernate.type.descriptor.sql.internal.CapacityDependentDdlType@79282542)
2025-11-18 15:58:17 [restartedMain] DEBUG o.h.t.d.sql.spi.DdlTypeRegistry [] - addDescriptor(4003, org.hibernate.type.descriptor.sql.internal.DdlTypeImpl@d1d96ec) replaced previous registration(org.hibernate.type.descriptor.sql.internal.DdlTypeImpl@51bba54d)
2025-11-18 15:58:17 [restartedMain] DEBUG o.h.t.d.sql.spi.DdlTypeRegistry [] - addDescriptor(4001, org.hibernate.type.descriptor.sql.internal.DdlTypeImpl@258a7665) replaced previous registration(org.hibernate.type.descriptor.sql.internal.DdlTypeImpl@1d3045a3)
2025-11-18 15:58:17 [restartedMain] DEBUG o.h.t.d.sql.spi.DdlTypeRegistry [] - addDescriptor(4002, org.hibernate.type.descriptor.sql.internal.DdlTypeImpl@7cfb0a1f) replaced previous registration(org.hibernate.type.descriptor.sql.internal.DdlTypeImpl@70e64900)
2025-11-18 15:58:17 [restartedMain] DEBUG o.h.t.d.sql.spi.DdlTypeRegistry [] - addDescriptor(2004, org.hibernate.type.descriptor.sql.internal.CapacityDependentDdlType@6a92027) replaced previous registration(org.hibernate.type.descriptor.sql.internal.DdlTypeImpl@19ab600c)
2025-11-18 15:58:17 [restartedMain] DEBUG o.h.t.d.sql.spi.DdlTypeRegistry [] - addDescriptor(2005, org.hibernate.type.descriptor.sql.internal.CapacityDependentDdlType@3d243ad4) replaced previous registration(org.hibernate.type.descriptor.sql.internal.DdlTypeImpl@7fc8da39)
2025-11-18 15:58:17 [restartedMain] DEBUG o.h.t.d.sql.spi.DdlTypeRegistry [] - addDescriptor(2011, org.hibernate.type.descriptor.sql.internal.CapacityDependentDdlType@302f65ff) replaced previous registration(org.hibernate.type.descriptor.sql.internal.DdlTypeImpl@72c6c8f6)
2025-11-18 15:58:19 [restartedMain] INFO  o.h.e.t.j.p.i.JtaPlatformInitiator [] - HHH000489: No JTA platform available (set 'hibernate.transaction.jta.platform' to enable JTA platform integration)
2025-11-18 15:58:19 [restartedMain] INFO  o.s.o.j.LocalContainerEntityManagerFactoryBean [] - Initialized JPA EntityManagerFactory for persistence unit 'default'
2025-11-18 15:58:21 [restartedMain] WARN  o.s.b.a.o.j.JpaBaseConfiguration$JpaWebConfiguration [] - spring.jpa.open-in-view is enabled by default. Therefore, database queries may be performed during view rendering. Explicitly configure spring.jpa.open-in-view to disable this warning
2025-11-18 15:58:22 [restartedMain] INFO  o.s.v.b.OptionalValidatorFactoryBean [] - Failed to set up a Bean Validation provider: jakarta.validation.NoProviderFoundException: Unable to create a Configuration, because no Jakarta Bean Validation provider could be found. Add a provider like Hibernate Validator (RI) to your classpath.
2025-11-18 15:58:22 [restartedMain] WARN  o.s.b.w.s.c.AnnotationConfigServletWebServerApplicationContext [] - Exception encountered during context initialization - cancelling refresh attempt: org.springframework.beans.factory.BeanCreationException: Error creating bean with name 'handlerExceptionResolver' defined in class path resource [org/springframework/boot/autoconfigure/web/servlet/WebMvcAutoConfiguration$EnableWebMvcConfiguration.class]: Failed to instantiate [org.springframework.web.servlet.HandlerExceptionResolver]: Factory method 'handlerExceptionResolver' threw exception with message: Ambiguous @ExceptionHandler method mapped for [ExceptionHandler{exceptionType=org.springframework.web.bind.MethodArgumentNotValidException, mediaType=*/*}]: {public org.springframework.http.ResponseEntity com.users.UsersMicroservice.erroconfig.GlobalControllerAdvice.handleValidationExceptions(org.springframework.web.bind.MethodArgumentNotValidException), public final org.springframework.http.ResponseEntity org.springframework.web.servlet.mvc.method.annotation.ResponseEntityExceptionHandler.handleException(java.lang.Exception,org.springframework.web.context.request.WebRequest) throws java.lang.Exception}
2025-11-18 15:58:22 [restartedMain] INFO  o.s.o.j.LocalContainerEntityManagerFactoryBean [] - Closing JPA EntityManagerFactory for persistence unit 'default'
2025-11-18 15:58:22 [restartedMain] INFO  com.zaxxer.hikari.HikariDataSource [] - HikariPool-1 - Shutdown initiated...
2025-11-18 15:58:22 [restartedMain] INFO  com.zaxxer.hikari.HikariDataSource [] - HikariPool-1 - Shutdown completed.
2025-11-18 15:58:22 [restartedMain] INFO  o.a.catalina.core.StandardService [] - Stopping service [Tomcat]
2025-11-18 15:58:22 [restartedMain] INFO  o.s.b.a.l.ConditionEvaluationReportLogger [] - 

Error starting ApplicationContext. To display the condition evaluation report re-run your application with 'debug' enabled.
2025-11-18 15:58:22 [restartedMain] ERROR o.s.boot.SpringApplication [] - Application run failed
org.springframework.beans.factory.BeanCreationException: Error creating bean with name 'handlerExceptionResolver' defined in class path resource [org/springframework/boot/autoconfigure/web/servlet/WebMvcAutoConfiguration$EnableWebMvcConfiguration.class]: Failed to instantiate [org.springframework.web.servlet.HandlerExceptionResolver]: Factory method 'handlerExceptionResolver' threw exception with message: Ambiguous @ExceptionHandler method mapped for [ExceptionHandler{exceptionType=org.springframework.web.bind.MethodArgumentNotValidException, mediaType=*/*}]: {public org.springframework.http.ResponseEntity com.users.UsersMicroservice.erroconfig.GlobalControllerAdvice.handleValidationExceptions(org.springframework.web.bind.MethodArgumentNotValidException), public final org.springframework.http.ResponseEntity org.springframework.web.servlet.mvc.method.annotation.ResponseEntityExceptionHandler.handleException(java.lang.Exception,org.springframework.web.context.request.WebRequest) throws java.lang.Exception}
	at org.springframework.beans.factory.support.ConstructorResolver.instantiate(ConstructorResolver.java:657)
	at org.springframework.beans.factory.support.ConstructorResolver.instantiateUsingFactoryMethod(ConstructorResolver.java:645)
	at org.springframework.beans.factory.support.AbstractAutowireCapableBeanFactory.instantiateUsingFactoryMethod(AbstractAutowireCapableBeanFactory.java:1375)
	at org.springframework.beans.factory.support.AbstractAutowireCapableBeanFactory.createBeanInstance(AbstractAutowireCapableBeanFactory.java:1205)
	at org.springframework.beans.factory.support.AbstractAutowireCapableBeanFactory.doCreateBean(AbstractAutowireCapableBeanFactory.java:569)
	at org.springframework.beans.factory.support.AbstractAutowireCapableBeanFactory.createBean(AbstractAutowireCapableBeanFactory.java:529)
	at org.springframework.beans.factory.support.AbstractBeanFactory.lambda$doGetBean$0(AbstractBeanFactory.java:339)
	at org.springframework.beans.factory.support.DefaultSingletonBeanRegistry.getSingleton(DefaultSingletonBeanRegistry.java:373)
	at org.springframework.beans.factory.support.AbstractBeanFactory.doGetBean(AbstractBeanFactory.java:337)
	at org.springframework.beans.factory.support.AbstractBeanFactory.getBean(AbstractBeanFactory.java:202)
	at org.springframework.beans.factory.support.DefaultListableBeanFactory.instantiateSingleton(DefaultListableBeanFactory.java:1222)
	at org.springframework.beans.factory.support.DefaultListableBeanFactory.preInstantiateSingleton(DefaultListableBeanFactory.java:1188)
	at org.springframework.beans.factory.support.DefaultListableBeanFactory.preInstantiateSingletons(DefaultListableBeanFactory.java:1123)
	at org.springframework.context.support.AbstractApplicationContext.finishBeanFactoryInitialization(AbstractApplicationContext.java:987)
	at org.springframework.context.support.AbstractApplicationContext.refresh(AbstractApplicationContext.java:627)
	at org.springframework.boot.web.servlet.context.ServletWebServerApplicationContext.refresh(ServletWebServerApplicationContext.java:146)
	at org.springframework.boot.SpringApplication.refresh(SpringApplication.java:752)
	at org.springframework.boot.SpringApplication.refreshContext(SpringApplication.java:439)
	at org.springframework.boot.SpringApplication.run(SpringApplication.java:318)
	at org.springframework.boot.SpringApplication.run(SpringApplication.java:1361)
	at org.springframework.boot.SpringApplication.run(SpringApplication.java:1350)
	at com.users.UsersMicroservice.UsersMicroserviceApplication.main(UsersMicroserviceApplication.java:10)
	at java.base/jdk.internal.reflect.NativeMethodAccessorImpl.invoke0(Native Method)
	at java.base/jdk.internal.reflect.NativeMethodAccessorImpl.invoke(NativeMethodAccessorImpl.java:77)
	at java.base/jdk.internal.reflect.DelegatingMethodAccessorImpl.invoke(DelegatingMethodAccessorImpl.java:43)
	at java.base/java.lang.reflect.Method.invoke(Method.java:568)
	at org.springframework.boot.devtools.restart.RestartLauncher.run(RestartLauncher.java:50)
Caused by: org.springframework.beans.BeanInstantiationException: Failed to instantiate [org.springframework.web.servlet.HandlerExceptionResolver]: Factory method 'handlerExceptionResolver' threw exception with message: Ambiguous @ExceptionHandler method mapped for [ExceptionHandler{exceptionType=org.springframework.web.bind.MethodArgumentNotValidException, mediaType=*/*}]: {public org.springframework.http.ResponseEntity com.users.UsersMicroservice.erroconfig.GlobalControllerAdvice.handleValidationExceptions(org.springframework.web.bind.MethodArgumentNotValidException), public final org.springframework.http.ResponseEntity org.springframework.web.servlet.mvc.method.annotation.ResponseEntityExceptionHandler.handleException(java.lang.Exception,org.springframework.web.context.request.WebRequest) throws java.lang.Exception}
	at org.springframework.beans.factory.support.SimpleInstantiationStrategy.lambda$instantiate$0(SimpleInstantiationStrategy.java:200)
	at org.springframework.beans.factory.support.SimpleInstantiationStrategy.instantiateWithFactoryMethod(SimpleInstantiationStrategy.java:89)
	at org.springframework.beans.factory.support.SimpleInstantiationStrategy.instantiate(SimpleInstantiationStrategy.java:169)
	at org.springframework.beans.factory.support.ConstructorResolver.instantiate(ConstructorResolver.java:653)
	... 26 common frames omitted
Caused by: java.lang.IllegalStateException: Ambiguous @ExceptionHandler method mapped for [ExceptionHandler{exceptionType=org.springframework.web.bind.MethodArgumentNotValidException, mediaType=*/*}]: {public org.springframework.http.ResponseEntity com.users.UsersMicroservice.erroconfig.GlobalControllerAdvice.handleValidationExceptions(org.springframework.web.bind.MethodArgumentNotValidException), public final org.springframework.http.ResponseEntity org.springframework.web.servlet.mvc.method.annotation.ResponseEntityExceptionHandler.handleException(java.lang.Exception,org.springframework.web.context.request.WebRequest) throws java.lang.Exception}
	at org.springframework.web.method.annotation.ExceptionHandlerMethodResolver.addExceptionMapping(ExceptionHandlerMethodResolver.java:146)
	at org.springframework.web.method.annotation.ExceptionHandlerMethodResolver.<init>(ExceptionHandlerMethodResolver.java:99)
	at org.springframework.web.servlet.mvc.method.annotation.ExceptionHandlerExceptionResolver.initExceptionHandlerAdviceCache(ExceptionHandlerExceptionResolver.java:320)
	at org.springframework.web.servlet.mvc.method.annotation.ExceptionHandlerExceptionResolver.afterPropertiesSet(ExceptionHandlerExceptionResolver.java:287)
	at org.springframework.web.servlet.config.annotation.WebMvcConfigurationSupport.addDefaultHandlerExceptionResolvers(WebMvcConfigurationSupport.java:1084)
	at org.springframework.web.servlet.config.annotation.WebMvcConfigurationSupport.handlerExceptionResolver(WebMvcConfigurationSupport.java:1025)
	at java.base/jdk.internal.reflect.NativeMethodAccessorImpl.invoke0(Native Method)
	at java.base/jdk.internal.reflect.NativeMethodAccessorImpl.invoke(NativeMethodAccessorImpl.java:77)
	at java.base/jdk.internal.reflect.DelegatingMethodAccessorImpl.invoke(DelegatingMethodAccessorImpl.java:43)
	at java.base/java.lang.reflect.Method.invoke(Method.java:568)
	at org.springframework.beans.factory.support.SimpleInstantiationStrategy.lambda$instantiate$0(SimpleInstantiationStrategy.java:172)
	... 29 common frames omitted
2025-11-18 16:01:42 [restartedMain] INFO  c.u.U.UsersMicroserviceApplication [] - Starting UsersMicroserviceApplication using Java 17.0.1 with PID 20704 (D:\Documents\micro_backend\UsersMicroservice\target\classes started by rober in D:\Documents\micro_backend\UsersMicroservice)
2025-11-18 16:01:42 [restartedMain] DEBUG c.u.U.UsersMicroserviceApplication [] - Running with Spring Boot v3.5.5, Spring v6.2.10
2025-11-18 16:01:42 [restartedMain] INFO  c.u.U.UsersMicroserviceApplication [] - The following 1 profile is active: "local"
2025-11-18 16:01:42 [restartedMain] INFO  o.s.b.d.e.DevToolsPropertyDefaultsPostProcessor [] - Devtools property defaults active! Set 'spring.devtools.add-properties' to 'false' to disable
2025-11-18 16:01:42 [restartedMain] INFO  o.s.b.d.e.DevToolsPropertyDefaultsPostProcessor [] - For additional web related logging consider setting the 'logging.level.web' property to 'DEBUG'
2025-11-18 16:01:44 [restartedMain] INFO  o.s.d.r.c.RepositoryConfigurationDelegate [] - Multiple Spring Data modules found, entering strict repository configuration mode
2025-11-18 16:01:44 [restartedMain] INFO  o.s.d.r.c.RepositoryConfigurationDelegate [] - Bootstrapping Spring Data JDBC repositories in DEFAULT mode.
2025-11-18 16:01:44 [restartedMain] INFO  o.s.d.r.c.RepositoryConfigurationExtensionSupport [] - Spring Data JDBC - Could not safely identify store assignment for repository candidate interface com.users.UsersMicroservice.repositories.BookListRepository; If you want this repository to be a JDBC repository, consider annotating your entities with one of these annotations: org.springframework.data.relational.core.mapping.Table.
2025-11-18 16:01:44 [restartedMain] INFO  o.s.d.r.c.RepositoryConfigurationExtensionSupport [] - Spring Data JDBC - Could not safely identify store assignment for repository candidate interface com.users.UsersMicroservice.repositories.UserEntityRepository; If you want this repository to be a JDBC repository, consider annotating your entities with one of these annotations: org.springframework.data.relational.core.mapping.Table.
2025-11-18 16:01:44 [restartedMain] INFO  o.s.d.r.c.RepositoryConfigurationExtensionSupport [] - Spring Data JDBC - Could not safely identify store assignment for repository candidate interface com.users.UsersMicroservice.repositories.UserListRepository; If you want this repository to be a JDBC repository, consider annotating your entities with one of these annotations: org.springframework.data.relational.core.mapping.Table.
2025-11-18 16:01:44 [restartedMain] INFO  o.s.d.r.c.RepositoryConfigurationDelegate [] - Finished Spring Data repository scanning in 92 ms. Found 0 JDBC repository interfaces.
2025-11-18 16:01:44 [restartedMain] INFO  o.s.d.r.c.RepositoryConfigurationDelegate [] - Multiple Spring Data modules found, entering strict repository configuration mode
2025-11-18 16:01:44 [restartedMain] INFO  o.s.d.r.c.RepositoryConfigurationDelegate [] - Bootstrapping Spring Data JPA repositories in DEFAULT mode.
2025-11-18 16:01:44 [restartedMain] INFO  o.s.d.r.c.RepositoryConfigurationDelegate [] - Finished Spring Data repository scanning in 56 ms. Found 3 JPA repository interfaces.
2025-11-18 16:01:45 [restartedMain] WARN  o.s.c.s.PostProcessorRegistrationDelegate$BeanPostProcessorChecker [] - Bean 'net.bull.javamelody.JavaMelodyAutoConfiguration' of type [net.bull.javamelody.JavaMelodyAutoConfiguration$$SpringCGLIB$$0] is not eligible for getting processed by all BeanPostProcessors (for example: not eligible for auto-proxying). The currently created BeanPostProcessor [monitoringDataSourceBeanPostProcessor] is declared through a non-static factory method on that class; consider declaring it as static instead.
2025-11-18 16:01:45 [restartedMain] WARN  o.s.c.s.PostProcessorRegistrationDelegate$BeanPostProcessorChecker [] - Bean 'monitoringSpringAdvisor' of type [net.bull.javamelody.MonitoringSpringAdvisor] is not eligible for getting processed by all BeanPostProcessors (for example: not eligible for auto-proxying). Is this bean getting eagerly injected/applied to a currently created BeanPostProcessor [projectingArgumentResolverBeanPostProcessor]? Check the corresponding BeanPostProcessor declaration and its dependencies/advisors. If this bean does not have to be post-processed, declare it with ROLE_INFRASTRUCTURE.
2025-11-18 16:01:45 [restartedMain] WARN  o.s.c.s.PostProcessorRegistrationDelegate$BeanPostProcessorChecker [] - Bean 'monitoringSpringServiceAdvisor' of type [net.bull.javamelody.MonitoringSpringAdvisor] is not eligible for getting processed by all BeanPostProcessors (for example: not eligible for auto-proxying). Is this bean getting eagerly injected/applied to a currently created BeanPostProcessor [projectingArgumentResolverBeanPostProcessor]? Check the corresponding BeanPostProcessor declaration and its dependencies/advisors. If this bean does not have to be post-processed, declare it with ROLE_INFRASTRUCTURE.
2025-11-18 16:01:45 [restartedMain] WARN  o.s.c.s.PostProcessorRegistrationDelegate$BeanPostProcessorChecker [] - Bean 'monitoringSpringControllerAdvisor' of type [net.bull.javamelody.MonitoringSpringAdvisor] is not eligible for getting processed by all BeanPostProcessors (for example: not eligible for auto-proxying). Is this bean getting eagerly injected/applied to a currently created BeanPostProcessor [projectingArgumentResolverBeanPostProcessor]? Check the corresponding BeanPostProcessor declaration and its dependencies/advisors. If this bean does not have to be post-processed, declare it with ROLE_INFRASTRUCTURE.
2025-11-18 16:01:45 [restartedMain] WARN  o.s.c.s.PostProcessorRegistrationDelegate$BeanPostProcessorChecker [] - Bean 'monitoringSpringRestControllerAdvisor' of type [net.bull.javamelody.MonitoringSpringAdvisor] is not eligible for getting processed by all BeanPostProcessors (for example: not eligible for auto-proxying). Is this bean getting eagerly injected/applied to a currently created BeanPostProcessor [projectingArgumentResolverBeanPostProcessor]? Check the corresponding BeanPostProcessor declaration and its dependencies/advisors. If this bean does not have to be post-processed, declare it with ROLE_INFRASTRUCTURE.
2025-11-18 16:01:45 [restartedMain] WARN  o.s.c.s.PostProcessorRegistrationDelegate$BeanPostProcessorChecker [] - Bean 'monitoringSpringAsyncAdvisor' of type [net.bull.javamelody.MonitoringSpringAdvisor] is not eligible for getting processed by all BeanPostProcessors (for example: not eligible for auto-proxying). Is this bean getting eagerly injected/applied to a currently created BeanPostProcessor [projectingArgumentResolverBeanPostProcessor]? Check the corresponding BeanPostProcessor declaration and its dependencies/advisors. If this bean does not have to be post-processed, declare it with ROLE_INFRASTRUCTURE.
2025-11-18 16:01:45 [restartedMain] WARN  o.s.c.s.PostProcessorRegistrationDelegate$BeanPostProcessorChecker [] - Bean 'monitoringSpringScheduledAdvisor' of type [net.bull.javamelody.MonitoringSpringAdvisor] is not eligible for getting processed by all BeanPostProcessors (for example: not eligible for auto-proxying). Is this bean getting eagerly injected/applied to a currently created BeanPostProcessor [projectingArgumentResolverBeanPostProcessor]? Check the corresponding BeanPostProcessor declaration and its dependencies/advisors. If this bean does not have to be post-processed, declare it with ROLE_INFRASTRUCTURE.
2025-11-18 16:01:46 [restartedMain] INFO  o.s.b.w.e.tomcat.TomcatWebServer [] - Tomcat initialized with port 9001 (http)
2025-11-18 16:01:46 [restartedMain] INFO  o.a.coyote.http11.Http11NioProtocol [] - Initializing ProtocolHandler ["http-nio-9001"]
2025-11-18 16:01:46 [restartedMain] INFO  o.a.catalina.core.StandardService [] - Starting service [Tomcat]
2025-11-18 16:01:46 [restartedMain] INFO  o.a.catalina.core.StandardEngine [] - Starting Servlet engine: [Apache Tomcat/10.1.44]
2025-11-18 16:01:46 [restartedMain] INFO  o.a.c.c.C.[Tomcat].[localhost].[/] [] - Initializing Spring embedded WebApplicationContext
2025-11-18 16:01:46 [restartedMain] INFO  o.s.b.w.s.c.ServletWebServerApplicationContext [] - Root WebApplicationContext: initialization completed in 3727 ms
2025-11-18 16:01:47 [restartedMain] DEBUG c.u.U.security.JwtRequestFilter [] - Filter 'jwtRequestFilter' configured for use
2025-11-18 16:01:47 [restartedMain] DEBUG c.u.U.security.ApiFilter [] - Filter 'apiFilter' configured for use
2025-11-18 16:01:47 [restartedMain] INFO  o.h.jpa.internal.util.LogHelper [] - HHH000204: Processing PersistenceUnitInfo [name: default]
2025-11-18 16:01:48 [restartedMain] INFO  org.hibernate.Version [] - HHH000412: Hibernate ORM core version 6.6.26.Final
2025-11-18 16:01:48 [restartedMain] INFO  o.h.c.i.RegionFactoryInitiator [] - HHH000026: Second-level cache disabled
2025-11-18 16:01:48 [restartedMain] INFO  o.s.o.j.p.SpringPersistenceUnitInfo [] - No LoadTimeWeaver setup: ignoring JPA class transformer
2025-11-18 16:01:48 [restartedMain] INFO  com.zaxxer.hikari.HikariDataSource [] - HikariPool-1 - Starting...
2025-11-18 16:01:49 [restartedMain] INFO  com.zaxxer.hikari.pool.HikariPool [] - HikariPool-1 - Added connection com.mysql.cj.jdbc.ConnectionImpl@10d85076
2025-11-18 16:01:49 [restartedMain] INFO  com.zaxxer.hikari.HikariDataSource [] - HikariPool-1 - Start completed.
2025-11-18 16:01:49 [restartedMain] WARN  org.hibernate.orm.deprecation [] - HHH90000025: MySQL8Dialect does not need to be specified explicitly using 'hibernate.dialect' (remove the property setting and it will be selected by default)
2025-11-18 16:01:49 [restartedMain] WARN  org.hibernate.orm.deprecation [] - HHH90000026: MySQL8Dialect has been deprecated; use org.hibernate.dialect.MySQLDialect instead
2025-11-18 16:01:49 [restartedMain] INFO  o.hibernate.orm.connections.pooling [] - HHH10001005: Database info:
	Database JDBC URL [Connecting through datasource 'HikariDataSource (HikariPool-1)']
	Database driver: undefined/unknown
	Database version: 8.0
	Autocommit mode: undefined/unknown
	Isolation level: undefined/unknown
	Minimum pool size: undefined/unknown
	Maximum pool size: undefined/unknown
2025-11-18 16:01:49 [restartedMain] DEBUG o.h.t.d.sql.spi.DdlTypeRegistry [] - addDescriptor(12, org.hibernate.type.descriptor.sql.internal.CapacityDependentDdlType@69bcc9f4) replaced previous registration(org.hibernate.type.descriptor.sql.internal.CapacityDependentDdlType@7231f05f)
2025-11-18 16:01:49 [restartedMain] DEBUG o.h.t.d.sql.spi.DdlTypeRegistry [] - addDescriptor(-9, org.hibernate.type.descriptor.sql.internal.CapacityDependentDdlType@50afbc8a) replaced previous registration(org.hibernate.type.descriptor.sql.internal.CapacityDependentDdlType@1678584f)
2025-11-18 16:01:49 [restartedMain] DEBUG o.h.t.d.sql.spi.DdlTypeRegistry [] - addDescriptor(-3, org.hibernate.type.descriptor.sql.internal.CapacityDependentDdlType@1984c01d) replaced previous registration(org.hibernate.type.descriptor.sql.internal.CapacityDependentDdlType@644a787a)
2025-11-18 16:01:49 [restartedMain] DEBUG o.h.t.d.sql.spi.DdlTypeRegistry [] - addDescriptor(4003, org.hibernate.type.descriptor.sql.internal.DdlTypeImpl@492cd395) replaced previous registration(org.hibernate.type.descriptor.sql.internal.DdlTypeImpl@1d4240df)
2025-11-18 16:01:49 [restartedMain] DEBUG o.h.t.d.sql.spi.DdlTypeRegistry [] - addDescriptor(4001, org.hibernate.type.descriptor.sql.internal.DdlTypeImpl@22f9ff42) replaced previous registration(org.hibernate.type.descriptor.sql.internal.DdlTypeImpl@1547cacf)
2025-11-18 16:01:49 [restartedMain] DEBUG o.h.t.d.sql.spi.DdlTypeRegistry [] - addDescriptor(4002, org.hibernate.type.descriptor.sql.internal.DdlTypeImpl@3ad81389) replaced previous registration(org.hibernate.type.descriptor.sql.internal.DdlTypeImpl@3513f8b5)
2025-11-18 16:01:49 [restartedMain] DEBUG o.h.t.d.sql.spi.DdlTypeRegistry [] - addDescriptor(2004, org.hibernate.type.descriptor.sql.internal.CapacityDependentDdlType@587d12ba) replaced previous registration(org.hibernate.type.descriptor.sql.internal.DdlTypeImpl@73c7bac8)
2025-11-18 16:01:49 [restartedMain] DEBUG o.h.t.d.sql.spi.DdlTypeRegistry [] - addDescriptor(2005, org.hibernate.type.descriptor.sql.internal.CapacityDependentDdlType@9f9bb62) replaced previous registration(org.hibernate.type.descriptor.sql.internal.DdlTypeImpl@23852cb8)
2025-11-18 16:01:49 [restartedMain] DEBUG o.h.t.d.sql.spi.DdlTypeRegistry [] - addDescriptor(2011, org.hibernate.type.descriptor.sql.internal.CapacityDependentDdlType@13dd02b0) replaced previous registration(org.hibernate.type.descriptor.sql.internal.DdlTypeImpl@5d02fbf9)
2025-11-18 16:01:50 [restartedMain] INFO  o.h.e.t.j.p.i.JtaPlatformInitiator [] - HHH000489: No JTA platform available (set 'hibernate.transaction.jta.platform' to enable JTA platform integration)
2025-11-18 16:01:50 [restartedMain] INFO  o.s.o.j.LocalContainerEntityManagerFactoryBean [] - Initialized JPA EntityManagerFactory for persistence unit 'default'
2025-11-18 16:01:51 [restartedMain] WARN  o.s.b.a.o.j.JpaBaseConfiguration$JpaWebConfiguration [] - spring.jpa.open-in-view is enabled by default. Therefore, database queries may be performed during view rendering. Explicitly configure spring.jpa.open-in-view to disable this warning
2025-11-18 16:01:52 [restartedMain] INFO  o.s.v.b.OptionalValidatorFactoryBean [] - Failed to set up a Bean Validation provider: jakarta.validation.NoProviderFoundException: Unable to create a Configuration, because no Jakarta Bean Validation provider could be found. Add a provider like Hibernate Validator (RI) to your classpath.
2025-11-18 16:01:52 [restartedMain] WARN  o.s.b.w.s.c.AnnotationConfigServletWebServerApplicationContext [] - Exception encountered during context initialization - cancelling refresh attempt: org.springframework.beans.factory.BeanCreationException: Error creating bean with name 'handlerExceptionResolver' defined in class path resource [org/springframework/boot/autoconfigure/web/servlet/WebMvcAutoConfiguration$EnableWebMvcConfiguration.class]: Failed to instantiate [org.springframework.web.servlet.HandlerExceptionResolver]: Factory method 'handlerExceptionResolver' threw exception with message: Ambiguous @ExceptionHandler method mapped for [ExceptionHandler{exceptionType=org.springframework.web.bind.MethodArgumentNotValidException, mediaType=*/*}]: {public org.springframework.http.ResponseEntity com.users.UsersMicroservice.erroconfig.GlobalControllerAdvice.handleValidationExceptions(org.springframework.web.bind.MethodArgumentNotValidException), public final org.springframework.http.ResponseEntity org.springframework.web.servlet.mvc.method.annotation.ResponseEntityExceptionHandler.handleException(java.lang.Exception,org.springframework.web.context.request.WebRequest) throws java.lang.Exception}
2025-11-18 16:01:52 [restartedMain] INFO  o.s.o.j.LocalContainerEntityManagerFactoryBean [] - Closing JPA EntityManagerFactory for persistence unit 'default'
2025-11-18 16:01:52 [restartedMain] INFO  com.zaxxer.hikari.HikariDataSource [] - HikariPool-1 - Shutdown initiated...
2025-11-18 16:01:52 [restartedMain] INFO  com.zaxxer.hikari.HikariDataSource [] - HikariPool-1 - Shutdown completed.
2025-11-18 16:01:52 [restartedMain] INFO  o.a.catalina.core.StandardService [] - Stopping service [Tomcat]
2025-11-18 16:01:52 [restartedMain] INFO  o.s.b.a.l.ConditionEvaluationReportLogger [] - 

Error starting ApplicationContext. To display the condition evaluation report re-run your application with 'debug' enabled.
2025-11-18 16:01:52 [restartedMain] ERROR o.s.boot.SpringApplication [] - Application run failed
org.springframework.beans.factory.BeanCreationException: Error creating bean with name 'handlerExceptionResolver' defined in class path resource [org/springframework/boot/autoconfigure/web/servlet/WebMvcAutoConfiguration$EnableWebMvcConfiguration.class]: Failed to instantiate [org.springframework.web.servlet.HandlerExceptionResolver]: Factory method 'handlerExceptionResolver' threw exception with message: Ambiguous @ExceptionHandler method mapped for [ExceptionHandler{exceptionType=org.springframework.web.bind.MethodArgumentNotValidException, mediaType=*/*}]: {public org.springframework.http.ResponseEntity com.users.UsersMicroservice.erroconfig.GlobalControllerAdvice.handleValidationExceptions(org.springframework.web.bind.MethodArgumentNotValidException), public final org.springframework.http.ResponseEntity org.springframework.web.servlet.mvc.method.annotation.ResponseEntityExceptionHandler.handleException(java.lang.Exception,org.springframework.web.context.request.WebRequest) throws java.lang.Exception}
	at org.springframework.beans.factory.support.ConstructorResolver.instantiate(ConstructorResolver.java:657)
	at org.springframework.beans.factory.support.ConstructorResolver.instantiateUsingFactoryMethod(ConstructorResolver.java:645)
	at org.springframework.beans.factory.support.AbstractAutowireCapableBeanFactory.instantiateUsingFactoryMethod(AbstractAutowireCapableBeanFactory.java:1375)
	at org.springframework.beans.factory.support.AbstractAutowireCapableBeanFactory.createBeanInstance(AbstractAutowireCapableBeanFactory.java:1205)
	at org.springframework.beans.factory.support.AbstractAutowireCapableBeanFactory.doCreateBean(AbstractAutowireCapableBeanFactory.java:569)
	at org.springframework.beans.factory.support.AbstractAutowireCapableBeanFactory.createBean(AbstractAutowireCapableBeanFactory.java:529)
	at org.springframework.beans.factory.support.AbstractBeanFactory.lambda$doGetBean$0(AbstractBeanFactory.java:339)
	at org.springframework.beans.factory.support.DefaultSingletonBeanRegistry.getSingleton(DefaultSingletonBeanRegistry.java:373)
	at org.springframework.beans.factory.support.AbstractBeanFactory.doGetBean(AbstractBeanFactory.java:337)
	at org.springframework.beans.factory.support.AbstractBeanFactory.getBean(AbstractBeanFactory.java:202)
	at org.springframework.beans.factory.support.DefaultListableBeanFactory.instantiateSingleton(DefaultListableBeanFactory.java:1222)
	at org.springframework.beans.factory.support.DefaultListableBeanFactory.preInstantiateSingleton(DefaultListableBeanFactory.java:1188)
	at org.springframework.beans.factory.support.DefaultListableBeanFactory.preInstantiateSingletons(DefaultListableBeanFactory.java:1123)
	at org.springframework.context.support.AbstractApplicationContext.finishBeanFactoryInitialization(AbstractApplicationContext.java:987)
	at org.springframework.context.support.AbstractApplicationContext.refresh(AbstractApplicationContext.java:627)
	at org.springframework.boot.web.servlet.context.ServletWebServerApplicationContext.refresh(ServletWebServerApplicationContext.java:146)
	at org.springframework.boot.SpringApplication.refresh(SpringApplication.java:752)
	at org.springframework.boot.SpringApplication.refreshContext(SpringApplication.java:439)
	at org.springframework.boot.SpringApplication.run(SpringApplication.java:318)
	at org.springframework.boot.SpringApplication.run(SpringApplication.java:1361)
	at org.springframework.boot.SpringApplication.run(SpringApplication.java:1350)
	at com.users.UsersMicroservice.UsersMicroserviceApplication.main(UsersMicroserviceApplication.java:10)
	at java.base/jdk.internal.reflect.NativeMethodAccessorImpl.invoke0(Native Method)
	at java.base/jdk.internal.reflect.NativeMethodAccessorImpl.invoke(NativeMethodAccessorImpl.java:77)
	at java.base/jdk.internal.reflect.DelegatingMethodAccessorImpl.invoke(DelegatingMethodAccessorImpl.java:43)
	at java.base/java.lang.reflect.Method.invoke(Method.java:568)
	at org.springframework.boot.devtools.restart.RestartLauncher.run(RestartLauncher.java:50)
Caused by: org.springframework.beans.BeanInstantiationException: Failed to instantiate [org.springframework.web.servlet.HandlerExceptionResolver]: Factory method 'handlerExceptionResolver' threw exception with message: Ambiguous @ExceptionHandler method mapped for [ExceptionHandler{exceptionType=org.springframework.web.bind.MethodArgumentNotValidException, mediaType=*/*}]: {public org.springframework.http.ResponseEntity com.users.UsersMicroservice.erroconfig.GlobalControllerAdvice.handleValidationExceptions(org.springframework.web.bind.MethodArgumentNotValidException), public final org.springframework.http.ResponseEntity org.springframework.web.servlet.mvc.method.annotation.ResponseEntityExceptionHandler.handleException(java.lang.Exception,org.springframework.web.context.request.WebRequest) throws java.lang.Exception}
	at org.springframework.beans.factory.support.SimpleInstantiationStrategy.lambda$instantiate$0(SimpleInstantiationStrategy.java:200)
	at org.springframework.beans.factory.support.SimpleInstantiationStrategy.instantiateWithFactoryMethod(SimpleInstantiationStrategy.java:89)
	at org.springframework.beans.factory.support.SimpleInstantiationStrategy.instantiate(SimpleInstantiationStrategy.java:169)
	at org.springframework.beans.factory.support.ConstructorResolver.instantiate(ConstructorResolver.java:653)
	... 26 common frames omitted
Caused by: java.lang.IllegalStateException: Ambiguous @ExceptionHandler method mapped for [ExceptionHandler{exceptionType=org.springframework.web.bind.MethodArgumentNotValidException, mediaType=*/*}]: {public org.springframework.http.ResponseEntity com.users.UsersMicroservice.erroconfig.GlobalControllerAdvice.handleValidationExceptions(org.springframework.web.bind.MethodArgumentNotValidException), public final org.springframework.http.ResponseEntity org.springframework.web.servlet.mvc.method.annotation.ResponseEntityExceptionHandler.handleException(java.lang.Exception,org.springframework.web.context.request.WebRequest) throws java.lang.Exception}
	at org.springframework.web.method.annotation.ExceptionHandlerMethodResolver.addExceptionMapping(ExceptionHandlerMethodResolver.java:146)
	at org.springframework.web.method.annotation.ExceptionHandlerMethodResolver.<init>(ExceptionHandlerMethodResolver.java:99)
	at org.springframework.web.servlet.mvc.method.annotation.ExceptionHandlerExceptionResolver.initExceptionHandlerAdviceCache(ExceptionHandlerExceptionResolver.java:320)
	at org.springframework.web.servlet.mvc.method.annotation.ExceptionHandlerExceptionResolver.afterPropertiesSet(ExceptionHandlerExceptionResolver.java:287)
	at org.springframework.web.servlet.config.annotation.WebMvcConfigurationSupport.addDefaultHandlerExceptionResolvers(WebMvcConfigurationSupport.java:1084)
	at org.springframework.web.servlet.config.annotation.WebMvcConfigurationSupport.handlerExceptionResolver(WebMvcConfigurationSupport.java:1025)
	at java.base/jdk.internal.reflect.NativeMethodAccessorImpl.invoke0(Native Method)
	at java.base/jdk.internal.reflect.NativeMethodAccessorImpl.invoke(NativeMethodAccessorImpl.java:77)
	at java.base/jdk.internal.reflect.DelegatingMethodAccessorImpl.invoke(DelegatingMethodAccessorImpl.java:43)
	at java.base/java.lang.reflect.Method.invoke(Method.java:568)
	at org.springframework.beans.factory.support.SimpleInstantiationStrategy.lambda$instantiate$0(SimpleInstantiationStrategy.java:172)
	... 29 common frames omitted
2025-11-18 16:04:45 [restartedMain] INFO  c.u.U.UsersMicroserviceApplication [] - Starting UsersMicroserviceApplication using Java 17.0.1 with PID 2928 (D:\Documents\micro_backend\UsersMicroservice\target\classes started by rober in D:\Documents\micro_backend\UsersMicroservice)
2025-11-18 16:04:45 [restartedMain] DEBUG c.u.U.UsersMicroserviceApplication [] - Running with Spring Boot v3.5.5, Spring v6.2.10
2025-11-18 16:04:45 [restartedMain] INFO  c.u.U.UsersMicroserviceApplication [] - The following 1 profile is active: "local"
2025-11-18 16:04:45 [restartedMain] INFO  o.s.b.d.e.DevToolsPropertyDefaultsPostProcessor [] - Devtools property defaults active! Set 'spring.devtools.add-properties' to 'false' to disable
2025-11-18 16:04:45 [restartedMain] INFO  o.s.b.d.e.DevToolsPropertyDefaultsPostProcessor [] - For additional web related logging consider setting the 'logging.level.web' property to 'DEBUG'
2025-11-18 16:04:46 [restartedMain] INFO  o.s.d.r.c.RepositoryConfigurationDelegate [] - Multiple Spring Data modules found, entering strict repository configuration mode
2025-11-18 16:04:46 [restartedMain] INFO  o.s.d.r.c.RepositoryConfigurationDelegate [] - Bootstrapping Spring Data JDBC repositories in DEFAULT mode.
2025-11-18 16:04:46 [restartedMain] INFO  o.s.d.r.c.RepositoryConfigurationExtensionSupport [] - Spring Data JDBC - Could not safely identify store assignment for repository candidate interface com.users.UsersMicroservice.repositories.BookListRepository; If you want this repository to be a JDBC repository, consider annotating your entities with one of these annotations: org.springframework.data.relational.core.mapping.Table.
2025-11-18 16:04:46 [restartedMain] INFO  o.s.d.r.c.RepositoryConfigurationExtensionSupport [] - Spring Data JDBC - Could not safely identify store assignment for repository candidate interface com.users.UsersMicroservice.repositories.UserEntityRepository; If you want this repository to be a JDBC repository, consider annotating your entities with one of these annotations: org.springframework.data.relational.core.mapping.Table.
2025-11-18 16:04:46 [restartedMain] INFO  o.s.d.r.c.RepositoryConfigurationExtensionSupport [] - Spring Data JDBC - Could not safely identify store assignment for repository candidate interface com.users.UsersMicroservice.repositories.UserListRepository; If you want this repository to be a JDBC repository, consider annotating your entities with one of these annotations: org.springframework.data.relational.core.mapping.Table.
2025-11-18 16:04:46 [restartedMain] INFO  o.s.d.r.c.RepositoryConfigurationDelegate [] - Finished Spring Data repository scanning in 62 ms. Found 0 JDBC repository interfaces.
2025-11-18 16:04:46 [restartedMain] INFO  o.s.d.r.c.RepositoryConfigurationDelegate [] - Multiple Spring Data modules found, entering strict repository configuration mode
2025-11-18 16:04:46 [restartedMain] INFO  o.s.d.r.c.RepositoryConfigurationDelegate [] - Bootstrapping Spring Data JPA repositories in DEFAULT mode.
2025-11-18 16:04:46 [restartedMain] INFO  o.s.d.r.c.RepositoryConfigurationDelegate [] - Finished Spring Data repository scanning in 33 ms. Found 3 JPA repository interfaces.
2025-11-18 16:04:47 [restartedMain] WARN  o.s.c.s.PostProcessorRegistrationDelegate$BeanPostProcessorChecker [] - Bean 'net.bull.javamelody.JavaMelodyAutoConfiguration' of type [net.bull.javamelody.JavaMelodyAutoConfiguration$$SpringCGLIB$$0] is not eligible for getting processed by all BeanPostProcessors (for example: not eligible for auto-proxying). The currently created BeanPostProcessor [monitoringDataSourceBeanPostProcessor] is declared through a non-static factory method on that class; consider declaring it as static instead.
2025-11-18 16:04:47 [restartedMain] WARN  o.s.c.s.PostProcessorRegistrationDelegate$BeanPostProcessorChecker [] - Bean 'monitoringSpringAdvisor' of type [net.bull.javamelody.MonitoringSpringAdvisor] is not eligible for getting processed by all BeanPostProcessors (for example: not eligible for auto-proxying). Is this bean getting eagerly injected/applied to a currently created BeanPostProcessor [projectingArgumentResolverBeanPostProcessor]? Check the corresponding BeanPostProcessor declaration and its dependencies/advisors. If this bean does not have to be post-processed, declare it with ROLE_INFRASTRUCTURE.
2025-11-18 16:04:47 [restartedMain] WARN  o.s.c.s.PostProcessorRegistrationDelegate$BeanPostProcessorChecker [] - Bean 'monitoringSpringServiceAdvisor' of type [net.bull.javamelody.MonitoringSpringAdvisor] is not eligible for getting processed by all BeanPostProcessors (for example: not eligible for auto-proxying). Is this bean getting eagerly injected/applied to a currently created BeanPostProcessor [projectingArgumentResolverBeanPostProcessor]? Check the corresponding BeanPostProcessor declaration and its dependencies/advisors. If this bean does not have to be post-processed, declare it with ROLE_INFRASTRUCTURE.
2025-11-18 16:04:47 [restartedMain] WARN  o.s.c.s.PostProcessorRegistrationDelegate$BeanPostProcessorChecker [] - Bean 'monitoringSpringControllerAdvisor' of type [net.bull.javamelody.MonitoringSpringAdvisor] is not eligible for getting processed by all BeanPostProcessors (for example: not eligible for auto-proxying). Is this bean getting eagerly injected/applied to a currently created BeanPostProcessor [projectingArgumentResolverBeanPostProcessor]? Check the corresponding BeanPostProcessor declaration and its dependencies/advisors. If this bean does not have to be post-processed, declare it with ROLE_INFRASTRUCTURE.
2025-11-18 16:04:47 [restartedMain] WARN  o.s.c.s.PostProcessorRegistrationDelegate$BeanPostProcessorChecker [] - Bean 'monitoringSpringRestControllerAdvisor' of type [net.bull.javamelody.MonitoringSpringAdvisor] is not eligible for getting processed by all BeanPostProcessors (for example: not eligible for auto-proxying). Is this bean getting eagerly injected/applied to a currently created BeanPostProcessor [projectingArgumentResolverBeanPostProcessor]? Check the corresponding BeanPostProcessor declaration and its dependencies/advisors. If this bean does not have to be post-processed, declare it with ROLE_INFRASTRUCTURE.
2025-11-18 16:04:47 [restartedMain] WARN  o.s.c.s.PostProcessorRegistrationDelegate$BeanPostProcessorChecker [] - Bean 'monitoringSpringAsyncAdvisor' of type [net.bull.javamelody.MonitoringSpringAdvisor] is not eligible for getting processed by all BeanPostProcessors (for example: not eligible for auto-proxying). Is this bean getting eagerly injected/applied to a currently created BeanPostProcessor [projectingArgumentResolverBeanPostProcessor]? Check the corresponding BeanPostProcessor declaration and its dependencies/advisors. If this bean does not have to be post-processed, declare it with ROLE_INFRASTRUCTURE.
2025-11-18 16:04:47 [restartedMain] WARN  o.s.c.s.PostProcessorRegistrationDelegate$BeanPostProcessorChecker [] - Bean 'monitoringSpringScheduledAdvisor' of type [net.bull.javamelody.MonitoringSpringAdvisor] is not eligible for getting processed by all BeanPostProcessors (for example: not eligible for auto-proxying). Is this bean getting eagerly injected/applied to a currently created BeanPostProcessor [projectingArgumentResolverBeanPostProcessor]? Check the corresponding BeanPostProcessor declaration and its dependencies/advisors. If this bean does not have to be post-processed, declare it with ROLE_INFRASTRUCTURE.
2025-11-18 16:04:48 [restartedMain] INFO  o.s.b.w.e.tomcat.TomcatWebServer [] - Tomcat initialized with port 9001 (http)
2025-11-18 16:04:48 [restartedMain] INFO  o.a.coyote.http11.Http11NioProtocol [] - Initializing ProtocolHandler ["http-nio-9001"]
2025-11-18 16:04:48 [restartedMain] INFO  o.a.catalina.core.StandardService [] - Starting service [Tomcat]
2025-11-18 16:04:48 [restartedMain] INFO  o.a.catalina.core.StandardEngine [] - Starting Servlet engine: [Apache Tomcat/10.1.44]
2025-11-18 16:04:48 [restartedMain] INFO  o.a.c.c.C.[Tomcat].[localhost].[/] [] - Initializing Spring embedded WebApplicationContext
2025-11-18 16:04:48 [restartedMain] INFO  o.s.b.w.s.c.ServletWebServerApplicationContext [] - Root WebApplicationContext: initialization completed in 3143 ms
2025-11-18 16:04:49 [restartedMain] DEBUG c.u.U.security.JwtRequestFilter [] - Filter 'jwtRequestFilter' configured for use
2025-11-18 16:04:49 [restartedMain] DEBUG c.u.U.security.ApiFilter [] - Filter 'apiFilter' configured for use
2025-11-18 16:04:49 [restartedMain] INFO  o.h.jpa.internal.util.LogHelper [] - HHH000204: Processing PersistenceUnitInfo [name: default]
2025-11-18 16:04:49 [restartedMain] INFO  org.hibernate.Version [] - HHH000412: Hibernate ORM core version 6.6.26.Final
2025-11-18 16:04:49 [restartedMain] INFO  o.h.c.i.RegionFactoryInitiator [] - HHH000026: Second-level cache disabled
2025-11-18 16:04:49 [restartedMain] INFO  o.s.o.j.p.SpringPersistenceUnitInfo [] - No LoadTimeWeaver setup: ignoring JPA class transformer
2025-11-18 16:04:50 [restartedMain] INFO  com.zaxxer.hikari.HikariDataSource [] - HikariPool-1 - Starting...
2025-11-18 16:04:50 [restartedMain] INFO  com.zaxxer.hikari.pool.HikariPool [] - HikariPool-1 - Added connection com.mysql.cj.jdbc.ConnectionImpl@24c6a280
2025-11-18 16:04:50 [restartedMain] INFO  com.zaxxer.hikari.HikariDataSource [] - HikariPool-1 - Start completed.
2025-11-18 16:04:50 [restartedMain] WARN  org.hibernate.orm.deprecation [] - HHH90000025: MySQL8Dialect does not need to be specified explicitly using 'hibernate.dialect' (remove the property setting and it will be selected by default)
2025-11-18 16:04:50 [restartedMain] WARN  org.hibernate.orm.deprecation [] - HHH90000026: MySQL8Dialect has been deprecated; use org.hibernate.dialect.MySQLDialect instead
2025-11-18 16:04:50 [restartedMain] INFO  o.hibernate.orm.connections.pooling [] - HHH10001005: Database info:
	Database JDBC URL [Connecting through datasource 'HikariDataSource (HikariPool-1)']
	Database driver: undefined/unknown
	Database version: 8.0
	Autocommit mode: undefined/unknown
	Isolation level: undefined/unknown
	Minimum pool size: undefined/unknown
	Maximum pool size: undefined/unknown
2025-11-18 16:04:50 [restartedMain] DEBUG o.h.t.d.sql.spi.DdlTypeRegistry [] - addDescriptor(12, org.hibernate.type.descriptor.sql.internal.CapacityDependentDdlType@3d8e5112) replaced previous registration(org.hibernate.type.descriptor.sql.internal.CapacityDependentDdlType@34ebcf5)
2025-11-18 16:04:50 [restartedMain] DEBUG o.h.t.d.sql.spi.DdlTypeRegistry [] - addDescriptor(-9, org.hibernate.type.descriptor.sql.internal.CapacityDependentDdlType@2fa08d74) replaced previous registration(org.hibernate.type.descriptor.sql.internal.CapacityDependentDdlType@301bd6ca)
2025-11-18 16:04:50 [restartedMain] DEBUG o.h.t.d.sql.spi.DdlTypeRegistry [] - addDescriptor(-3, org.hibernate.type.descriptor.sql.internal.CapacityDependentDdlType@7fd2071a) replaced previous registration(org.hibernate.type.descriptor.sql.internal.CapacityDependentDdlType@98db501)
2025-11-18 16:04:50 [restartedMain] DEBUG o.h.t.d.sql.spi.DdlTypeRegistry [] - addDescriptor(4003, org.hibernate.type.descriptor.sql.internal.DdlTypeImpl@226d4269) replaced previous registration(org.hibernate.type.descriptor.sql.internal.DdlTypeImpl@4cae7d68)
2025-11-18 16:04:50 [restartedMain] DEBUG o.h.t.d.sql.spi.DdlTypeRegistry [] - addDescriptor(4001, org.hibernate.type.descriptor.sql.internal.DdlTypeImpl@23ab5930) replaced previous registration(org.hibernate.type.descriptor.sql.internal.DdlTypeImpl@476ac5f9)
2025-11-18 16:04:50 [restartedMain] DEBUG o.h.t.d.sql.spi.DdlTypeRegistry [] - addDescriptor(4002, org.hibernate.type.descriptor.sql.internal.DdlTypeImpl@fdca977) replaced previous registration(org.hibernate.type.descriptor.sql.internal.DdlTypeImpl@3026d0d9)
2025-11-18 16:04:50 [restartedMain] DEBUG o.h.t.d.sql.spi.DdlTypeRegistry [] - addDescriptor(2004, org.hibernate.type.descriptor.sql.internal.CapacityDependentDdlType@493d7d34) replaced previous registration(org.hibernate.type.descriptor.sql.internal.DdlTypeImpl@58e92ce7)
2025-11-18 16:04:50 [restartedMain] DEBUG o.h.t.d.sql.spi.DdlTypeRegistry [] - addDescriptor(2005, org.hibernate.type.descriptor.sql.internal.CapacityDependentDdlType@3294a19c) replaced previous registration(org.hibernate.type.descriptor.sql.internal.DdlTypeImpl@34b20f0f)
2025-11-18 16:04:50 [restartedMain] DEBUG o.h.t.d.sql.spi.DdlTypeRegistry [] - addDescriptor(2011, org.hibernate.type.descriptor.sql.internal.CapacityDependentDdlType@16440070) replaced previous registration(org.hibernate.type.descriptor.sql.internal.DdlTypeImpl@7db984b)
2025-11-18 16:04:52 [restartedMain] INFO  o.h.e.t.j.p.i.JtaPlatformInitiator [] - HHH000489: No JTA platform available (set 'hibernate.transaction.jta.platform' to enable JTA platform integration)
2025-11-18 16:04:52 [restartedMain] INFO  o.s.o.j.LocalContainerEntityManagerFactoryBean [] - Initialized JPA EntityManagerFactory for persistence unit 'default'
2025-11-18 16:04:53 [restartedMain] WARN  o.s.b.a.o.j.JpaBaseConfiguration$JpaWebConfiguration [] - spring.jpa.open-in-view is enabled by default. Therefore, database queries may be performed during view rendering. Explicitly configure spring.jpa.open-in-view to disable this warning
2025-11-18 16:04:53 [restartedMain] INFO  o.s.v.b.OptionalValidatorFactoryBean [] - Failed to set up a Bean Validation provider: jakarta.validation.NoProviderFoundException: Unable to create a Configuration, because no Jakarta Bean Validation provider could be found. Add a provider like Hibernate Validator (RI) to your classpath.
2025-11-18 16:04:54 [restartedMain] INFO  o.s.b.d.a.OptionalLiveReloadServer [] - LiveReload server is running on port 35729
2025-11-18 16:04:54 [restartedMain] INFO  o.a.coyote.http11.Http11NioProtocol [] - Starting ProtocolHandler ["http-nio-9001"]
2025-11-18 16:04:54 [restartedMain] INFO  o.s.b.w.e.tomcat.TomcatWebServer [] - Tomcat started on port 9001 (http) with context path '/'
2025-11-18 16:04:54 [restartedMain] INFO  c.u.U.UsersMicroserviceApplication [] - Started UsersMicroserviceApplication in 10.231 seconds (process running for 10.938)
2025-11-18 16:11:44 [SpringApplicationShutdownHook] INFO  o.s.b.w.e.tomcat.GracefulShutdown [] - Commencing graceful shutdown. Waiting for active requests to complete
2025-11-18 16:11:45 [tomcat-shutdown] INFO  o.s.b.w.e.tomcat.GracefulShutdown [] - Graceful shutdown complete
2025-11-18 16:11:45 [SpringApplicationShutdownHook] INFO  o.s.o.j.LocalContainerEntityManagerFactoryBean [] - Closing JPA EntityManagerFactory for persistence unit 'default'
2025-11-18 16:11:45 [SpringApplicationShutdownHook] INFO  com.zaxxer.hikari.HikariDataSource [] - HikariPool-1 - Shutdown initiated...
2025-11-18 16:11:45 [SpringApplicationShutdownHook] INFO  com.zaxxer.hikari.HikariDataSource [] - HikariPool-1 - Shutdown completed.
2025-11-18 16:11:52 [restartedMain] INFO  c.u.U.UsersMicroserviceApplication [] - Starting UsersMicroserviceApplication using Java 17.0.1 with PID 23216 (D:\Documents\micro_backend\UsersMicroservice\target\classes started by rober in D:\Documents\micro_backend\UsersMicroservice)
2025-11-18 16:11:52 [restartedMain] DEBUG c.u.U.UsersMicroserviceApplication [] - Running with Spring Boot v3.5.5, Spring v6.2.10
2025-11-18 16:11:52 [restartedMain] INFO  c.u.U.UsersMicroserviceApplication [] - The following 1 profile is active: "local"
2025-11-18 16:11:52 [restartedMain] INFO  o.s.b.d.e.DevToolsPropertyDefaultsPostProcessor [] - Devtools property defaults active! Set 'spring.devtools.add-properties' to 'false' to disable
2025-11-18 16:11:52 [restartedMain] INFO  o.s.b.d.e.DevToolsPropertyDefaultsPostProcessor [] - For additional web related logging consider setting the 'logging.level.web' property to 'DEBUG'
2025-11-18 16:11:54 [restartedMain] INFO  o.s.d.r.c.RepositoryConfigurationDelegate [] - Multiple Spring Data modules found, entering strict repository configuration mode
2025-11-18 16:11:54 [restartedMain] INFO  o.s.d.r.c.RepositoryConfigurationDelegate [] - Bootstrapping Spring Data JDBC repositories in DEFAULT mode.
2025-11-18 16:11:54 [restartedMain] INFO  o.s.d.r.c.RepositoryConfigurationExtensionSupport [] - Spring Data JDBC - Could not safely identify store assignment for repository candidate interface com.users.UsersMicroservice.repositories.BookListRepository; If you want this repository to be a JDBC repository, consider annotating your entities with one of these annotations: org.springframework.data.relational.core.mapping.Table.
2025-11-18 16:11:54 [restartedMain] INFO  o.s.d.r.c.RepositoryConfigurationExtensionSupport [] - Spring Data JDBC - Could not safely identify store assignment for repository candidate interface com.users.UsersMicroservice.repositories.UserEntityRepository; If you want this repository to be a JDBC repository, consider annotating your entities with one of these annotations: org.springframework.data.relational.core.mapping.Table.
2025-11-18 16:11:54 [restartedMain] INFO  o.s.d.r.c.RepositoryConfigurationExtensionSupport [] - Spring Data JDBC - Could not safely identify store assignment for repository candidate interface com.users.UsersMicroservice.repositories.UserListRepository; If you want this repository to be a JDBC repository, consider annotating your entities with one of these annotations: org.springframework.data.relational.core.mapping.Table.
2025-11-18 16:11:54 [restartedMain] INFO  o.s.d.r.c.RepositoryConfigurationDelegate [] - Finished Spring Data repository scanning in 74 ms. Found 0 JDBC repository interfaces.
2025-11-18 16:11:55 [restartedMain] INFO  o.s.d.r.c.RepositoryConfigurationDelegate [] - Multiple Spring Data modules found, entering strict repository configuration mode
2025-11-18 16:11:55 [restartedMain] INFO  o.s.d.r.c.RepositoryConfigurationDelegate [] - Bootstrapping Spring Data JPA repositories in DEFAULT mode.
2025-11-18 16:11:55 [restartedMain] INFO  o.s.d.r.c.RepositoryConfigurationDelegate [] - Finished Spring Data repository scanning in 49 ms. Found 3 JPA repository interfaces.
2025-11-18 16:11:55 [restartedMain] WARN  o.s.c.s.PostProcessorRegistrationDelegate$BeanPostProcessorChecker [] - Bean 'net.bull.javamelody.JavaMelodyAutoConfiguration' of type [net.bull.javamelody.JavaMelodyAutoConfiguration$$SpringCGLIB$$0] is not eligible for getting processed by all BeanPostProcessors (for example: not eligible for auto-proxying). The currently created BeanPostProcessor [monitoringDataSourceBeanPostProcessor] is declared through a non-static factory method on that class; consider declaring it as static instead.
2025-11-18 16:11:55 [restartedMain] WARN  o.s.c.s.PostProcessorRegistrationDelegate$BeanPostProcessorChecker [] - Bean 'monitoringSpringAdvisor' of type [net.bull.javamelody.MonitoringSpringAdvisor] is not eligible for getting processed by all BeanPostProcessors (for example: not eligible for auto-proxying). Is this bean getting eagerly injected/applied to a currently created BeanPostProcessor [projectingArgumentResolverBeanPostProcessor]? Check the corresponding BeanPostProcessor declaration and its dependencies/advisors. If this bean does not have to be post-processed, declare it with ROLE_INFRASTRUCTURE.
2025-11-18 16:11:55 [restartedMain] WARN  o.s.c.s.PostProcessorRegistrationDelegate$BeanPostProcessorChecker [] - Bean 'monitoringSpringServiceAdvisor' of type [net.bull.javamelody.MonitoringSpringAdvisor] is not eligible for getting processed by all BeanPostProcessors (for example: not eligible for auto-proxying). Is this bean getting eagerly injected/applied to a currently created BeanPostProcessor [projectingArgumentResolverBeanPostProcessor]? Check the corresponding BeanPostProcessor declaration and its dependencies/advisors. If this bean does not have to be post-processed, declare it with ROLE_INFRASTRUCTURE.
2025-11-18 16:11:55 [restartedMain] WARN  o.s.c.s.PostProcessorRegistrationDelegate$BeanPostProcessorChecker [] - Bean 'monitoringSpringControllerAdvisor' of type [net.bull.javamelody.MonitoringSpringAdvisor] is not eligible for getting processed by all BeanPostProcessors (for example: not eligible for auto-proxying). Is this bean getting eagerly injected/applied to a currently created BeanPostProcessor [projectingArgumentResolverBeanPostProcessor]? Check the corresponding BeanPostProcessor declaration and its dependencies/advisors. If this bean does not have to be post-processed, declare it with ROLE_INFRASTRUCTURE.
2025-11-18 16:11:55 [restartedMain] WARN  o.s.c.s.PostProcessorRegistrationDelegate$BeanPostProcessorChecker [] - Bean 'monitoringSpringRestControllerAdvisor' of type [net.bull.javamelody.MonitoringSpringAdvisor] is not eligible for getting processed by all BeanPostProcessors (for example: not eligible for auto-proxying). Is this bean getting eagerly injected/applied to a currently created BeanPostProcessor [projectingArgumentResolverBeanPostProcessor]? Check the corresponding BeanPostProcessor declaration and its dependencies/advisors. If this bean does not have to be post-processed, declare it with ROLE_INFRASTRUCTURE.
2025-11-18 16:11:55 [restartedMain] WARN  o.s.c.s.PostProcessorRegistrationDelegate$BeanPostProcessorChecker [] - Bean 'monitoringSpringAsyncAdvisor' of type [net.bull.javamelody.MonitoringSpringAdvisor] is not eligible for getting processed by all BeanPostProcessors (for example: not eligible for auto-proxying). Is this bean getting eagerly injected/applied to a currently created BeanPostProcessor [projectingArgumentResolverBeanPostProcessor]? Check the corresponding BeanPostProcessor declaration and its dependencies/advisors. If this bean does not have to be post-processed, declare it with ROLE_INFRASTRUCTURE.
2025-11-18 16:11:55 [restartedMain] WARN  o.s.c.s.PostProcessorRegistrationDelegate$BeanPostProcessorChecker [] - Bean 'monitoringSpringScheduledAdvisor' of type [net.bull.javamelody.MonitoringSpringAdvisor] is not eligible for getting processed by all BeanPostProcessors (for example: not eligible for auto-proxying). Is this bean getting eagerly injected/applied to a currently created BeanPostProcessor [projectingArgumentResolverBeanPostProcessor]? Check the corresponding BeanPostProcessor declaration and its dependencies/advisors. If this bean does not have to be post-processed, declare it with ROLE_INFRASTRUCTURE.
2025-11-18 16:11:56 [restartedMain] INFO  o.s.b.w.e.tomcat.TomcatWebServer [] - Tomcat initialized with port 9001 (http)
2025-11-18 16:11:56 [restartedMain] INFO  o.a.coyote.http11.Http11NioProtocol [] - Initializing ProtocolHandler ["http-nio-9001"]
2025-11-18 16:11:56 [restartedMain] INFO  o.a.catalina.core.StandardService [] - Starting service [Tomcat]
2025-11-18 16:11:56 [restartedMain] INFO  o.a.catalina.core.StandardEngine [] - Starting Servlet engine: [Apache Tomcat/10.1.44]
2025-11-18 16:11:57 [restartedMain] INFO  o.a.c.c.C.[Tomcat].[localhost].[/] [] - Initializing Spring embedded WebApplicationContext
2025-11-18 16:11:57 [restartedMain] INFO  o.s.b.w.s.c.ServletWebServerApplicationContext [] - Root WebApplicationContext: initialization completed in 4595 ms
2025-11-18 16:11:59 [restartedMain] DEBUG c.u.U.security.JwtRequestFilter [] - Filter 'jwtRequestFilter' configured for use
2025-11-18 16:11:59 [restartedMain] DEBUG c.u.U.security.ApiFilter [] - Filter 'apiFilter' configured for use
2025-11-18 16:11:59 [restartedMain] INFO  o.h.jpa.internal.util.LogHelper [] - HHH000204: Processing PersistenceUnitInfo [name: default]
2025-11-18 16:11:59 [restartedMain] INFO  org.hibernate.Version [] - HHH000412: Hibernate ORM core version 6.6.26.Final
2025-11-18 16:11:59 [restartedMain] INFO  o.h.c.i.RegionFactoryInitiator [] - HHH000026: Second-level cache disabled
2025-11-18 16:12:00 [restartedMain] INFO  o.s.o.j.p.SpringPersistenceUnitInfo [] - No LoadTimeWeaver setup: ignoring JPA class transformer
2025-11-18 16:12:00 [restartedMain] INFO  com.zaxxer.hikari.HikariDataSource [] - HikariPool-1 - Starting...
2025-11-18 16:12:00 [restartedMain] INFO  com.zaxxer.hikari.pool.HikariPool [] - HikariPool-1 - Added connection com.mysql.cj.jdbc.ConnectionImpl@3f8f0895
2025-11-18 16:12:00 [restartedMain] INFO  com.zaxxer.hikari.HikariDataSource [] - HikariPool-1 - Start completed.
2025-11-18 16:12:01 [restartedMain] WARN  org.hibernate.orm.deprecation [] - HHH90000025: MySQL8Dialect does not need to be specified explicitly using 'hibernate.dialect' (remove the property setting and it will be selected by default)
2025-11-18 16:12:01 [restartedMain] WARN  org.hibernate.orm.deprecation [] - HHH90000026: MySQL8Dialect has been deprecated; use org.hibernate.dialect.MySQLDialect instead
2025-11-18 16:12:01 [restartedMain] INFO  o.hibernate.orm.connections.pooling [] - HHH10001005: Database info:
	Database JDBC URL [Connecting through datasource 'HikariDataSource (HikariPool-1)']
	Database driver: undefined/unknown
	Database version: 8.0
	Autocommit mode: undefined/unknown
	Isolation level: undefined/unknown
	Minimum pool size: undefined/unknown
	Maximum pool size: undefined/unknown
2025-11-18 16:12:01 [restartedMain] DEBUG o.h.t.d.sql.spi.DdlTypeRegistry [] - addDescriptor(12, org.hibernate.type.descriptor.sql.internal.CapacityDependentDdlType@6614582a) replaced previous registration(org.hibernate.type.descriptor.sql.internal.CapacityDependentDdlType@13e58c8)
2025-11-18 16:12:01 [restartedMain] DEBUG o.h.t.d.sql.spi.DdlTypeRegistry [] - addDescriptor(-9, org.hibernate.type.descriptor.sql.internal.CapacityDependentDdlType@3296c0e4) replaced previous registration(org.hibernate.type.descriptor.sql.internal.CapacityDependentDdlType@2e9541ee)
2025-11-18 16:12:01 [restartedMain] DEBUG o.h.t.d.sql.spi.DdlTypeRegistry [] - addDescriptor(-3, org.hibernate.type.descriptor.sql.internal.CapacityDependentDdlType@6a04991e) replaced previous registration(org.hibernate.type.descriptor.sql.internal.CapacityDependentDdlType@190f748e)
2025-11-18 16:12:01 [restartedMain] DEBUG o.h.t.d.sql.spi.DdlTypeRegistry [] - addDescriptor(4003, org.hibernate.type.descriptor.sql.internal.DdlTypeImpl@1d9a16ab) replaced previous registration(org.hibernate.type.descriptor.sql.internal.DdlTypeImpl@1984aec7)
2025-11-18 16:12:01 [restartedMain] DEBUG o.h.t.d.sql.spi.DdlTypeRegistry [] - addDescriptor(4001, org.hibernate.type.descriptor.sql.internal.DdlTypeImpl@57060880) replaced previous registration(org.hibernate.type.descriptor.sql.internal.DdlTypeImpl@354fadea)
2025-11-18 16:12:01 [restartedMain] DEBUG o.h.t.d.sql.spi.DdlTypeRegistry [] - addDescriptor(4002, org.hibernate.type.descriptor.sql.internal.DdlTypeImpl@782ddaa6) replaced previous registration(org.hibernate.type.descriptor.sql.internal.DdlTypeImpl@44e3a1f2)
2025-11-18 16:12:01 [restartedMain] DEBUG o.h.t.d.sql.spi.DdlTypeRegistry [] - addDescriptor(2004, org.hibernate.type.descriptor.sql.internal.CapacityDependentDdlType@23c6f3e6) replaced previous registration(org.hibernate.type.descriptor.sql.internal.DdlTypeImpl@6b2e3a89)
2025-11-18 16:12:01 [restartedMain] DEBUG o.h.t.d.sql.spi.DdlTypeRegistry [] - addDescriptor(2005, org.hibernate.type.descriptor.sql.internal.CapacityDependentDdlType@7d4025a0) replaced previous registration(org.hibernate.type.descriptor.sql.internal.DdlTypeImpl@2475e7cb)
2025-11-18 16:12:01 [restartedMain] DEBUG o.h.t.d.sql.spi.DdlTypeRegistry [] - addDescriptor(2011, org.hibernate.type.descriptor.sql.internal.CapacityDependentDdlType@30b87960) replaced previous registration(org.hibernate.type.descriptor.sql.internal.DdlTypeImpl@2a58e78c)
2025-11-18 16:12:02 [restartedMain] INFO  o.h.e.t.j.p.i.JtaPlatformInitiator [] - HHH000489: No JTA platform available (set 'hibernate.transaction.jta.platform' to enable JTA platform integration)
2025-11-18 16:12:03 [restartedMain] INFO  o.s.o.j.LocalContainerEntityManagerFactoryBean [] - Initialized JPA EntityManagerFactory for persistence unit 'default'
2025-11-18 16:12:03 [restartedMain] WARN  o.s.b.a.o.j.JpaBaseConfiguration$JpaWebConfiguration [] - spring.jpa.open-in-view is enabled by default. Therefore, database queries may be performed during view rendering. Explicitly configure spring.jpa.open-in-view to disable this warning
2025-11-18 16:12:04 [restartedMain] INFO  o.s.v.b.OptionalValidatorFactoryBean [] - Failed to set up a Bean Validation provider: jakarta.validation.NoProviderFoundException: Unable to create a Configuration, because no Jakarta Bean Validation provider could be found. Add a provider like Hibernate Validator (RI) to your classpath.
2025-11-18 16:12:05 [restartedMain] INFO  o.s.b.d.a.OptionalLiveReloadServer [] - LiveReload server is running on port 35729
2025-11-18 16:12:05 [restartedMain] INFO  o.a.coyote.http11.Http11NioProtocol [] - Starting ProtocolHandler ["http-nio-9001"]
2025-11-18 16:12:05 [restartedMain] INFO  o.s.b.w.e.tomcat.TomcatWebServer [] - Tomcat started on port 9001 (http) with context path '/'
2025-11-18 16:12:05 [restartedMain] INFO  c.u.U.UsersMicroserviceApplication [] - Started UsersMicroserviceApplication in 13.986 seconds (process running for 14.782)
2025-11-18 16:12:46 [http-nio-9001-exec-2] INFO  o.a.c.c.C.[Tomcat].[localhost].[/] [] - Initializing Spring DispatcherServlet 'dispatcherServlet'
2025-11-18 16:12:46 [http-nio-9001-exec-2] INFO  javamelody [] - remoteAddr = 0:0:0:0:0:0:0:1, request = /user/register POST: 218 ms, error 200, 0 Kb
2025-11-18 16:12:46 [http-nio-9001-exec-2] ERROR o.a.c.c.C.[.[.[.[dispatcherServlet] [] - Servlet.service() for servlet [dispatcherServlet] in context with path [] threw exception
com.users.UsersMicroservice.exception.TokenExpiredException: Token has expired
	at com.users.UsersMicroservice.security.JWTUtil.isTokenValid(JWTUtil.java:81)
	at com.users.UsersMicroservice.security.JwtRequestFilter.doFilterInternal(JwtRequestFilter.java:40)
	at org.springframework.web.filter.OncePerRequestFilter.doFilter(OncePerRequestFilter.java:116)
	at org.apache.catalina.core.ApplicationFilterChain.internalDoFilter(ApplicationFilterChain.java:164)
	at org.apache.catalina.core.ApplicationFilterChain.doFilter(ApplicationFilterChain.java:140)
	at org.springframework.web.filter.OncePerRequestFilter.doFilter(OncePerRequestFilter.java:110)
	at org.apache.catalina.core.ApplicationFilterChain.internalDoFilter(ApplicationFilterChain.java:164)
	at org.apache.catalina.core.ApplicationFilterChain.doFilter(ApplicationFilterChain.java:140)
	at net.bull.javamelody.MonitoringFilter.doFilter(MonitoringFilter.java:236)
	at net.bull.javamelody.MonitoringFilter.doFilter(MonitoringFilter.java:212)
	at org.apache.catalina.core.ApplicationFilterChain.internalDoFilter(ApplicationFilterChain.java:164)
	at org.apache.catalina.core.ApplicationFilterChain.doFilter(ApplicationFilterChain.java:140)
	at org.springframework.web.filter.CompositeFilter$VirtualFilterChain.doFilter(CompositeFilter.java:108)
	at org.springframework.web.filter.CompositeFilter$VirtualFilterChain.doFilter(CompositeFilter.java:108)
	at org.springframework.security.web.FilterChainProxy.lambda$doFilterInternal$3(FilterChainProxy.java:231)
	at org.springframework.security.web.FilterChainProxy$VirtualFilterChain.doFilter(FilterChainProxy.java:365)
	at org.springframework.security.web.access.intercept.AuthorizationFilter.doFilter(AuthorizationFilter.java:101)
	at org.springframework.security.web.FilterChainProxy$VirtualFilterChain.doFilter(FilterChainProxy.java:374)
	at org.springframework.security.web.access.ExceptionTranslationFilter.doFilter(ExceptionTranslationFilter.java:125)
	at org.springframework.security.web.access.ExceptionTranslationFilter.doFilter(ExceptionTranslationFilter.java:119)
	at org.springframework.security.web.FilterChainProxy$VirtualFilterChain.doFilter(FilterChainProxy.java:374)
	at org.springframework.security.web.session.SessionManagementFilter.doFilter(SessionManagementFilter.java:131)
	at org.springframework.security.web.session.SessionManagementFilter.doFilter(SessionManagementFilter.java:85)
	at org.springframework.security.web.FilterChainProxy$VirtualFilterChain.doFilter(FilterChainProxy.java:374)
	at org.springframework.security.web.authentication.AnonymousAuthenticationFilter.doFilter(AnonymousAuthenticationFilter.java:100)
	at org.springframework.security.web.FilterChainProxy$VirtualFilterChain.doFilter(FilterChainProxy.java:374)
	at org.springframework.security.web.servletapi.SecurityContextHolderAwareRequestFilter.doFilter(SecurityContextHolderAwareRequestFilter.java:179)
	at org.springframework.security.web.FilterChainProxy$VirtualFilterChain.doFilter(FilterChainProxy.java:374)
	at org.springframework.security.web.savedrequest.RequestCacheAwareFilter.doFilter(RequestCacheAwareFilter.java:63)
	at org.springframework.security.web.FilterChainProxy$VirtualFilterChain.doFilter(FilterChainProxy.java:374)
	at com.users.UsersMicroservice.security.ApiFilter.doFilterInternal(ApiFilter.java:68)
	at org.springframework.web.filter.OncePerRequestFilter.doFilter(OncePerRequestFilter.java:116)
	at org.springframework.security.web.FilterChainProxy$VirtualFilterChain.doFilter(FilterChainProxy.java:374)
	at org.springframework.security.web.authentication.logout.LogoutFilter.doFilter(LogoutFilter.java:107)
	at org.springframework.security.web.authentication.logout.LogoutFilter.doFilter(LogoutFilter.java:93)
	at org.springframework.security.web.FilterChainProxy$VirtualFilterChain.doFilter(FilterChainProxy.java:374)
	at org.springframework.web.filter.CorsFilter.doFilterInternal(CorsFilter.java:91)
	at org.springframework.web.filter.OncePerRequestFilter.doFilter(OncePerRequestFilter.java:116)
	at org.springframework.security.web.FilterChainProxy$VirtualFilterChain.doFilter(FilterChainProxy.java:374)
	at org.springframework.security.web.header.HeaderWriterFilter.doHeadersAfter(HeaderWriterFilter.java:90)
	at org.springframework.security.web.header.HeaderWriterFilter.doFilterInternal(HeaderWriterFilter.java:75)
	at org.springframework.web.filter.OncePerRequestFilter.doFilter(OncePerRequestFilter.java:116)
	at org.springframework.security.web.FilterChainProxy$VirtualFilterChain.doFilter(FilterChainProxy.java:374)
	at org.springframework.security.web.context.SecurityContextHolderFilter.doFilter(SecurityContextHolderFilter.java:82)
	at org.springframework.security.web.context.SecurityContextHolderFilter.doFilter(SecurityContextHolderFilter.java:69)
	at org.springframework.security.web.FilterChainProxy$VirtualFilterChain.doFilter(FilterChainProxy.java:374)
	at org.springframework.security.web.context.request.async.WebAsyncManagerIntegrationFilter.doFilterInternal(WebAsyncManagerIntegrationFilter.java:62)
	at org.springframework.web.filter.OncePerRequestFilter.doFilter(OncePerRequestFilter.java:116)
	at org.springframework.security.web.FilterChainProxy$VirtualFilterChain.doFilter(FilterChainProxy.java:374)
	at org.springframework.security.web.session.DisableEncodeUrlFilter.doFilterInternal(DisableEncodeUrlFilter.java:42)
	at org.springframework.web.filter.OncePerRequestFilter.doFilter(OncePerRequestFilter.java:116)
	at org.springframework.security.web.FilterChainProxy$VirtualFilterChain.doFilter(FilterChainProxy.java:374)
	at org.springframework.security.web.FilterChainProxy.doFilterInternal(FilterChainProxy.java:233)
	at org.springframework.security.web.FilterChainProxy.doFilter(FilterChainProxy.java:191)
	at org.springframework.web.filter.CompositeFilter$VirtualFilterChain.doFilter(CompositeFilter.java:113)
	at org.springframework.web.filter.ServletRequestPathFilter.doFilter(ServletRequestPathFilter.java:52)
	at org.springframework.web.filter.CompositeFilter$VirtualFilterChain.doFilter(CompositeFilter.java:113)
	at org.springframework.web.filter.CompositeFilter.doFilter(CompositeFilter.java:74)
	at org.springframework.security.config.annotation.web.configuration.WebSecurityConfiguration$CompositeFilterChainProxy.doFilter(WebSecurityConfiguration.java:319)
	at org.springframework.web.filter.CompositeFilter$VirtualFilterChain.doFilter(CompositeFilter.java:113)
	at org.springframework.web.servlet.handler.HandlerMappingIntrospector.lambda$createCacheFilter$4(HandlerMappingIntrospector.java:267)
	at org.springframework.web.filter.CompositeFilter$VirtualFilterChain.doFilter(CompositeFilter.java:113)
	at org.springframework.web.filter.CompositeFilter.doFilter(CompositeFilter.java:74)
	at org.springframework.security.config.annotation.web.configuration.WebMvcSecurityConfiguration$CompositeFilterChainProxy.doFilter(WebMvcSecurityConfiguration.java:240)
	at org.springframework.web.filter.DelegatingFilterProxy.invokeDelegate(DelegatingFilterProxy.java:362)
	at org.springframework.web.filter.DelegatingFilterProxy.doFilter(DelegatingFilterProxy.java:278)
	at org.apache.catalina.core.ApplicationFilterChain.internalDoFilter(ApplicationFilterChain.java:164)
	at org.apache.catalina.core.ApplicationFilterChain.doFilter(ApplicationFilterChain.java:140)
	at org.springframework.web.filter.RequestContextFilter.doFilterInternal(RequestContextFilter.java:100)
	at org.springframework.web.filter.OncePerRequestFilter.doFilter(OncePerRequestFilter.java:116)
	at org.apache.catalina.core.ApplicationFilterChain.internalDoFilter(ApplicationFilterChain.java:164)
	at org.apache.catalina.core.ApplicationFilterChain.doFilter(ApplicationFilterChain.java:140)
	at org.springframework.web.filter.FormContentFilter.doFilterInternal(FormContentFilter.java:93)
	at org.springframework.web.filter.OncePerRequestFilter.doFilter(OncePerRequestFilter.java:116)
	at org.apache.catalina.core.ApplicationFilterChain.internalDoFilter(ApplicationFilterChain.java:164)
	at org.apache.catalina.core.ApplicationFilterChain.doFilter(ApplicationFilterChain.java:140)
	at org.springframework.web.filter.CharacterEncodingFilter.doFilterInternal(CharacterEncodingFilter.java:201)
	at org.springframework.web.filter.OncePerRequestFilter.doFilter(OncePerRequestFilter.java:116)
	at org.apache.catalina.core.ApplicationFilterChain.internalDoFilter(ApplicationFilterChain.java:164)
	at org.apache.catalina.core.ApplicationFilterChain.doFilter(ApplicationFilterChain.java:140)
	at org.apache.catalina.core.StandardWrapperValve.invoke(StandardWrapperValve.java:167)
	at org.apache.catalina.core.StandardContextValve.invoke(StandardContextValve.java:90)
	at org.apache.catalina.authenticator.AuthenticatorBase.invoke(AuthenticatorBase.java:483)
	at org.apache.catalina.core.StandardHostValve.invoke(StandardHostValve.java:116)
	at org.apache.catalina.valves.ErrorReportValve.invoke(ErrorReportValve.java:93)
	at org.apache.catalina.core.StandardEngineValve.invoke(StandardEngineValve.java:74)
	at org.apache.catalina.connector.CoyoteAdapter.service(CoyoteAdapter.java:344)
	at org.apache.coyote.http11.Http11Processor.service(Http11Processor.java:398)
	at org.apache.coyote.AbstractProcessorLight.process(AbstractProcessorLight.java:63)
	at org.apache.coyote.AbstractProtocol$ConnectionHandler.process(AbstractProtocol.java:903)
	at org.apache.tomcat.util.net.NioEndpoint$SocketProcessor.doRun(NioEndpoint.java:1769)
	at org.apache.tomcat.util.net.SocketProcessorBase.run(SocketProcessorBase.java:52)
	at org.apache.tomcat.util.threads.ThreadPoolExecutor.runWorker(ThreadPoolExecutor.java:1189)
	at org.apache.tomcat.util.threads.ThreadPoolExecutor$Worker.run(ThreadPoolExecutor.java:658)
	at org.apache.tomcat.util.threads.TaskThread$WrappingRunnable.run(TaskThread.java:63)
	at java.base/java.lang.Thread.run(Thread.java:833)
2025-11-18 16:13:05 [http-nio-9001-exec-3] WARN  o.s.w.s.m.s.DefaultHandlerExceptionResolver [] - Resolved [org.springframework.web.HttpMediaTypeNotSupportedException: Content-Type 'application/json' is not supported]
2025-11-18 16:13:05 [http-nio-9001-exec-3] INFO  javamelody [] - remoteAddr = 0:0:0:0:0:0:0:1, request = /user/register POST: 4 ms, error 415, 0 Kb
2025-11-18 16:14:15 [SpringApplicationShutdownHook] INFO  o.s.b.w.e.tomcat.GracefulShutdown [] - Commencing graceful shutdown. Waiting for active requests to complete
2025-11-18 16:14:15 [tomcat-shutdown] INFO  o.s.b.w.e.tomcat.GracefulShutdown [] - Graceful shutdown complete
2025-11-18 16:14:15 [SpringApplicationShutdownHook] INFO  o.s.o.j.LocalContainerEntityManagerFactoryBean [] - Closing JPA EntityManagerFactory for persistence unit 'default'
2025-11-18 16:14:15 [SpringApplicationShutdownHook] INFO  com.zaxxer.hikari.HikariDataSource [] - HikariPool-1 - Shutdown initiated...
2025-11-18 16:14:15 [SpringApplicationShutdownHook] INFO  com.zaxxer.hikari.HikariDataSource [] - HikariPool-1 - Shutdown completed.
2025-11-18 16:14:29 [restartedMain] INFO  c.u.U.UsersMicroserviceApplication [] - Starting UsersMicroserviceApplication using Java 17.0.1 with PID 28552 (D:\Documents\micro_backend\UsersMicroservice\target\classes started by rober in D:\Documents\micro_backend\UsersMicroservice)
2025-11-18 16:14:29 [restartedMain] DEBUG c.u.U.UsersMicroserviceApplication [] - Running with Spring Boot v3.5.5, Spring v6.2.10
2025-11-18 16:14:29 [restartedMain] INFO  c.u.U.UsersMicroserviceApplication [] - The following 1 profile is active: "local"
2025-11-18 16:14:29 [restartedMain] INFO  o.s.b.d.e.DevToolsPropertyDefaultsPostProcessor [] - Devtools property defaults active! Set 'spring.devtools.add-properties' to 'false' to disable
2025-11-18 16:14:29 [restartedMain] INFO  o.s.b.d.e.DevToolsPropertyDefaultsPostProcessor [] - For additional web related logging consider setting the 'logging.level.web' property to 'DEBUG'
2025-11-18 16:14:32 [restartedMain] INFO  o.s.d.r.c.RepositoryConfigurationDelegate [] - Multiple Spring Data modules found, entering strict repository configuration mode
2025-11-18 16:14:32 [restartedMain] INFO  o.s.d.r.c.RepositoryConfigurationDelegate [] - Bootstrapping Spring Data JDBC repositories in DEFAULT mode.
2025-11-18 16:14:32 [restartedMain] INFO  o.s.d.r.c.RepositoryConfigurationExtensionSupport [] - Spring Data JDBC - Could not safely identify store assignment for repository candidate interface com.users.UsersMicroservice.repositories.BookListRepository; If you want this repository to be a JDBC repository, consider annotating your entities with one of these annotations: org.springframework.data.relational.core.mapping.Table.
2025-11-18 16:14:32 [restartedMain] INFO  o.s.d.r.c.RepositoryConfigurationExtensionSupport [] - Spring Data JDBC - Could not safely identify store assignment for repository candidate interface com.users.UsersMicroservice.repositories.UserEntityRepository; If you want this repository to be a JDBC repository, consider annotating your entities with one of these annotations: org.springframework.data.relational.core.mapping.Table.
2025-11-18 16:14:32 [restartedMain] INFO  o.s.d.r.c.RepositoryConfigurationExtensionSupport [] - Spring Data JDBC - Could not safely identify store assignment for repository candidate interface com.users.UsersMicroservice.repositories.UserListRepository; If you want this repository to be a JDBC repository, consider annotating your entities with one of these annotations: org.springframework.data.relational.core.mapping.Table.
2025-11-18 16:14:32 [restartedMain] INFO  o.s.d.r.c.RepositoryConfigurationDelegate [] - Finished Spring Data repository scanning in 75 ms. Found 0 JDBC repository interfaces.
2025-11-18 16:14:32 [restartedMain] INFO  o.s.d.r.c.RepositoryConfigurationDelegate [] - Multiple Spring Data modules found, entering strict repository configuration mode
2025-11-18 16:14:32 [restartedMain] INFO  o.s.d.r.c.RepositoryConfigurationDelegate [] - Bootstrapping Spring Data JPA repositories in DEFAULT mode.
2025-11-18 16:14:32 [restartedMain] INFO  o.s.d.r.c.RepositoryConfigurationDelegate [] - Finished Spring Data repository scanning in 48 ms. Found 3 JPA repository interfaces.
2025-11-18 16:14:32 [restartedMain] WARN  o.s.c.s.PostProcessorRegistrationDelegate$BeanPostProcessorChecker [] - Bean 'net.bull.javamelody.JavaMelodyAutoConfiguration' of type [net.bull.javamelody.JavaMelodyAutoConfiguration$$SpringCGLIB$$0] is not eligible for getting processed by all BeanPostProcessors (for example: not eligible for auto-proxying). The currently created BeanPostProcessor [monitoringDataSourceBeanPostProcessor] is declared through a non-static factory method on that class; consider declaring it as static instead.
2025-11-18 16:14:33 [restartedMain] WARN  o.s.c.s.PostProcessorRegistrationDelegate$BeanPostProcessorChecker [] - Bean 'monitoringSpringAdvisor' of type [net.bull.javamelody.MonitoringSpringAdvisor] is not eligible for getting processed by all BeanPostProcessors (for example: not eligible for auto-proxying). Is this bean getting eagerly injected/applied to a currently created BeanPostProcessor [projectingArgumentResolverBeanPostProcessor]? Check the corresponding BeanPostProcessor declaration and its dependencies/advisors. If this bean does not have to be post-processed, declare it with ROLE_INFRASTRUCTURE.
2025-11-18 16:14:33 [restartedMain] WARN  o.s.c.s.PostProcessorRegistrationDelegate$BeanPostProcessorChecker [] - Bean 'monitoringSpringServiceAdvisor' of type [net.bull.javamelody.MonitoringSpringAdvisor] is not eligible for getting processed by all BeanPostProcessors (for example: not eligible for auto-proxying). Is this bean getting eagerly injected/applied to a currently created BeanPostProcessor [projectingArgumentResolverBeanPostProcessor]? Check the corresponding BeanPostProcessor declaration and its dependencies/advisors. If this bean does not have to be post-processed, declare it with ROLE_INFRASTRUCTURE.
2025-11-18 16:14:33 [restartedMain] WARN  o.s.c.s.PostProcessorRegistrationDelegate$BeanPostProcessorChecker [] - Bean 'monitoringSpringControllerAdvisor' of type [net.bull.javamelody.MonitoringSpringAdvisor] is not eligible for getting processed by all BeanPostProcessors (for example: not eligible for auto-proxying). Is this bean getting eagerly injected/applied to a currently created BeanPostProcessor [projectingArgumentResolverBeanPostProcessor]? Check the corresponding BeanPostProcessor declaration and its dependencies/advisors. If this bean does not have to be post-processed, declare it with ROLE_INFRASTRUCTURE.
2025-11-18 16:14:33 [restartedMain] WARN  o.s.c.s.PostProcessorRegistrationDelegate$BeanPostProcessorChecker [] - Bean 'monitoringSpringRestControllerAdvisor' of type [net.bull.javamelody.MonitoringSpringAdvisor] is not eligible for getting processed by all BeanPostProcessors (for example: not eligible for auto-proxying). Is this bean getting eagerly injected/applied to a currently created BeanPostProcessor [projectingArgumentResolverBeanPostProcessor]? Check the corresponding BeanPostProcessor declaration and its dependencies/advisors. If this bean does not have to be post-processed, declare it with ROLE_INFRASTRUCTURE.
2025-11-18 16:14:33 [restartedMain] WARN  o.s.c.s.PostProcessorRegistrationDelegate$BeanPostProcessorChecker [] - Bean 'monitoringSpringAsyncAdvisor' of type [net.bull.javamelody.MonitoringSpringAdvisor] is not eligible for getting processed by all BeanPostProcessors (for example: not eligible for auto-proxying). Is this bean getting eagerly injected/applied to a currently created BeanPostProcessor [projectingArgumentResolverBeanPostProcessor]? Check the corresponding BeanPostProcessor declaration and its dependencies/advisors. If this bean does not have to be post-processed, declare it with ROLE_INFRASTRUCTURE.
2025-11-18 16:14:33 [restartedMain] WARN  o.s.c.s.PostProcessorRegistrationDelegate$BeanPostProcessorChecker [] - Bean 'monitoringSpringScheduledAdvisor' of type [net.bull.javamelody.MonitoringSpringAdvisor] is not eligible for getting processed by all BeanPostProcessors (for example: not eligible for auto-proxying). Is this bean getting eagerly injected/applied to a currently created BeanPostProcessor [projectingArgumentResolverBeanPostProcessor]? Check the corresponding BeanPostProcessor declaration and its dependencies/advisors. If this bean does not have to be post-processed, declare it with ROLE_INFRASTRUCTURE.
2025-11-18 16:14:33 [restartedMain] INFO  o.s.b.w.e.tomcat.TomcatWebServer [] - Tomcat initialized with port 9001 (http)
2025-11-18 16:14:33 [restartedMain] INFO  o.a.coyote.http11.Http11NioProtocol [] - Initializing ProtocolHandler ["http-nio-9001"]
2025-11-18 16:14:33 [restartedMain] INFO  o.a.catalina.core.StandardService [] - Starting service [Tomcat]
2025-11-18 16:14:33 [restartedMain] INFO  o.a.catalina.core.StandardEngine [] - Starting Servlet engine: [Apache Tomcat/10.1.44]
2025-11-18 16:14:34 [restartedMain] INFO  o.a.c.c.C.[Tomcat].[localhost].[/] [] - Initializing Spring embedded WebApplicationContext
2025-11-18 16:14:34 [restartedMain] INFO  o.s.b.w.s.c.ServletWebServerApplicationContext [] - Root WebApplicationContext: initialization completed in 4219 ms
2025-11-18 16:14:35 [restartedMain] DEBUG c.u.U.security.JwtRequestFilter [] - Filter 'jwtRequestFilter' configured for use
2025-11-18 16:14:35 [restartedMain] DEBUG c.u.U.security.ApiFilter [] - Filter 'apiFilter' configured for use
2025-11-18 16:14:35 [restartedMain] INFO  o.h.jpa.internal.util.LogHelper [] - HHH000204: Processing PersistenceUnitInfo [name: default]
2025-11-18 16:14:35 [restartedMain] INFO  org.hibernate.Version [] - HHH000412: Hibernate ORM core version 6.6.26.Final
2025-11-18 16:14:35 [restartedMain] INFO  o.h.c.i.RegionFactoryInitiator [] - HHH000026: Second-level cache disabled
2025-11-18 16:14:36 [restartedMain] INFO  o.s.o.j.p.SpringPersistenceUnitInfo [] - No LoadTimeWeaver setup: ignoring JPA class transformer
2025-11-18 16:14:36 [restartedMain] INFO  com.zaxxer.hikari.HikariDataSource [] - HikariPool-1 - Starting...
2025-11-18 16:14:36 [restartedMain] INFO  com.zaxxer.hikari.pool.HikariPool [] - HikariPool-1 - Added connection com.mysql.cj.jdbc.ConnectionImpl@3186285f
2025-11-18 16:14:36 [restartedMain] INFO  com.zaxxer.hikari.HikariDataSource [] - HikariPool-1 - Start completed.
2025-11-18 16:14:36 [restartedMain] WARN  org.hibernate.orm.deprecation [] - HHH90000025: MySQL8Dialect does not need to be specified explicitly using 'hibernate.dialect' (remove the property setting and it will be selected by default)
2025-11-18 16:14:36 [restartedMain] WARN  org.hibernate.orm.deprecation [] - HHH90000026: MySQL8Dialect has been deprecated; use org.hibernate.dialect.MySQLDialect instead
2025-11-18 16:14:36 [restartedMain] INFO  o.hibernate.orm.connections.pooling [] - HHH10001005: Database info:
	Database JDBC URL [Connecting through datasource 'HikariDataSource (HikariPool-1)']
	Database driver: undefined/unknown
	Database version: 8.0
	Autocommit mode: undefined/unknown
	Isolation level: undefined/unknown
	Minimum pool size: undefined/unknown
	Maximum pool size: undefined/unknown
2025-11-18 16:14:36 [restartedMain] DEBUG o.h.t.d.sql.spi.DdlTypeRegistry [] - addDescriptor(12, org.hibernate.type.descriptor.sql.internal.CapacityDependentDdlType@d56956) replaced previous registration(org.hibernate.type.descriptor.sql.internal.CapacityDependentDdlType@31e7fa4b)
2025-11-18 16:14:36 [restartedMain] DEBUG o.h.t.d.sql.spi.DdlTypeRegistry [] - addDescriptor(-9, org.hibernate.type.descriptor.sql.internal.CapacityDependentDdlType@410f6ab5) replaced previous registration(org.hibernate.type.descriptor.sql.internal.CapacityDependentDdlType@6f31e188)
2025-11-18 16:14:36 [restartedMain] DEBUG o.h.t.d.sql.spi.DdlTypeRegistry [] - addDescriptor(-3, org.hibernate.type.descriptor.sql.internal.CapacityDependentDdlType@4405bae1) replaced previous registration(org.hibernate.type.descriptor.sql.internal.CapacityDependentDdlType@4abe2588)
2025-11-18 16:14:36 [restartedMain] DEBUG o.h.t.d.sql.spi.DdlTypeRegistry [] - addDescriptor(4003, org.hibernate.type.descriptor.sql.internal.DdlTypeImpl@70dea4a8) replaced previous registration(org.hibernate.type.descriptor.sql.internal.DdlTypeImpl@1083269a)
2025-11-18 16:14:36 [restartedMain] DEBUG o.h.t.d.sql.spi.DdlTypeRegistry [] - addDescriptor(4001, org.hibernate.type.descriptor.sql.internal.DdlTypeImpl@793854d9) replaced previous registration(org.hibernate.type.descriptor.sql.internal.DdlTypeImpl@4291bc13)
2025-11-18 16:14:37 [restartedMain] DEBUG o.h.t.d.sql.spi.DdlTypeRegistry [] - addDescriptor(4002, org.hibernate.type.descriptor.sql.internal.DdlTypeImpl@476fbb0d) replaced previous registration(org.hibernate.type.descriptor.sql.internal.DdlTypeImpl@4e51e28c)
2025-11-18 16:14:37 [restartedMain] DEBUG o.h.t.d.sql.spi.DdlTypeRegistry [] - addDescriptor(2004, org.hibernate.type.descriptor.sql.internal.CapacityDependentDdlType@75f4e903) replaced previous registration(org.hibernate.type.descriptor.sql.internal.DdlTypeImpl@3acab28a)
2025-11-18 16:14:37 [restartedMain] DEBUG o.h.t.d.sql.spi.DdlTypeRegistry [] - addDescriptor(2005, org.hibernate.type.descriptor.sql.internal.CapacityDependentDdlType@c7d10d) replaced previous registration(org.hibernate.type.descriptor.sql.internal.DdlTypeImpl@4143061b)
2025-11-18 16:14:37 [restartedMain] DEBUG o.h.t.d.sql.spi.DdlTypeRegistry [] - addDescriptor(2011, org.hibernate.type.descriptor.sql.internal.CapacityDependentDdlType@132d43c1) replaced previous registration(org.hibernate.type.descriptor.sql.internal.DdlTypeImpl@7c1cedcc)
2025-11-18 16:14:38 [restartedMain] INFO  o.h.e.t.j.p.i.JtaPlatformInitiator [] - HHH000489: No JTA platform available (set 'hibernate.transaction.jta.platform' to enable JTA platform integration)
2025-11-18 16:14:38 [restartedMain] INFO  o.s.o.j.LocalContainerEntityManagerFactoryBean [] - Initialized JPA EntityManagerFactory for persistence unit 'default'
2025-11-18 16:14:39 [restartedMain] WARN  o.s.b.a.o.j.JpaBaseConfiguration$JpaWebConfiguration [] - spring.jpa.open-in-view is enabled by default. Therefore, database queries may be performed during view rendering. Explicitly configure spring.jpa.open-in-view to disable this warning
2025-11-18 16:14:40 [restartedMain] INFO  o.s.v.b.OptionalValidatorFactoryBean [] - Failed to set up a Bean Validation provider: jakarta.validation.NoProviderFoundException: Unable to create a Configuration, because no Jakarta Bean Validation provider could be found. Add a provider like Hibernate Validator (RI) to your classpath.
2025-11-18 16:14:41 [restartedMain] INFO  o.s.b.d.a.OptionalLiveReloadServer [] - LiveReload server is running on port 35729
2025-11-18 16:14:41 [restartedMain] INFO  o.a.coyote.http11.Http11NioProtocol [] - Starting ProtocolHandler ["http-nio-9001"]
2025-11-18 16:14:41 [restartedMain] INFO  o.s.b.w.e.tomcat.TomcatWebServer [] - Tomcat started on port 9001 (http) with context path '/'
2025-11-18 16:14:41 [restartedMain] INFO  c.u.U.UsersMicroserviceApplication [] - Started UsersMicroserviceApplication in 13.054 seconds (process running for 14.304)
2025-11-18 16:14:51 [http-nio-9001-exec-2] INFO  o.a.c.c.C.[Tomcat].[localhost].[/] [] - Initializing Spring DispatcherServlet 'dispatcherServlet'
2025-11-18 16:14:51 [http-nio-9001-exec-2] WARN  o.s.w.s.m.m.a.ExceptionHandlerExceptionResolver [] - Resolved [org.springframework.web.HttpMediaTypeNotSupportedException: Content-Type 'application/json' is not supported]
2025-11-18 16:14:51 [http-nio-9001-exec-2] INFO  javamelody [] - remoteAddr = 0:0:0:0:0:0:0:1, request = /user/register POST: 98 ms, error 415, 0 Kb
2025-11-18 16:15:40 [SpringApplicationShutdownHook] INFO  o.s.b.w.e.tomcat.GracefulShutdown [] - Commencing graceful shutdown. Waiting for active requests to complete
2025-11-18 16:15:40 [tomcat-shutdown] INFO  o.s.b.w.e.tomcat.GracefulShutdown [] - Graceful shutdown complete
2025-11-18 16:15:40 [SpringApplicationShutdownHook] INFO  o.s.o.j.LocalContainerEntityManagerFactoryBean [] - Closing JPA EntityManagerFactory for persistence unit 'default'
2025-11-18 16:15:40 [SpringApplicationShutdownHook] INFO  com.zaxxer.hikari.HikariDataSource [] - HikariPool-1 - Shutdown initiated...
2025-11-18 16:15:40 [SpringApplicationShutdownHook] INFO  com.zaxxer.hikari.HikariDataSource [] - HikariPool-1 - Shutdown completed.
2025-11-18 16:15:47 [restartedMain] INFO  c.u.U.UsersMicroserviceApplication [] - Starting UsersMicroserviceApplication using Java 17.0.1 with PID 21532 (D:\Documents\micro_backend\UsersMicroservice\target\classes started by rober in D:\Documents\micro_backend\UsersMicroservice)
2025-11-18 16:15:47 [restartedMain] DEBUG c.u.U.UsersMicroserviceApplication [] - Running with Spring Boot v3.5.5, Spring v6.2.10
2025-11-18 16:15:47 [restartedMain] INFO  c.u.U.UsersMicroserviceApplication [] - The following 1 profile is active: "local"
2025-11-18 16:15:47 [restartedMain] INFO  o.s.b.d.e.DevToolsPropertyDefaultsPostProcessor [] - Devtools property defaults active! Set 'spring.devtools.add-properties' to 'false' to disable
2025-11-18 16:15:47 [restartedMain] INFO  o.s.b.d.e.DevToolsPropertyDefaultsPostProcessor [] - For additional web related logging consider setting the 'logging.level.web' property to 'DEBUG'
2025-11-18 16:15:49 [restartedMain] INFO  o.s.d.r.c.RepositoryConfigurationDelegate [] - Multiple Spring Data modules found, entering strict repository configuration mode
2025-11-18 16:15:49 [restartedMain] INFO  o.s.d.r.c.RepositoryConfigurationDelegate [] - Bootstrapping Spring Data JDBC repositories in DEFAULT mode.
2025-11-18 16:15:49 [restartedMain] INFO  o.s.d.r.c.RepositoryConfigurationExtensionSupport [] - Spring Data JDBC - Could not safely identify store assignment for repository candidate interface com.users.UsersMicroservice.repositories.BookListRepository; If you want this repository to be a JDBC repository, consider annotating your entities with one of these annotations: org.springframework.data.relational.core.mapping.Table.
2025-11-18 16:15:49 [restartedMain] INFO  o.s.d.r.c.RepositoryConfigurationExtensionSupport [] - Spring Data JDBC - Could not safely identify store assignment for repository candidate interface com.users.UsersMicroservice.repositories.UserEntityRepository; If you want this repository to be a JDBC repository, consider annotating your entities with one of these annotations: org.springframework.data.relational.core.mapping.Table.
2025-11-18 16:15:49 [restartedMain] INFO  o.s.d.r.c.RepositoryConfigurationExtensionSupport [] - Spring Data JDBC - Could not safely identify store assignment for repository candidate interface com.users.UsersMicroservice.repositories.UserListRepository; If you want this repository to be a JDBC repository, consider annotating your entities with one of these annotations: org.springframework.data.relational.core.mapping.Table.
2025-11-18 16:15:49 [restartedMain] INFO  o.s.d.r.c.RepositoryConfigurationDelegate [] - Finished Spring Data repository scanning in 94 ms. Found 0 JDBC repository interfaces.
2025-11-18 16:15:49 [restartedMain] INFO  o.s.d.r.c.RepositoryConfigurationDelegate [] - Multiple Spring Data modules found, entering strict repository configuration mode
2025-11-18 16:15:49 [restartedMain] INFO  o.s.d.r.c.RepositoryConfigurationDelegate [] - Bootstrapping Spring Data JPA repositories in DEFAULT mode.
2025-11-18 16:15:49 [restartedMain] INFO  o.s.d.r.c.RepositoryConfigurationDelegate [] - Finished Spring Data repository scanning in 69 ms. Found 3 JPA repository interfaces.
2025-11-18 16:15:50 [restartedMain] WARN  o.s.c.s.PostProcessorRegistrationDelegate$BeanPostProcessorChecker [] - Bean 'net.bull.javamelody.JavaMelodyAutoConfiguration' of type [net.bull.javamelody.JavaMelodyAutoConfiguration$$SpringCGLIB$$0] is not eligible for getting processed by all BeanPostProcessors (for example: not eligible for auto-proxying). The currently created BeanPostProcessor [monitoringDataSourceBeanPostProcessor] is declared through a non-static factory method on that class; consider declaring it as static instead.
2025-11-18 16:15:50 [restartedMain] WARN  o.s.c.s.PostProcessorRegistrationDelegate$BeanPostProcessorChecker [] - Bean 'monitoringSpringAdvisor' of type [net.bull.javamelody.MonitoringSpringAdvisor] is not eligible for getting processed by all BeanPostProcessors (for example: not eligible for auto-proxying). Is this bean getting eagerly injected/applied to a currently created BeanPostProcessor [projectingArgumentResolverBeanPostProcessor]? Check the corresponding BeanPostProcessor declaration and its dependencies/advisors. If this bean does not have to be post-processed, declare it with ROLE_INFRASTRUCTURE.
2025-11-18 16:15:50 [restartedMain] WARN  o.s.c.s.PostProcessorRegistrationDelegate$BeanPostProcessorChecker [] - Bean 'monitoringSpringServiceAdvisor' of type [net.bull.javamelody.MonitoringSpringAdvisor] is not eligible for getting processed by all BeanPostProcessors (for example: not eligible for auto-proxying). Is this bean getting eagerly injected/applied to a currently created BeanPostProcessor [projectingArgumentResolverBeanPostProcessor]? Check the corresponding BeanPostProcessor declaration and its dependencies/advisors. If this bean does not have to be post-processed, declare it with ROLE_INFRASTRUCTURE.
2025-11-18 16:15:50 [restartedMain] WARN  o.s.c.s.PostProcessorRegistrationDelegate$BeanPostProcessorChecker [] - Bean 'monitoringSpringControllerAdvisor' of type [net.bull.javamelody.MonitoringSpringAdvisor] is not eligible for getting processed by all BeanPostProcessors (for example: not eligible for auto-proxying). Is this bean getting eagerly injected/applied to a currently created BeanPostProcessor [projectingArgumentResolverBeanPostProcessor]? Check the corresponding BeanPostProcessor declaration and its dependencies/advisors. If this bean does not have to be post-processed, declare it with ROLE_INFRASTRUCTURE.
2025-11-18 16:15:50 [restartedMain] WARN  o.s.c.s.PostProcessorRegistrationDelegate$BeanPostProcessorChecker [] - Bean 'monitoringSpringRestControllerAdvisor' of type [net.bull.javamelody.MonitoringSpringAdvisor] is not eligible for getting processed by all BeanPostProcessors (for example: not eligible for auto-proxying). Is this bean getting eagerly injected/applied to a currently created BeanPostProcessor [projectingArgumentResolverBeanPostProcessor]? Check the corresponding BeanPostProcessor declaration and its dependencies/advisors. If this bean does not have to be post-processed, declare it with ROLE_INFRASTRUCTURE.
2025-11-18 16:15:50 [restartedMain] WARN  o.s.c.s.PostProcessorRegistrationDelegate$BeanPostProcessorChecker [] - Bean 'monitoringSpringAsyncAdvisor' of type [net.bull.javamelody.MonitoringSpringAdvisor] is not eligible for getting processed by all BeanPostProcessors (for example: not eligible for auto-proxying). Is this bean getting eagerly injected/applied to a currently created BeanPostProcessor [projectingArgumentResolverBeanPostProcessor]? Check the corresponding BeanPostProcessor declaration and its dependencies/advisors. If this bean does not have to be post-processed, declare it with ROLE_INFRASTRUCTURE.
2025-11-18 16:15:50 [restartedMain] WARN  o.s.c.s.PostProcessorRegistrationDelegate$BeanPostProcessorChecker [] - Bean 'monitoringSpringScheduledAdvisor' of type [net.bull.javamelody.MonitoringSpringAdvisor] is not eligible for getting processed by all BeanPostProcessors (for example: not eligible for auto-proxying). Is this bean getting eagerly injected/applied to a currently created BeanPostProcessor [projectingArgumentResolverBeanPostProcessor]? Check the corresponding BeanPostProcessor declaration and its dependencies/advisors. If this bean does not have to be post-processed, declare it with ROLE_INFRASTRUCTURE.
2025-11-18 16:15:51 [restartedMain] INFO  o.s.b.w.e.tomcat.TomcatWebServer [] - Tomcat initialized with port 9001 (http)
2025-11-18 16:15:51 [restartedMain] INFO  o.a.coyote.http11.Http11NioProtocol [] - Initializing ProtocolHandler ["http-nio-9001"]
2025-11-18 16:15:51 [restartedMain] INFO  o.a.catalina.core.StandardService [] - Starting service [Tomcat]
2025-11-18 16:15:51 [restartedMain] INFO  o.a.catalina.core.StandardEngine [] - Starting Servlet engine: [Apache Tomcat/10.1.44]
2025-11-18 16:15:51 [restartedMain] INFO  o.a.c.c.C.[Tomcat].[localhost].[/] [] - Initializing Spring embedded WebApplicationContext
2025-11-18 16:15:51 [restartedMain] INFO  o.s.b.w.s.c.ServletWebServerApplicationContext [] - Root WebApplicationContext: initialization completed in 4296 ms
2025-11-18 16:15:52 [restartedMain] DEBUG c.u.U.security.JwtRequestFilter [] - Filter 'jwtRequestFilter' configured for use
2025-11-18 16:15:52 [restartedMain] DEBUG c.u.U.security.ApiFilter [] - Filter 'apiFilter' configured for use
2025-11-18 16:15:52 [restartedMain] INFO  o.h.jpa.internal.util.LogHelper [] - HHH000204: Processing PersistenceUnitInfo [name: default]
2025-11-18 16:15:52 [restartedMain] INFO  org.hibernate.Version [] - HHH000412: Hibernate ORM core version 6.6.26.Final
2025-11-18 16:15:52 [restartedMain] INFO  o.h.c.i.RegionFactoryInitiator [] - HHH000026: Second-level cache disabled
2025-11-18 16:15:53 [restartedMain] INFO  o.s.o.j.p.SpringPersistenceUnitInfo [] - No LoadTimeWeaver setup: ignoring JPA class transformer
2025-11-18 16:15:53 [restartedMain] INFO  com.zaxxer.hikari.HikariDataSource [] - HikariPool-1 - Starting...
2025-11-18 16:15:54 [restartedMain] INFO  com.zaxxer.hikari.pool.HikariPool [] - HikariPool-1 - Added connection com.mysql.cj.jdbc.ConnectionImpl@47088336
2025-11-18 16:15:54 [restartedMain] INFO  com.zaxxer.hikari.HikariDataSource [] - HikariPool-1 - Start completed.
2025-11-18 16:15:54 [restartedMain] WARN  org.hibernate.orm.deprecation [] - HHH90000025: MySQL8Dialect does not need to be specified explicitly using 'hibernate.dialect' (remove the property setting and it will be selected by default)
2025-11-18 16:15:54 [restartedMain] WARN  org.hibernate.orm.deprecation [] - HHH90000026: MySQL8Dialect has been deprecated; use org.hibernate.dialect.MySQLDialect instead
2025-11-18 16:15:54 [restartedMain] INFO  o.hibernate.orm.connections.pooling [] - HHH10001005: Database info:
	Database JDBC URL [Connecting through datasource 'HikariDataSource (HikariPool-1)']
	Database driver: undefined/unknown
	Database version: 8.0
	Autocommit mode: undefined/unknown
	Isolation level: undefined/unknown
	Minimum pool size: undefined/unknown
	Maximum pool size: undefined/unknown
2025-11-18 16:15:54 [restartedMain] DEBUG o.h.t.d.sql.spi.DdlTypeRegistry [] - addDescriptor(12, org.hibernate.type.descriptor.sql.internal.CapacityDependentDdlType@214bdc59) replaced previous registration(org.hibernate.type.descriptor.sql.internal.CapacityDependentDdlType@53b9280a)
2025-11-18 16:15:54 [restartedMain] DEBUG o.h.t.d.sql.spi.DdlTypeRegistry [] - addDescriptor(-9, org.hibernate.type.descriptor.sql.internal.CapacityDependentDdlType@54a96a92) replaced previous registration(org.hibernate.type.descriptor.sql.internal.CapacityDependentDdlType@73672363)
2025-11-18 16:15:54 [restartedMain] DEBUG o.h.t.d.sql.spi.DdlTypeRegistry [] - addDescriptor(-3, org.hibernate.type.descriptor.sql.internal.CapacityDependentDdlType@c319042) replaced previous registration(org.hibernate.type.descriptor.sql.internal.CapacityDependentDdlType@165200b6)
2025-11-18 16:15:54 [restartedMain] DEBUG o.h.t.d.sql.spi.DdlTypeRegistry [] - addDescriptor(4003, org.hibernate.type.descriptor.sql.internal.DdlTypeImpl@9300514) replaced previous registration(org.hibernate.type.descriptor.sql.internal.DdlTypeImpl@4306536a)
2025-11-18 16:15:54 [restartedMain] DEBUG o.h.t.d.sql.spi.DdlTypeRegistry [] - addDescriptor(4001, org.hibernate.type.descriptor.sql.internal.DdlTypeImpl@43b578c8) replaced previous registration(org.hibernate.type.descriptor.sql.internal.DdlTypeImpl@456487b8)
2025-11-18 16:15:54 [restartedMain] DEBUG o.h.t.d.sql.spi.DdlTypeRegistry [] - addDescriptor(4002, org.hibernate.type.descriptor.sql.internal.DdlTypeImpl@4c7532a5) replaced previous registration(org.hibernate.type.descriptor.sql.internal.DdlTypeImpl@3d19a542)
2025-11-18 16:15:54 [restartedMain] DEBUG o.h.t.d.sql.spi.DdlTypeRegistry [] - addDescriptor(2004, org.hibernate.type.descriptor.sql.internal.CapacityDependentDdlType@5502f911) replaced previous registration(org.hibernate.type.descriptor.sql.internal.DdlTypeImpl@343afd4e)
2025-11-18 16:15:54 [restartedMain] DEBUG o.h.t.d.sql.spi.DdlTypeRegistry [] - addDescriptor(2005, org.hibernate.type.descriptor.sql.internal.CapacityDependentDdlType@513f1176) replaced previous registration(org.hibernate.type.descriptor.sql.internal.DdlTypeImpl@217c9da6)
2025-11-18 16:15:54 [restartedMain] DEBUG o.h.t.d.sql.spi.DdlTypeRegistry [] - addDescriptor(2011, org.hibernate.type.descriptor.sql.internal.CapacityDependentDdlType@637422e9) replaced previous registration(org.hibernate.type.descriptor.sql.internal.DdlTypeImpl@c76344)
2025-11-18 16:15:55 [restartedMain] INFO  o.h.e.t.j.p.i.JtaPlatformInitiator [] - HHH000489: No JTA platform available (set 'hibernate.transaction.jta.platform' to enable JTA platform integration)
2025-11-18 16:15:56 [restartedMain] INFO  o.s.o.j.LocalContainerEntityManagerFactoryBean [] - Initialized JPA EntityManagerFactory for persistence unit 'default'
2025-11-18 16:15:56 [restartedMain] WARN  o.s.b.a.o.j.JpaBaseConfiguration$JpaWebConfiguration [] - spring.jpa.open-in-view is enabled by default. Therefore, database queries may be performed during view rendering. Explicitly configure spring.jpa.open-in-view to disable this warning
2025-11-18 16:15:57 [restartedMain] INFO  o.s.v.b.OptionalValidatorFactoryBean [] - Failed to set up a Bean Validation provider: jakarta.validation.NoProviderFoundException: Unable to create a Configuration, because no Jakarta Bean Validation provider could be found. Add a provider like Hibernate Validator (RI) to your classpath.
2025-11-18 16:15:58 [restartedMain] INFO  o.s.b.d.a.OptionalLiveReloadServer [] - LiveReload server is running on port 35729
2025-11-18 16:15:58 [restartedMain] INFO  o.a.coyote.http11.Http11NioProtocol [] - Starting ProtocolHandler ["http-nio-9001"]
2025-11-18 16:15:58 [restartedMain] INFO  o.s.b.w.e.tomcat.TomcatWebServer [] - Tomcat started on port 9001 (http) with context path '/'
2025-11-18 16:15:58 [restartedMain] INFO  c.u.U.UsersMicroserviceApplication [] - Started UsersMicroserviceApplication in 12.654 seconds (process running for 13.659)
2025-11-18 16:16:10 [http-nio-9001-exec-1] INFO  o.a.c.c.C.[Tomcat].[localhost].[/] [] - Initializing Spring DispatcherServlet 'dispatcherServlet'
2025-11-18 16:16:10 [http-nio-9001-exec-1] WARN  o.s.w.s.m.m.a.ExceptionHandlerExceptionResolver [] - Resolved [org.springframework.web.HttpMediaTypeNotSupportedException: Content-Type 'application/json' is not supported]
2025-11-18 16:16:10 [http-nio-9001-exec-1] INFO  javamelody [] - remoteAddr = 0:0:0:0:0:0:0:1, request = /user/register POST: 171 ms, error 415, 0 Kb
2025-11-18 16:17:15 [SpringApplicationShutdownHook] INFO  o.s.b.w.e.tomcat.GracefulShutdown [] - Commencing graceful shutdown. Waiting for active requests to complete
2025-11-18 16:17:15 [tomcat-shutdown] INFO  o.s.b.w.e.tomcat.GracefulShutdown [] - Graceful shutdown complete
2025-11-18 16:17:15 [SpringApplicationShutdownHook] INFO  o.s.o.j.LocalContainerEntityManagerFactoryBean [] - Closing JPA EntityManagerFactory for persistence unit 'default'
2025-11-18 16:17:15 [SpringApplicationShutdownHook] INFO  com.zaxxer.hikari.HikariDataSource [] - HikariPool-1 - Shutdown initiated...
2025-11-18 16:17:15 [SpringApplicationShutdownHook] INFO  com.zaxxer.hikari.HikariDataSource [] - HikariPool-1 - Shutdown completed.
2025-11-18 16:17:21 [restartedMain] INFO  c.u.U.UsersMicroserviceApplication [] - Starting UsersMicroserviceApplication using Java 17.0.1 with PID 17152 (D:\Documents\micro_backend\UsersMicroservice\target\classes started by rober in D:\Documents\micro_backend\UsersMicroservice)
2025-11-18 16:17:21 [restartedMain] DEBUG c.u.U.UsersMicroserviceApplication [] - Running with Spring Boot v3.5.5, Spring v6.2.10
2025-11-18 16:17:21 [restartedMain] INFO  c.u.U.UsersMicroserviceApplication [] - The following 1 profile is active: "local"
2025-11-18 16:17:21 [restartedMain] INFO  o.s.b.d.e.DevToolsPropertyDefaultsPostProcessor [] - Devtools property defaults active! Set 'spring.devtools.add-properties' to 'false' to disable
2025-11-18 16:17:21 [restartedMain] INFO  o.s.b.d.e.DevToolsPropertyDefaultsPostProcessor [] - For additional web related logging consider setting the 'logging.level.web' property to 'DEBUG'
2025-11-18 16:17:22 [restartedMain] INFO  o.s.d.r.c.RepositoryConfigurationDelegate [] - Multiple Spring Data modules found, entering strict repository configuration mode
2025-11-18 16:17:22 [restartedMain] INFO  o.s.d.r.c.RepositoryConfigurationDelegate [] - Bootstrapping Spring Data JDBC repositories in DEFAULT mode.
2025-11-18 16:17:23 [restartedMain] INFO  o.s.d.r.c.RepositoryConfigurationExtensionSupport [] - Spring Data JDBC - Could not safely identify store assignment for repository candidate interface com.users.UsersMicroservice.repositories.BookListRepository; If you want this repository to be a JDBC repository, consider annotating your entities with one of these annotations: org.springframework.data.relational.core.mapping.Table.
2025-11-18 16:17:23 [restartedMain] INFO  o.s.d.r.c.RepositoryConfigurationExtensionSupport [] - Spring Data JDBC - Could not safely identify store assignment for repository candidate interface com.users.UsersMicroservice.repositories.UserEntityRepository; If you want this repository to be a JDBC repository, consider annotating your entities with one of these annotations: org.springframework.data.relational.core.mapping.Table.
2025-11-18 16:17:23 [restartedMain] INFO  o.s.d.r.c.RepositoryConfigurationExtensionSupport [] - Spring Data JDBC - Could not safely identify store assignment for repository candidate interface com.users.UsersMicroservice.repositories.UserListRepository; If you want this repository to be a JDBC repository, consider annotating your entities with one of these annotations: org.springframework.data.relational.core.mapping.Table.
2025-11-18 16:17:23 [restartedMain] INFO  o.s.d.r.c.RepositoryConfigurationDelegate [] - Finished Spring Data repository scanning in 49 ms. Found 0 JDBC repository interfaces.
2025-11-18 16:17:23 [restartedMain] INFO  o.s.d.r.c.RepositoryConfigurationDelegate [] - Multiple Spring Data modules found, entering strict repository configuration mode
2025-11-18 16:17:23 [restartedMain] INFO  o.s.d.r.c.RepositoryConfigurationDelegate [] - Bootstrapping Spring Data JPA repositories in DEFAULT mode.
2025-11-18 16:17:23 [restartedMain] INFO  o.s.d.r.c.RepositoryConfigurationDelegate [] - Finished Spring Data repository scanning in 35 ms. Found 3 JPA repository interfaces.
2025-11-18 16:17:23 [restartedMain] WARN  o.s.c.s.PostProcessorRegistrationDelegate$BeanPostProcessorChecker [] - Bean 'net.bull.javamelody.JavaMelodyAutoConfiguration' of type [net.bull.javamelody.JavaMelodyAutoConfiguration$$SpringCGLIB$$0] is not eligible for getting processed by all BeanPostProcessors (for example: not eligible for auto-proxying). The currently created BeanPostProcessor [monitoringDataSourceBeanPostProcessor] is declared through a non-static factory method on that class; consider declaring it as static instead.
2025-11-18 16:17:23 [restartedMain] WARN  o.s.c.s.PostProcessorRegistrationDelegate$BeanPostProcessorChecker [] - Bean 'monitoringSpringAdvisor' of type [net.bull.javamelody.MonitoringSpringAdvisor] is not eligible for getting processed by all BeanPostProcessors (for example: not eligible for auto-proxying). Is this bean getting eagerly injected/applied to a currently created BeanPostProcessor [projectingArgumentResolverBeanPostProcessor]? Check the corresponding BeanPostProcessor declaration and its dependencies/advisors. If this bean does not have to be post-processed, declare it with ROLE_INFRASTRUCTURE.
2025-11-18 16:17:23 [restartedMain] WARN  o.s.c.s.PostProcessorRegistrationDelegate$BeanPostProcessorChecker [] - Bean 'monitoringSpringServiceAdvisor' of type [net.bull.javamelody.MonitoringSpringAdvisor] is not eligible for getting processed by all BeanPostProcessors (for example: not eligible for auto-proxying). Is this bean getting eagerly injected/applied to a currently created BeanPostProcessor [projectingArgumentResolverBeanPostProcessor]? Check the corresponding BeanPostProcessor declaration and its dependencies/advisors. If this bean does not have to be post-processed, declare it with ROLE_INFRASTRUCTURE.
2025-11-18 16:17:23 [restartedMain] WARN  o.s.c.s.PostProcessorRegistrationDelegate$BeanPostProcessorChecker [] - Bean 'monitoringSpringControllerAdvisor' of type [net.bull.javamelody.MonitoringSpringAdvisor] is not eligible for getting processed by all BeanPostProcessors (for example: not eligible for auto-proxying). Is this bean getting eagerly injected/applied to a currently created BeanPostProcessor [projectingArgumentResolverBeanPostProcessor]? Check the corresponding BeanPostProcessor declaration and its dependencies/advisors. If this bean does not have to be post-processed, declare it with ROLE_INFRASTRUCTURE.
2025-11-18 16:17:23 [restartedMain] WARN  o.s.c.s.PostProcessorRegistrationDelegate$BeanPostProcessorChecker [] - Bean 'monitoringSpringRestControllerAdvisor' of type [net.bull.javamelody.MonitoringSpringAdvisor] is not eligible for getting processed by all BeanPostProcessors (for example: not eligible for auto-proxying). Is this bean getting eagerly injected/applied to a currently created BeanPostProcessor [projectingArgumentResolverBeanPostProcessor]? Check the corresponding BeanPostProcessor declaration and its dependencies/advisors. If this bean does not have to be post-processed, declare it with ROLE_INFRASTRUCTURE.
2025-11-18 16:17:23 [restartedMain] WARN  o.s.c.s.PostProcessorRegistrationDelegate$BeanPostProcessorChecker [] - Bean 'monitoringSpringAsyncAdvisor' of type [net.bull.javamelody.MonitoringSpringAdvisor] is not eligible for getting processed by all BeanPostProcessors (for example: not eligible for auto-proxying). Is this bean getting eagerly injected/applied to a currently created BeanPostProcessor [projectingArgumentResolverBeanPostProcessor]? Check the corresponding BeanPostProcessor declaration and its dependencies/advisors. If this bean does not have to be post-processed, declare it with ROLE_INFRASTRUCTURE.
2025-11-18 16:17:23 [restartedMain] WARN  o.s.c.s.PostProcessorRegistrationDelegate$BeanPostProcessorChecker [] - Bean 'monitoringSpringScheduledAdvisor' of type [net.bull.javamelody.MonitoringSpringAdvisor] is not eligible for getting processed by all BeanPostProcessors (for example: not eligible for auto-proxying). Is this bean getting eagerly injected/applied to a currently created BeanPostProcessor [projectingArgumentResolverBeanPostProcessor]? Check the corresponding BeanPostProcessor declaration and its dependencies/advisors. If this bean does not have to be post-processed, declare it with ROLE_INFRASTRUCTURE.
2025-11-18 16:17:24 [restartedMain] INFO  o.s.b.w.e.tomcat.TomcatWebServer [] - Tomcat initialized with port 9001 (http)
2025-11-18 16:17:24 [restartedMain] INFO  o.a.coyote.http11.Http11NioProtocol [] - Initializing ProtocolHandler ["http-nio-9001"]
2025-11-18 16:17:24 [restartedMain] INFO  o.a.catalina.core.StandardService [] - Starting service [Tomcat]
2025-11-18 16:17:24 [restartedMain] INFO  o.a.catalina.core.StandardEngine [] - Starting Servlet engine: [Apache Tomcat/10.1.44]
2025-11-18 16:17:24 [restartedMain] INFO  o.a.c.c.C.[Tomcat].[localhost].[/] [] - Initializing Spring embedded WebApplicationContext
2025-11-18 16:17:24 [restartedMain] INFO  o.s.b.w.s.c.ServletWebServerApplicationContext [] - Root WebApplicationContext: initialization completed in 2706 ms
2025-11-18 16:17:25 [restartedMain] DEBUG c.u.U.security.JwtRequestFilter [] - Filter 'jwtRequestFilter' configured for use
2025-11-18 16:17:25 [restartedMain] DEBUG c.u.U.security.ApiFilter [] - Filter 'apiFilter' configured for use
2025-11-18 16:17:25 [restartedMain] INFO  o.h.jpa.internal.util.LogHelper [] - HHH000204: Processing PersistenceUnitInfo [name: default]
2025-11-18 16:17:25 [restartedMain] INFO  org.hibernate.Version [] - HHH000412: Hibernate ORM core version 6.6.26.Final
2025-11-18 16:17:25 [restartedMain] INFO  o.h.c.i.RegionFactoryInitiator [] - HHH000026: Second-level cache disabled
2025-11-18 16:17:26 [restartedMain] INFO  o.s.o.j.p.SpringPersistenceUnitInfo [] - No LoadTimeWeaver setup: ignoring JPA class transformer
2025-11-18 16:17:26 [restartedMain] INFO  com.zaxxer.hikari.HikariDataSource [] - HikariPool-1 - Starting...
2025-11-18 16:17:26 [restartedMain] INFO  com.zaxxer.hikari.pool.HikariPool [] - HikariPool-1 - Added connection com.mysql.cj.jdbc.ConnectionImpl@13c51862
2025-11-18 16:17:26 [restartedMain] INFO  com.zaxxer.hikari.HikariDataSource [] - HikariPool-1 - Start completed.
2025-11-18 16:17:27 [restartedMain] WARN  org.hibernate.orm.deprecation [] - HHH90000025: MySQL8Dialect does not need to be specified explicitly using 'hibernate.dialect' (remove the property setting and it will be selected by default)
2025-11-18 16:17:27 [restartedMain] WARN  org.hibernate.orm.deprecation [] - HHH90000026: MySQL8Dialect has been deprecated; use org.hibernate.dialect.MySQLDialect instead
2025-11-18 16:17:27 [restartedMain] INFO  o.hibernate.orm.connections.pooling [] - HHH10001005: Database info:
	Database JDBC URL [Connecting through datasource 'HikariDataSource (HikariPool-1)']
	Database driver: undefined/unknown
	Database version: 8.0
	Autocommit mode: undefined/unknown
	Isolation level: undefined/unknown
	Minimum pool size: undefined/unknown
	Maximum pool size: undefined/unknown
2025-11-18 16:17:27 [restartedMain] DEBUG o.h.t.d.sql.spi.DdlTypeRegistry [] - addDescriptor(12, org.hibernate.type.descriptor.sql.internal.CapacityDependentDdlType@6dc86b0f) replaced previous registration(org.hibernate.type.descriptor.sql.internal.CapacityDependentDdlType@d56956)
2025-11-18 16:17:27 [restartedMain] DEBUG o.h.t.d.sql.spi.DdlTypeRegistry [] - addDescriptor(-9, org.hibernate.type.descriptor.sql.internal.CapacityDependentDdlType@31e7fa4b) replaced previous registration(org.hibernate.type.descriptor.sql.internal.CapacityDependentDdlType@410f6ab5)
2025-11-18 16:17:27 [restartedMain] DEBUG o.h.t.d.sql.spi.DdlTypeRegistry [] - addDescriptor(-3, org.hibernate.type.descriptor.sql.internal.CapacityDependentDdlType@6f31e188) replaced previous registration(org.hibernate.type.descriptor.sql.internal.CapacityDependentDdlType@4405bae1)
2025-11-18 16:17:27 [restartedMain] DEBUG o.h.t.d.sql.spi.DdlTypeRegistry [] - addDescriptor(4003, org.hibernate.type.descriptor.sql.internal.DdlTypeImpl@4abe2588) replaced previous registration(org.hibernate.type.descriptor.sql.internal.DdlTypeImpl@70dea4a8)
2025-11-18 16:17:27 [restartedMain] DEBUG o.h.t.d.sql.spi.DdlTypeRegistry [] - addDescriptor(4001, org.hibernate.type.descriptor.sql.internal.DdlTypeImpl@1083269a) replaced previous registration(org.hibernate.type.descriptor.sql.internal.DdlTypeImpl@793854d9)
2025-11-18 16:17:27 [restartedMain] DEBUG o.h.t.d.sql.spi.DdlTypeRegistry [] - addDescriptor(4002, org.hibernate.type.descriptor.sql.internal.DdlTypeImpl@4291bc13) replaced previous registration(org.hibernate.type.descriptor.sql.internal.DdlTypeImpl@476fbb0d)
2025-11-18 16:17:27 [restartedMain] DEBUG o.h.t.d.sql.spi.DdlTypeRegistry [] - addDescriptor(2004, org.hibernate.type.descriptor.sql.internal.CapacityDependentDdlType@4e51e28c) replaced previous registration(org.hibernate.type.descriptor.sql.internal.DdlTypeImpl@75f4e903)
2025-11-18 16:17:27 [restartedMain] DEBUG o.h.t.d.sql.spi.DdlTypeRegistry [] - addDescriptor(2005, org.hibernate.type.descriptor.sql.internal.CapacityDependentDdlType@3acab28a) replaced previous registration(org.hibernate.type.descriptor.sql.internal.DdlTypeImpl@c7d10d)
2025-11-18 16:17:27 [restartedMain] DEBUG o.h.t.d.sql.spi.DdlTypeRegistry [] - addDescriptor(2011, org.hibernate.type.descriptor.sql.internal.CapacityDependentDdlType@4143061b) replaced previous registration(org.hibernate.type.descriptor.sql.internal.DdlTypeImpl@132d43c1)
2025-11-18 16:17:28 [restartedMain] INFO  o.h.e.t.j.p.i.JtaPlatformInitiator [] - HHH000489: No JTA platform available (set 'hibernate.transaction.jta.platform' to enable JTA platform integration)
2025-11-18 16:17:29 [restartedMain] INFO  o.s.o.j.LocalContainerEntityManagerFactoryBean [] - Initialized JPA EntityManagerFactory for persistence unit 'default'
2025-11-18 16:17:30 [restartedMain] WARN  o.s.b.a.o.j.JpaBaseConfiguration$JpaWebConfiguration [] - spring.jpa.open-in-view is enabled by default. Therefore, database queries may be performed during view rendering. Explicitly configure spring.jpa.open-in-view to disable this warning
2025-11-18 16:17:30 [restartedMain] INFO  o.s.v.b.OptionalValidatorFactoryBean [] - Failed to set up a Bean Validation provider: jakarta.validation.NoProviderFoundException: Unable to create a Configuration, because no Jakarta Bean Validation provider could be found. Add a provider like Hibernate Validator (RI) to your classpath.
2025-11-18 16:17:31 [restartedMain] INFO  o.s.b.d.a.OptionalLiveReloadServer [] - LiveReload server is running on port 35729
2025-11-18 16:17:31 [restartedMain] INFO  o.a.coyote.http11.Http11NioProtocol [] - Starting ProtocolHandler ["http-nio-9001"]
2025-11-18 16:17:31 [restartedMain] INFO  o.s.b.w.e.tomcat.TomcatWebServer [] - Tomcat started on port 9001 (http) with context path '/'
2025-11-18 16:17:31 [restartedMain] INFO  c.u.U.UsersMicroserviceApplication [] - Started UsersMicroserviceApplication in 10.608 seconds (process running for 11.257)
2025-11-18 16:20:31 [http-nio-9001-exec-1] INFO  o.a.c.c.C.[Tomcat].[localhost].[/] [] - Initializing Spring DispatcherServlet 'dispatcherServlet'
2025-11-18 16:20:31 [http-nio-9001-exec-1] WARN  o.s.w.s.m.s.DefaultHandlerExceptionResolver [] - Resolved [org.springframework.web.HttpMediaTypeNotSupportedException: Content-Type 'application/json' is not supported]
2025-11-18 16:20:31 [http-nio-9001-exec-1] INFO  javamelody [] - remoteAddr = 0:0:0:0:0:0:0:1, request = /user/register POST: 19 ms, error 415, 0 Kb
2025-11-18 16:28:51 [http-nio-9001-exec-4] WARN  o.s.w.s.m.s.DefaultHandlerExceptionResolver [] - Resolved [org.springframework.http.converter.HttpMessageNotReadableException: JSON parse error: Unexpected character ('"' (code 34)): was expecting comma to separate Object entries]
2025-11-18 16:28:51 [http-nio-9001-exec-4] INFO  javamelody [] - remoteAddr = 0:0:0:0:0:0:0:1, request = /user/register?new POST: 508 ms, error 400, 0 Kb
2025-11-18 16:29:58 [http-nio-9001-exec-7] TRACE c.u.U.controllers.UserController [] - POST /user/register email: keeley@gmail.com
2025-11-18 16:29:58 [http-nio-9001-exec-7] TRACE c.u.U.service.UserEntityService [] - UserEntityService - createUser - Entrando en método
2025-11-18 16:29:58 [http-nio-9001-exec-7] WARN  c.u.U.service.UserEntityService [] - User's passwords are different
2025-11-18 16:29:58 [http-nio-9001-exec-7] WARN  o.s.w.s.m.m.a.ExceptionHandlerExceptionResolver [] - Resolved [com.users.UsersMicroservice.exception.NewUserWithDifferentPasswordsException: The passwords don't match]
2025-11-18 16:29:58 [http-nio-9001-exec-7] INFO  javamelody [] - remoteAddr = 0:0:0:0:0:0:0:1, request = /user/register?new POST: 160 ms, error 400, 0 Kb
2025-11-18 16:30:26 [SpringApplicationShutdownHook] INFO  o.s.b.w.e.tomcat.GracefulShutdown [] - Commencing graceful shutdown. Waiting for active requests to complete
2025-11-18 16:30:26 [tomcat-shutdown] INFO  o.s.b.w.e.tomcat.GracefulShutdown [] - Graceful shutdown complete
2025-11-18 16:30:26 [SpringApplicationShutdownHook] INFO  o.s.o.j.LocalContainerEntityManagerFactoryBean [] - Closing JPA EntityManagerFactory for persistence unit 'default'
2025-11-18 16:30:26 [SpringApplicationShutdownHook] INFO  com.zaxxer.hikari.HikariDataSource [] - HikariPool-1 - Shutdown initiated...
2025-11-18 16:30:26 [SpringApplicationShutdownHook] INFO  com.zaxxer.hikari.HikariDataSource [] - HikariPool-1 - Shutdown completed.
2025-11-18 16:30:40 [restartedMain] INFO  c.u.U.UsersMicroserviceApplication [] - Starting UsersMicroserviceApplication using Java 17.0.1 with PID 24348 (D:\Documents\micro_backend\UsersMicroservice\target\classes started by rober in D:\Documents\micro_backend\UsersMicroservice)
2025-11-18 16:30:40 [restartedMain] DEBUG c.u.U.UsersMicroserviceApplication [] - Running with Spring Boot v3.5.5, Spring v6.2.10
2025-11-18 16:30:40 [restartedMain] INFO  c.u.U.UsersMicroserviceApplication [] - The following 1 profile is active: "local"
2025-11-18 16:30:40 [restartedMain] INFO  o.s.b.d.e.DevToolsPropertyDefaultsPostProcessor [] - Devtools property defaults active! Set 'spring.devtools.add-properties' to 'false' to disable
2025-11-18 16:30:40 [restartedMain] INFO  o.s.b.d.e.DevToolsPropertyDefaultsPostProcessor [] - For additional web related logging consider setting the 'logging.level.web' property to 'DEBUG'
2025-11-18 16:30:42 [restartedMain] INFO  o.s.d.r.c.RepositoryConfigurationDelegate [] - Multiple Spring Data modules found, entering strict repository configuration mode
2025-11-18 16:30:42 [restartedMain] INFO  o.s.d.r.c.RepositoryConfigurationDelegate [] - Bootstrapping Spring Data JDBC repositories in DEFAULT mode.
2025-11-18 16:30:42 [restartedMain] INFO  o.s.d.r.c.RepositoryConfigurationExtensionSupport [] - Spring Data JDBC - Could not safely identify store assignment for repository candidate interface com.users.UsersMicroservice.repositories.BookListRepository; If you want this repository to be a JDBC repository, consider annotating your entities with one of these annotations: org.springframework.data.relational.core.mapping.Table.
2025-11-18 16:30:42 [restartedMain] INFO  o.s.d.r.c.RepositoryConfigurationExtensionSupport [] - Spring Data JDBC - Could not safely identify store assignment for repository candidate interface com.users.UsersMicroservice.repositories.UserEntityRepository; If you want this repository to be a JDBC repository, consider annotating your entities with one of these annotations: org.springframework.data.relational.core.mapping.Table.
2025-11-18 16:30:42 [restartedMain] INFO  o.s.d.r.c.RepositoryConfigurationExtensionSupport [] - Spring Data JDBC - Could not safely identify store assignment for repository candidate interface com.users.UsersMicroservice.repositories.UserListRepository; If you want this repository to be a JDBC repository, consider annotating your entities with one of these annotations: org.springframework.data.relational.core.mapping.Table.
2025-11-18 16:30:42 [restartedMain] INFO  o.s.d.r.c.RepositoryConfigurationDelegate [] - Finished Spring Data repository scanning in 84 ms. Found 0 JDBC repository interfaces.
2025-11-18 16:30:42 [restartedMain] INFO  o.s.d.r.c.RepositoryConfigurationDelegate [] - Multiple Spring Data modules found, entering strict repository configuration mode
2025-11-18 16:30:42 [restartedMain] INFO  o.s.d.r.c.RepositoryConfigurationDelegate [] - Bootstrapping Spring Data JPA repositories in DEFAULT mode.
2025-11-18 16:30:42 [restartedMain] INFO  o.s.d.r.c.RepositoryConfigurationDelegate [] - Finished Spring Data repository scanning in 48 ms. Found 3 JPA repository interfaces.
2025-11-18 16:30:43 [restartedMain] WARN  o.s.c.s.PostProcessorRegistrationDelegate$BeanPostProcessorChecker [] - Bean 'net.bull.javamelody.JavaMelodyAutoConfiguration' of type [net.bull.javamelody.JavaMelodyAutoConfiguration$$SpringCGLIB$$0] is not eligible for getting processed by all BeanPostProcessors (for example: not eligible for auto-proxying). The currently created BeanPostProcessor [monitoringDataSourceBeanPostProcessor] is declared through a non-static factory method on that class; consider declaring it as static instead.
2025-11-18 16:30:43 [restartedMain] WARN  o.s.c.s.PostProcessorRegistrationDelegate$BeanPostProcessorChecker [] - Bean 'monitoringSpringAdvisor' of type [net.bull.javamelody.MonitoringSpringAdvisor] is not eligible for getting processed by all BeanPostProcessors (for example: not eligible for auto-proxying). Is this bean getting eagerly injected/applied to a currently created BeanPostProcessor [projectingArgumentResolverBeanPostProcessor]? Check the corresponding BeanPostProcessor declaration and its dependencies/advisors. If this bean does not have to be post-processed, declare it with ROLE_INFRASTRUCTURE.
2025-11-18 16:30:43 [restartedMain] WARN  o.s.c.s.PostProcessorRegistrationDelegate$BeanPostProcessorChecker [] - Bean 'monitoringSpringServiceAdvisor' of type [net.bull.javamelody.MonitoringSpringAdvisor] is not eligible for getting processed by all BeanPostProcessors (for example: not eligible for auto-proxying). Is this bean getting eagerly injected/applied to a currently created BeanPostProcessor [projectingArgumentResolverBeanPostProcessor]? Check the corresponding BeanPostProcessor declaration and its dependencies/advisors. If this bean does not have to be post-processed, declare it with ROLE_INFRASTRUCTURE.
2025-11-18 16:30:43 [restartedMain] WARN  o.s.c.s.PostProcessorRegistrationDelegate$BeanPostProcessorChecker [] - Bean 'monitoringSpringControllerAdvisor' of type [net.bull.javamelody.MonitoringSpringAdvisor] is not eligible for getting processed by all BeanPostProcessors (for example: not eligible for auto-proxying). Is this bean getting eagerly injected/applied to a currently created BeanPostProcessor [projectingArgumentResolverBeanPostProcessor]? Check the corresponding BeanPostProcessor declaration and its dependencies/advisors. If this bean does not have to be post-processed, declare it with ROLE_INFRASTRUCTURE.
2025-11-18 16:30:43 [restartedMain] WARN  o.s.c.s.PostProcessorRegistrationDelegate$BeanPostProcessorChecker [] - Bean 'monitoringSpringRestControllerAdvisor' of type [net.bull.javamelody.MonitoringSpringAdvisor] is not eligible for getting processed by all BeanPostProcessors (for example: not eligible for auto-proxying). Is this bean getting eagerly injected/applied to a currently created BeanPostProcessor [projectingArgumentResolverBeanPostProcessor]? Check the corresponding BeanPostProcessor declaration and its dependencies/advisors. If this bean does not have to be post-processed, declare it with ROLE_INFRASTRUCTURE.
2025-11-18 16:30:43 [restartedMain] WARN  o.s.c.s.PostProcessorRegistrationDelegate$BeanPostProcessorChecker [] - Bean 'monitoringSpringAsyncAdvisor' of type [net.bull.javamelody.MonitoringSpringAdvisor] is not eligible for getting processed by all BeanPostProcessors (for example: not eligible for auto-proxying). Is this bean getting eagerly injected/applied to a currently created BeanPostProcessor [projectingArgumentResolverBeanPostProcessor]? Check the corresponding BeanPostProcessor declaration and its dependencies/advisors. If this bean does not have to be post-processed, declare it with ROLE_INFRASTRUCTURE.
2025-11-18 16:30:43 [restartedMain] WARN  o.s.c.s.PostProcessorRegistrationDelegate$BeanPostProcessorChecker [] - Bean 'monitoringSpringScheduledAdvisor' of type [net.bull.javamelody.MonitoringSpringAdvisor] is not eligible for getting processed by all BeanPostProcessors (for example: not eligible for auto-proxying). Is this bean getting eagerly injected/applied to a currently created BeanPostProcessor [projectingArgumentResolverBeanPostProcessor]? Check the corresponding BeanPostProcessor declaration and its dependencies/advisors. If this bean does not have to be post-processed, declare it with ROLE_INFRASTRUCTURE.
2025-11-18 16:30:44 [restartedMain] INFO  o.s.b.w.e.tomcat.TomcatWebServer [] - Tomcat initialized with port 9001 (http)
2025-11-18 16:30:44 [restartedMain] INFO  o.a.coyote.http11.Http11NioProtocol [] - Initializing ProtocolHandler ["http-nio-9001"]
2025-11-18 16:30:44 [restartedMain] INFO  o.a.catalina.core.StandardService [] - Starting service [Tomcat]
2025-11-18 16:30:44 [restartedMain] INFO  o.a.catalina.core.StandardEngine [] - Starting Servlet engine: [Apache Tomcat/10.1.44]
2025-11-18 16:30:44 [restartedMain] INFO  o.a.c.c.C.[Tomcat].[localhost].[/] [] - Initializing Spring embedded WebApplicationContext
2025-11-18 16:30:44 [restartedMain] INFO  o.s.b.w.s.c.ServletWebServerApplicationContext [] - Root WebApplicationContext: initialization completed in 4040 ms
2025-11-18 16:30:46 [restartedMain] DEBUG c.u.U.security.JwtRequestFilter [] - Filter 'jwtRequestFilter' configured for use
2025-11-18 16:30:46 [restartedMain] DEBUG c.u.U.security.ApiFilter [] - Filter 'apiFilter' configured for use
2025-11-18 16:30:46 [restartedMain] INFO  o.h.jpa.internal.util.LogHelper [] - HHH000204: Processing PersistenceUnitInfo [name: default]
2025-11-18 16:30:46 [restartedMain] INFO  org.hibernate.Version [] - HHH000412: Hibernate ORM core version 6.6.26.Final
2025-11-18 16:30:46 [restartedMain] INFO  o.h.c.i.RegionFactoryInitiator [] - HHH000026: Second-level cache disabled
2025-11-18 16:30:47 [restartedMain] INFO  o.s.o.j.p.SpringPersistenceUnitInfo [] - No LoadTimeWeaver setup: ignoring JPA class transformer
2025-11-18 16:30:47 [restartedMain] INFO  com.zaxxer.hikari.HikariDataSource [] - HikariPool-1 - Starting...
2025-11-18 16:30:47 [restartedMain] INFO  com.zaxxer.hikari.pool.HikariPool [] - HikariPool-1 - Added connection com.mysql.cj.jdbc.ConnectionImpl@19647990
2025-11-18 16:30:47 [restartedMain] INFO  com.zaxxer.hikari.HikariDataSource [] - HikariPool-1 - Start completed.
2025-11-18 16:30:47 [restartedMain] WARN  org.hibernate.orm.deprecation [] - HHH90000025: MySQL8Dialect does not need to be specified explicitly using 'hibernate.dialect' (remove the property setting and it will be selected by default)
2025-11-18 16:30:47 [restartedMain] WARN  org.hibernate.orm.deprecation [] - HHH90000026: MySQL8Dialect has been deprecated; use org.hibernate.dialect.MySQLDialect instead
2025-11-18 16:30:47 [restartedMain] INFO  o.hibernate.orm.connections.pooling [] - HHH10001005: Database info:
	Database JDBC URL [Connecting through datasource 'HikariDataSource (HikariPool-1)']
	Database driver: undefined/unknown
	Database version: 8.0
	Autocommit mode: undefined/unknown
	Isolation level: undefined/unknown
	Minimum pool size: undefined/unknown
	Maximum pool size: undefined/unknown
2025-11-18 16:30:47 [restartedMain] DEBUG o.h.t.d.sql.spi.DdlTypeRegistry [] - addDescriptor(12, org.hibernate.type.descriptor.sql.internal.CapacityDependentDdlType@6567c25) replaced previous registration(org.hibernate.type.descriptor.sql.internal.CapacityDependentDdlType@33c80337)
2025-11-18 16:30:47 [restartedMain] DEBUG o.h.t.d.sql.spi.DdlTypeRegistry [] - addDescriptor(-9, org.hibernate.type.descriptor.sql.internal.CapacityDependentDdlType@7679c14b) replaced previous registration(org.hibernate.type.descriptor.sql.internal.CapacityDependentDdlType@46ba6f9f)
2025-11-18 16:30:47 [restartedMain] DEBUG o.h.t.d.sql.spi.DdlTypeRegistry [] - addDescriptor(-3, org.hibernate.type.descriptor.sql.internal.CapacityDependentDdlType@73b88439) replaced previous registration(org.hibernate.type.descriptor.sql.internal.CapacityDependentDdlType@1af0c2)
2025-11-18 16:30:47 [restartedMain] DEBUG o.h.t.d.sql.spi.DdlTypeRegistry [] - addDescriptor(4003, org.hibernate.type.descriptor.sql.internal.DdlTypeImpl@38510a13) replaced previous registration(org.hibernate.type.descriptor.sql.internal.DdlTypeImpl@2d024c11)
2025-11-18 16:30:47 [restartedMain] DEBUG o.h.t.d.sql.spi.DdlTypeRegistry [] - addDescriptor(4001, org.hibernate.type.descriptor.sql.internal.DdlTypeImpl@1aac9cc4) replaced previous registration(org.hibernate.type.descriptor.sql.internal.DdlTypeImpl@4d67e3b3)
2025-11-18 16:30:47 [restartedMain] DEBUG o.h.t.d.sql.spi.DdlTypeRegistry [] - addDescriptor(4002, org.hibernate.type.descriptor.sql.internal.DdlTypeImpl@7d56799e) replaced previous registration(org.hibernate.type.descriptor.sql.internal.DdlTypeImpl@420bd0e1)
2025-11-18 16:30:47 [restartedMain] DEBUG o.h.t.d.sql.spi.DdlTypeRegistry [] - addDescriptor(2004, org.hibernate.type.descriptor.sql.internal.CapacityDependentDdlType@3c3f2ed8) replaced previous registration(org.hibernate.type.descriptor.sql.internal.DdlTypeImpl@4e372897)
2025-11-18 16:30:47 [restartedMain] DEBUG o.h.t.d.sql.spi.DdlTypeRegistry [] - addDescriptor(2005, org.hibernate.type.descriptor.sql.internal.CapacityDependentDdlType@633246) replaced previous registration(org.hibernate.type.descriptor.sql.internal.DdlTypeImpl@1cf37673)
2025-11-18 16:30:47 [restartedMain] DEBUG o.h.t.d.sql.spi.DdlTypeRegistry [] - addDescriptor(2011, org.hibernate.type.descriptor.sql.internal.CapacityDependentDdlType@597fc2db) replaced previous registration(org.hibernate.type.descriptor.sql.internal.DdlTypeImpl@2efb2af3)
2025-11-18 16:30:49 [restartedMain] INFO  o.h.e.t.j.p.i.JtaPlatformInitiator [] - HHH000489: No JTA platform available (set 'hibernate.transaction.jta.platform' to enable JTA platform integration)
2025-11-18 16:30:49 [restartedMain] INFO  o.s.o.j.LocalContainerEntityManagerFactoryBean [] - Initialized JPA EntityManagerFactory for persistence unit 'default'
2025-11-18 16:30:50 [restartedMain] WARN  o.s.b.a.o.j.JpaBaseConfiguration$JpaWebConfiguration [] - spring.jpa.open-in-view is enabled by default. Therefore, database queries may be performed during view rendering. Explicitly configure spring.jpa.open-in-view to disable this warning
2025-11-18 16:30:51 [restartedMain] INFO  o.s.v.b.OptionalValidatorFactoryBean [] - Failed to set up a Bean Validation provider: jakarta.validation.NoProviderFoundException: Unable to create a Configuration, because no Jakarta Bean Validation provider could be found. Add a provider like Hibernate Validator (RI) to your classpath.
2025-11-18 16:30:51 [restartedMain] INFO  o.s.b.d.a.OptionalLiveReloadServer [] - LiveReload server is running on port 35729
2025-11-18 16:30:51 [restartedMain] INFO  o.a.coyote.http11.Http11NioProtocol [] - Starting ProtocolHandler ["http-nio-9001"]
2025-11-18 16:30:51 [restartedMain] INFO  o.s.b.w.e.tomcat.TomcatWebServer [] - Tomcat started on port 9001 (http) with context path '/'
2025-11-18 16:30:51 [restartedMain] INFO  c.u.U.UsersMicroserviceApplication [] - Started UsersMicroserviceApplication in 11.994 seconds (process running for 12.941)
2025-11-18 16:31:14 [http-nio-9001-exec-1] INFO  o.a.c.c.C.[Tomcat].[localhost].[/] [] - Initializing Spring DispatcherServlet 'dispatcherServlet'
2025-11-18 16:31:14 [http-nio-9001-exec-1] TRACE c.u.U.controllers.UserController [] - POST /user/register email: keeleymail.com
2025-11-18 16:31:14 [http-nio-9001-exec-1] TRACE c.u.U.service.UserEntityService [] - UserEntityService - createUser - Entrando en método
2025-11-18 16:31:14 [http-nio-9001-exec-1] WARN  c.u.U.service.UserEntityService [] - User's passwords are different
2025-11-18 16:31:14 [http-nio-9001-exec-1] WARN  o.s.w.s.m.m.a.ExceptionHandlerExceptionResolver [] - Resolved [com.users.UsersMicroservice.exception.NewUserWithDifferentPasswordsException: The passwords don't match]
2025-11-18 16:31:14 [http-nio-9001-exec-1] INFO  javamelody [] - remoteAddr = 0:0:0:0:0:0:0:1, request = /user/register?new POST: 264 ms, error 400, 0 Kb
2025-11-18 16:31:29 [http-nio-9001-exec-4] TRACE c.u.U.controllers.UserController [] - POST /user/register email: keeleymail.com
2025-11-18 16:31:29 [http-nio-9001-exec-4] TRACE c.u.U.service.UserEntityService [] - UserEntityService - createUser - Entrando en método
2025-11-18 16:31:29 [http-nio-9001-exec-4] TRACE c.u.U.service.UserEntityService [] - UserEntityService - createUser - Entrando en if ...
2025-11-18 16:31:29 [http-nio-9001-exec-4] DEBUG org.hibernate.SQL [] - insert into users (birthday,created_at,email,fullname,gender,last_password_change_at,password,profile_image,username,id) values (?,?,?,?,?,?,?,?,?,?)
2025-11-18 16:31:30 [http-nio-9001-exec-4] DEBUG org.hibernate.SQL [] - insert into user_entity_roles (user_entity_id,roles) values (?,?)
2025-11-18 16:31:30 [http-nio-9001-exec-4] INFO  c.u.U.service.UserEntityService [] - USER SAVED with id 4c770c1d-120b-4b2e-b552-4b0be5b03431
2025-11-18 16:31:30 [http-nio-9001-exec-4] INFO  javamelody [] - remoteAddr = 0:0:0:0:0:0:0:1, request = /user/register?new POST: 486 ms, 0 Kb
2025-11-18 16:32:58 [http-nio-9001-exec-7] TRACE c.u.U.controllers.UserController [] - POST /user/register email: 
2025-11-18 16:32:58 [http-nio-9001-exec-7] TRACE c.u.U.service.UserEntityService [] - UserEntityService - createUser - Entrando en método
2025-11-18 16:32:58 [http-nio-9001-exec-7] TRACE c.u.U.service.UserEntityService [] - UserEntityService - createUser - Entrando en if ...
2025-11-18 16:32:58 [http-nio-9001-exec-7] DEBUG org.hibernate.SQL [] - insert into users (birthday,created_at,email,fullname,gender,last_password_change_at,password,profile_image,username,id) values (?,?,?,?,?,?,?,?,?,?)
2025-11-18 16:32:58 [http-nio-9001-exec-7] DEBUG org.hibernate.SQL [] - insert into user_entity_roles (user_entity_id,roles) values (?,?)
2025-11-18 16:32:58 [http-nio-9001-exec-7] INFO  c.u.U.service.UserEntityService [] - USER SAVED with id 394305f7-e48f-4544-bd39-fba566967b2e
2025-11-18 16:32:58 [http-nio-9001-exec-7] INFO  javamelody [] - remoteAddr = 0:0:0:0:0:0:0:1, request = /user/register?new POST: 105 ms, 0 Kb
2025-11-18 16:39:36 [SpringApplicationShutdownHook] INFO  o.s.b.w.e.tomcat.GracefulShutdown [] - Commencing graceful shutdown. Waiting for active requests to complete
2025-11-18 16:39:37 [tomcat-shutdown] INFO  o.s.b.w.e.tomcat.GracefulShutdown [] - Graceful shutdown complete
2025-11-18 16:39:37 [SpringApplicationShutdownHook] INFO  o.s.o.j.LocalContainerEntityManagerFactoryBean [] - Closing JPA EntityManagerFactory for persistence unit 'default'
2025-11-18 16:39:37 [SpringApplicationShutdownHook] INFO  com.zaxxer.hikari.HikariDataSource [] - HikariPool-1 - Shutdown initiated...
2025-11-18 16:39:37 [SpringApplicationShutdownHook] INFO  com.zaxxer.hikari.HikariDataSource [] - HikariPool-1 - Shutdown completed.
2025-11-18 16:43:03 [restartedMain] INFO  c.u.U.UsersMicroserviceApplication [] - Starting UsersMicroserviceApplication using Java 17.0.1 with PID 6344 (D:\Documents\micro_backend\UsersMicroservice\target\classes started by rober in D:\Documents\micro_backend\UsersMicroservice)
2025-11-18 16:43:03 [restartedMain] DEBUG c.u.U.UsersMicroserviceApplication [] - Running with Spring Boot v3.5.5, Spring v6.2.10
2025-11-18 16:43:03 [restartedMain] INFO  c.u.U.UsersMicroserviceApplication [] - The following 1 profile is active: "local"
2025-11-18 16:43:03 [restartedMain] INFO  o.s.b.d.e.DevToolsPropertyDefaultsPostProcessor [] - Devtools property defaults active! Set 'spring.devtools.add-properties' to 'false' to disable
2025-11-18 16:43:03 [restartedMain] INFO  o.s.b.d.e.DevToolsPropertyDefaultsPostProcessor [] - For additional web related logging consider setting the 'logging.level.web' property to 'DEBUG'
2025-11-18 16:43:07 [restartedMain] INFO  o.s.d.r.c.RepositoryConfigurationDelegate [] - Multiple Spring Data modules found, entering strict repository configuration mode
2025-11-18 16:43:07 [restartedMain] INFO  o.s.d.r.c.RepositoryConfigurationDelegate [] - Bootstrapping Spring Data JDBC repositories in DEFAULT mode.
2025-11-18 16:43:08 [restartedMain] INFO  o.s.d.r.c.RepositoryConfigurationExtensionSupport [] - Spring Data JDBC - Could not safely identify store assignment for repository candidate interface com.users.UsersMicroservice.repositories.BookListRepository; If you want this repository to be a JDBC repository, consider annotating your entities with one of these annotations: org.springframework.data.relational.core.mapping.Table.
2025-11-18 16:43:08 [restartedMain] INFO  o.s.d.r.c.RepositoryConfigurationExtensionSupport [] - Spring Data JDBC - Could not safely identify store assignment for repository candidate interface com.users.UsersMicroservice.repositories.UserEntityRepository; If you want this repository to be a JDBC repository, consider annotating your entities with one of these annotations: org.springframework.data.relational.core.mapping.Table.
2025-11-18 16:43:08 [restartedMain] INFO  o.s.d.r.c.RepositoryConfigurationExtensionSupport [] - Spring Data JDBC - Could not safely identify store assignment for repository candidate interface com.users.UsersMicroservice.repositories.UserListRepository; If you want this repository to be a JDBC repository, consider annotating your entities with one of these annotations: org.springframework.data.relational.core.mapping.Table.
2025-11-18 16:43:08 [restartedMain] INFO  o.s.d.r.c.RepositoryConfigurationDelegate [] - Finished Spring Data repository scanning in 144 ms. Found 0 JDBC repository interfaces.
2025-11-18 16:43:08 [restartedMain] INFO  o.s.d.r.c.RepositoryConfigurationDelegate [] - Multiple Spring Data modules found, entering strict repository configuration mode
2025-11-18 16:43:08 [restartedMain] INFO  o.s.d.r.c.RepositoryConfigurationDelegate [] - Bootstrapping Spring Data JPA repositories in DEFAULT mode.
2025-11-18 16:43:08 [restartedMain] INFO  o.s.d.r.c.RepositoryConfigurationDelegate [] - Finished Spring Data repository scanning in 88 ms. Found 3 JPA repository interfaces.
2025-11-18 16:43:09 [restartedMain] WARN  o.s.c.s.PostProcessorRegistrationDelegate$BeanPostProcessorChecker [] - Bean 'net.bull.javamelody.JavaMelodyAutoConfiguration' of type [net.bull.javamelody.JavaMelodyAutoConfiguration$$SpringCGLIB$$0] is not eligible for getting processed by all BeanPostProcessors (for example: not eligible for auto-proxying). The currently created BeanPostProcessor [monitoringDataSourceBeanPostProcessor] is declared through a non-static factory method on that class; consider declaring it as static instead.
2025-11-18 16:43:10 [restartedMain] WARN  o.s.c.s.PostProcessorRegistrationDelegate$BeanPostProcessorChecker [] - Bean 'monitoringSpringAdvisor' of type [net.bull.javamelody.MonitoringSpringAdvisor] is not eligible for getting processed by all BeanPostProcessors (for example: not eligible for auto-proxying). Is this bean getting eagerly injected/applied to a currently created BeanPostProcessor [projectingArgumentResolverBeanPostProcessor]? Check the corresponding BeanPostProcessor declaration and its dependencies/advisors. If this bean does not have to be post-processed, declare it with ROLE_INFRASTRUCTURE.
2025-11-18 16:43:10 [restartedMain] WARN  o.s.c.s.PostProcessorRegistrationDelegate$BeanPostProcessorChecker [] - Bean 'monitoringSpringServiceAdvisor' of type [net.bull.javamelody.MonitoringSpringAdvisor] is not eligible for getting processed by all BeanPostProcessors (for example: not eligible for auto-proxying). Is this bean getting eagerly injected/applied to a currently created BeanPostProcessor [projectingArgumentResolverBeanPostProcessor]? Check the corresponding BeanPostProcessor declaration and its dependencies/advisors. If this bean does not have to be post-processed, declare it with ROLE_INFRASTRUCTURE.
2025-11-18 16:43:10 [restartedMain] WARN  o.s.c.s.PostProcessorRegistrationDelegate$BeanPostProcessorChecker [] - Bean 'monitoringSpringControllerAdvisor' of type [net.bull.javamelody.MonitoringSpringAdvisor] is not eligible for getting processed by all BeanPostProcessors (for example: not eligible for auto-proxying). Is this bean getting eagerly injected/applied to a currently created BeanPostProcessor [projectingArgumentResolverBeanPostProcessor]? Check the corresponding BeanPostProcessor declaration and its dependencies/advisors. If this bean does not have to be post-processed, declare it with ROLE_INFRASTRUCTURE.
2025-11-18 16:43:10 [restartedMain] WARN  o.s.c.s.PostProcessorRegistrationDelegate$BeanPostProcessorChecker [] - Bean 'monitoringSpringRestControllerAdvisor' of type [net.bull.javamelody.MonitoringSpringAdvisor] is not eligible for getting processed by all BeanPostProcessors (for example: not eligible for auto-proxying). Is this bean getting eagerly injected/applied to a currently created BeanPostProcessor [projectingArgumentResolverBeanPostProcessor]? Check the corresponding BeanPostProcessor declaration and its dependencies/advisors. If this bean does not have to be post-processed, declare it with ROLE_INFRASTRUCTURE.
2025-11-18 16:43:10 [restartedMain] WARN  o.s.c.s.PostProcessorRegistrationDelegate$BeanPostProcessorChecker [] - Bean 'monitoringSpringAsyncAdvisor' of type [net.bull.javamelody.MonitoringSpringAdvisor] is not eligible for getting processed by all BeanPostProcessors (for example: not eligible for auto-proxying). Is this bean getting eagerly injected/applied to a currently created BeanPostProcessor [projectingArgumentResolverBeanPostProcessor]? Check the corresponding BeanPostProcessor declaration and its dependencies/advisors. If this bean does not have to be post-processed, declare it with ROLE_INFRASTRUCTURE.
2025-11-18 16:43:10 [restartedMain] WARN  o.s.c.s.PostProcessorRegistrationDelegate$BeanPostProcessorChecker [] - Bean 'monitoringSpringScheduledAdvisor' of type [net.bull.javamelody.MonitoringSpringAdvisor] is not eligible for getting processed by all BeanPostProcessors (for example: not eligible for auto-proxying). Is this bean getting eagerly injected/applied to a currently created BeanPostProcessor [projectingArgumentResolverBeanPostProcessor]? Check the corresponding BeanPostProcessor declaration and its dependencies/advisors. If this bean does not have to be post-processed, declare it with ROLE_INFRASTRUCTURE.
2025-11-18 16:43:13 [restartedMain] INFO  o.s.b.w.e.tomcat.TomcatWebServer [] - Tomcat initialized with port 9001 (http)
2025-11-18 16:43:13 [restartedMain] INFO  o.a.coyote.http11.Http11NioProtocol [] - Initializing ProtocolHandler ["http-nio-9001"]
2025-11-18 16:43:13 [restartedMain] INFO  o.a.catalina.core.StandardService [] - Starting service [Tomcat]
2025-11-18 16:43:13 [restartedMain] INFO  o.a.catalina.core.StandardEngine [] - Starting Servlet engine: [Apache Tomcat/10.1.44]
2025-11-18 16:43:13 [restartedMain] INFO  o.a.c.c.C.[Tomcat].[localhost].[/] [] - Initializing Spring embedded WebApplicationContext
2025-11-18 16:43:13 [restartedMain] INFO  o.s.b.w.s.c.ServletWebServerApplicationContext [] - Root WebApplicationContext: initialization completed in 10386 ms
2025-11-18 16:43:15 [restartedMain] DEBUG c.u.U.security.JwtRequestFilter [] - Filter 'jwtRequestFilter' configured for use
2025-11-18 16:43:15 [restartedMain] DEBUG c.u.U.security.ApiFilter [] - Filter 'apiFilter' configured for use
2025-11-18 16:43:16 [restartedMain] INFO  o.h.jpa.internal.util.LogHelper [] - HHH000204: Processing PersistenceUnitInfo [name: default]
2025-11-18 16:43:16 [restartedMain] INFO  org.hibernate.Version [] - HHH000412: Hibernate ORM core version 6.6.26.Final
2025-11-18 16:43:16 [restartedMain] INFO  o.h.c.i.RegionFactoryInitiator [] - HHH000026: Second-level cache disabled
2025-11-18 16:43:16 [restartedMain] INFO  o.s.o.j.p.SpringPersistenceUnitInfo [] - No LoadTimeWeaver setup: ignoring JPA class transformer
2025-11-18 16:43:16 [restartedMain] INFO  com.zaxxer.hikari.HikariDataSource [] - HikariPool-1 - Starting...
2025-11-18 16:43:17 [restartedMain] INFO  com.zaxxer.hikari.pool.HikariPool [] - HikariPool-1 - Added connection com.mysql.cj.jdbc.ConnectionImpl@71ec889b
2025-11-18 16:43:17 [restartedMain] INFO  com.zaxxer.hikari.HikariDataSource [] - HikariPool-1 - Start completed.
2025-11-18 16:43:17 [restartedMain] WARN  org.hibernate.orm.deprecation [] - HHH90000025: MySQL8Dialect does not need to be specified explicitly using 'hibernate.dialect' (remove the property setting and it will be selected by default)
2025-11-18 16:43:17 [restartedMain] WARN  org.hibernate.orm.deprecation [] - HHH90000026: MySQL8Dialect has been deprecated; use org.hibernate.dialect.MySQLDialect instead
2025-11-18 16:43:17 [restartedMain] INFO  o.hibernate.orm.connections.pooling [] - HHH10001005: Database info:
	Database JDBC URL [Connecting through datasource 'HikariDataSource (HikariPool-1)']
	Database driver: undefined/unknown
	Database version: 8.0
	Autocommit mode: undefined/unknown
	Isolation level: undefined/unknown
	Minimum pool size: undefined/unknown
	Maximum pool size: undefined/unknown
2025-11-18 16:43:17 [restartedMain] DEBUG o.h.t.d.sql.spi.DdlTypeRegistry [] - addDescriptor(12, org.hibernate.type.descriptor.sql.internal.CapacityDependentDdlType@1d129e06) replaced previous registration(org.hibernate.type.descriptor.sql.internal.CapacityDependentDdlType@61e2a58c)
2025-11-18 16:43:17 [restartedMain] DEBUG o.h.t.d.sql.spi.DdlTypeRegistry [] - addDescriptor(-9, org.hibernate.type.descriptor.sql.internal.CapacityDependentDdlType@63133ce0) replaced previous registration(org.hibernate.type.descriptor.sql.internal.CapacityDependentDdlType@7b21fc6d)
2025-11-18 16:43:17 [restartedMain] DEBUG o.h.t.d.sql.spi.DdlTypeRegistry [] - addDescriptor(-3, org.hibernate.type.descriptor.sql.internal.CapacityDependentDdlType@72cabfa1) replaced previous registration(org.hibernate.type.descriptor.sql.internal.CapacityDependentDdlType@670bab1)
2025-11-18 16:43:17 [restartedMain] DEBUG o.h.t.d.sql.spi.DdlTypeRegistry [] - addDescriptor(4003, org.hibernate.type.descriptor.sql.internal.DdlTypeImpl@7c7e72a3) replaced previous registration(org.hibernate.type.descriptor.sql.internal.DdlTypeImpl@8c83bd5)
2025-11-18 16:43:17 [restartedMain] DEBUG o.h.t.d.sql.spi.DdlTypeRegistry [] - addDescriptor(4001, org.hibernate.type.descriptor.sql.internal.DdlTypeImpl@2fd8aada) replaced previous registration(org.hibernate.type.descriptor.sql.internal.DdlTypeImpl@2cfe28a2)
2025-11-18 16:43:17 [restartedMain] DEBUG o.h.t.d.sql.spi.DdlTypeRegistry [] - addDescriptor(4002, org.hibernate.type.descriptor.sql.internal.DdlTypeImpl@231aacf4) replaced previous registration(org.hibernate.type.descriptor.sql.internal.DdlTypeImpl@6ac52dd1)
2025-11-18 16:43:17 [restartedMain] DEBUG o.h.t.d.sql.spi.DdlTypeRegistry [] - addDescriptor(2004, org.hibernate.type.descriptor.sql.internal.CapacityDependentDdlType@21c429) replaced previous registration(org.hibernate.type.descriptor.sql.internal.DdlTypeImpl@5d4757b7)
2025-11-18 16:43:17 [restartedMain] DEBUG o.h.t.d.sql.spi.DdlTypeRegistry [] - addDescriptor(2005, org.hibernate.type.descriptor.sql.internal.CapacityDependentDdlType@2bcc2de7) replaced previous registration(org.hibernate.type.descriptor.sql.internal.DdlTypeImpl@68a436ea)
2025-11-18 16:43:17 [restartedMain] DEBUG o.h.t.d.sql.spi.DdlTypeRegistry [] - addDescriptor(2011, org.hibernate.type.descriptor.sql.internal.CapacityDependentDdlType@662ab75b) replaced previous registration(org.hibernate.type.descriptor.sql.internal.DdlTypeImpl@1b7bec6)
2025-11-18 16:43:19 [restartedMain] INFO  o.h.e.t.j.p.i.JtaPlatformInitiator [] - HHH000489: No JTA platform available (set 'hibernate.transaction.jta.platform' to enable JTA platform integration)
2025-11-18 16:43:19 [restartedMain] INFO  o.s.o.j.LocalContainerEntityManagerFactoryBean [] - Initialized JPA EntityManagerFactory for persistence unit 'default'
2025-11-18 16:43:20 [restartedMain] WARN  o.s.b.a.o.j.JpaBaseConfiguration$JpaWebConfiguration [] - spring.jpa.open-in-view is enabled by default. Therefore, database queries may be performed during view rendering. Explicitly configure spring.jpa.open-in-view to disable this warning
2025-11-18 16:43:21 [restartedMain] INFO  o.s.v.b.OptionalValidatorFactoryBean [] - Failed to set up a Bean Validation provider: jakarta.validation.NoProviderFoundException: Unable to create a Configuration, because no Jakarta Bean Validation provider could be found. Add a provider like Hibernate Validator (RI) to your classpath.
2025-11-18 16:43:22 [restartedMain] INFO  o.s.b.d.a.OptionalLiveReloadServer [] - LiveReload server is running on port 35729
2025-11-18 16:43:22 [restartedMain] INFO  o.a.coyote.http11.Http11NioProtocol [] - Starting ProtocolHandler ["http-nio-9001"]
2025-11-18 16:43:22 [restartedMain] INFO  o.s.b.w.e.tomcat.TomcatWebServer [] - Tomcat started on port 9001 (http) with context path '/'
2025-11-18 16:43:22 [restartedMain] INFO  c.u.U.UsersMicroserviceApplication [] - Started UsersMicroserviceApplication in 20.35 seconds (process running for 21.312)
2025-11-18 16:43:31 [http-nio-9001-exec-2] INFO  o.a.c.c.C.[Tomcat].[localhost].[/] [] - Initializing Spring DispatcherServlet 'dispatcherServlet'
2025-11-18 16:43:32 [http-nio-9001-exec-2] TRACE c.u.U.controllers.UserController [] - POST /user/register email: null
2025-11-18 16:43:32 [http-nio-9001-exec-2] TRACE c.u.U.service.UserEntityService [] - UserEntityService - createUser - Entrando en método
2025-11-18 16:43:32 [http-nio-9001-exec-2] TRACE c.u.U.service.UserEntityService [] - UserEntityService - createUser - Entrando en if ...
2025-11-18 16:43:32 [http-nio-9001-exec-2] DEBUG org.hibernate.SQL [] - insert into users (birthday,created_at,email,fullname,gender,last_password_change_at,password,profile_image,username,id) values (?,?,?,?,?,?,?,?,?,?)
2025-11-18 16:43:32 [http-nio-9001-exec-2] DEBUG org.hibernate.SQL [] - insert into user_entity_roles (user_entity_id,roles) values (?,?)
2025-11-18 16:43:32 [http-nio-9001-exec-2] INFO  c.u.U.service.UserEntityService [] - USER SAVED with id 08f0e286-a8a3-42e2-b871-b1dae874d247
2025-11-18 16:43:32 [http-nio-9001-exec-2] INFO  javamelody [] - remoteAddr = 0:0:0:0:0:0:0:1, request = /user/register?new POST: 642 ms, 0 Kb
2025-11-18 16:45:15 [http-nio-9001-exec-5] TRACE c.u.U.controllers.UserController [] - POST /user/register email: null
2025-11-18 16:45:15 [http-nio-9001-exec-5] TRACE c.u.U.service.UserEntityService [] - UserEntityService - createUser - Entrando en método
2025-11-18 16:45:15 [http-nio-9001-exec-5] TRACE c.u.U.service.UserEntityService [] - UserEntityService - createUser - Entrando en if ...
2025-11-18 16:45:15 [http-nio-9001-exec-5] DEBUG org.hibernate.SQL [] - insert into users (birthday,created_at,email,fullname,gender,last_password_change_at,password,profile_image,username,id) values (?,?,?,?,?,?,?,?,?,?)
2025-11-18 16:45:15 [http-nio-9001-exec-5] WARN  o.h.e.jdbc.spi.SqlExceptionHelper [] - SQL Error: 1062, SQLState: 23000
2025-11-18 16:45:15 [http-nio-9001-exec-5] ERROR o.h.e.jdbc.spi.SqlExceptionHelper [] - Duplicate entry 'sasy' for key 'users.UKr43af9ap4edm43mmtq01oddj6'
2025-11-18 16:45:15 [http-nio-9001-exec-5] WARN  c.u.U.service.UserEntityService [] - Data Integrity Violation Exception
2025-11-18 16:45:15 [http-nio-9001-exec-5] WARN  o.s.w.s.m.m.a.ExceptionHandlerExceptionResolver [] - Resolved [com.users.UsersMicroservice.exception.DataIntegrityException: Failed to save User in data base: Username probably already exists]
2025-11-18 16:45:15 [http-nio-9001-exec-5] INFO  javamelody [] - remoteAddr = 0:0:0:0:0:0:0:1, request = /user/register?new POST: 439 ms, error 400, 0 Kb
2025-11-18 16:46:30 [SpringApplicationShutdownHook] INFO  o.s.b.w.e.tomcat.GracefulShutdown [] - Commencing graceful shutdown. Waiting for active requests to complete
2025-11-18 16:46:30 [tomcat-shutdown] INFO  o.s.b.w.e.tomcat.GracefulShutdown [] - Graceful shutdown complete
2025-11-18 16:46:30 [SpringApplicationShutdownHook] INFO  o.s.o.j.LocalContainerEntityManagerFactoryBean [] - Closing JPA EntityManagerFactory for persistence unit 'default'
2025-11-18 16:46:30 [SpringApplicationShutdownHook] INFO  com.zaxxer.hikari.HikariDataSource [] - HikariPool-1 - Shutdown initiated...
2025-11-18 16:46:30 [SpringApplicationShutdownHook] INFO  com.zaxxer.hikari.HikariDataSource [] - HikariPool-1 - Shutdown completed.
2025-11-18 16:46:41 [restartedMain] INFO  c.u.U.UsersMicroserviceApplication [] - Starting UsersMicroserviceApplication using Java 17.0.1 with PID 10192 (D:\Documents\micro_backend\UsersMicroservice\target\classes started by rober in D:\Documents\micro_backend\UsersMicroservice)
2025-11-18 16:46:41 [restartedMain] DEBUG c.u.U.UsersMicroserviceApplication [] - Running with Spring Boot v3.5.5, Spring v6.2.10
2025-11-18 16:46:41 [restartedMain] INFO  c.u.U.UsersMicroserviceApplication [] - The following 1 profile is active: "local"
2025-11-18 16:46:42 [restartedMain] INFO  o.s.b.d.e.DevToolsPropertyDefaultsPostProcessor [] - Devtools property defaults active! Set 'spring.devtools.add-properties' to 'false' to disable
2025-11-18 16:46:42 [restartedMain] INFO  o.s.b.d.e.DevToolsPropertyDefaultsPostProcessor [] - For additional web related logging consider setting the 'logging.level.web' property to 'DEBUG'
2025-11-18 16:46:45 [restartedMain] INFO  o.s.d.r.c.RepositoryConfigurationDelegate [] - Multiple Spring Data modules found, entering strict repository configuration mode
2025-11-18 16:46:45 [restartedMain] INFO  o.s.d.r.c.RepositoryConfigurationDelegate [] - Bootstrapping Spring Data JDBC repositories in DEFAULT mode.
2025-11-18 16:46:45 [restartedMain] INFO  o.s.d.r.c.RepositoryConfigurationExtensionSupport [] - Spring Data JDBC - Could not safely identify store assignment for repository candidate interface com.users.UsersMicroservice.repositories.BookListRepository; If you want this repository to be a JDBC repository, consider annotating your entities with one of these annotations: org.springframework.data.relational.core.mapping.Table.
2025-11-18 16:46:45 [restartedMain] INFO  o.s.d.r.c.RepositoryConfigurationExtensionSupport [] - Spring Data JDBC - Could not safely identify store assignment for repository candidate interface com.users.UsersMicroservice.repositories.UserEntityRepository; If you want this repository to be a JDBC repository, consider annotating your entities with one of these annotations: org.springframework.data.relational.core.mapping.Table.
2025-11-18 16:46:45 [restartedMain] INFO  o.s.d.r.c.RepositoryConfigurationExtensionSupport [] - Spring Data JDBC - Could not safely identify store assignment for repository candidate interface com.users.UsersMicroservice.repositories.UserListRepository; If you want this repository to be a JDBC repository, consider annotating your entities with one of these annotations: org.springframework.data.relational.core.mapping.Table.
2025-11-18 16:46:45 [restartedMain] INFO  o.s.d.r.c.RepositoryConfigurationDelegate [] - Finished Spring Data repository scanning in 82 ms. Found 0 JDBC repository interfaces.
2025-11-18 16:46:45 [restartedMain] INFO  o.s.d.r.c.RepositoryConfigurationDelegate [] - Multiple Spring Data modules found, entering strict repository configuration mode
2025-11-18 16:46:45 [restartedMain] INFO  o.s.d.r.c.RepositoryConfigurationDelegate [] - Bootstrapping Spring Data JPA repositories in DEFAULT mode.
2025-11-18 16:46:45 [restartedMain] INFO  o.s.d.r.c.RepositoryConfigurationDelegate [] - Finished Spring Data repository scanning in 55 ms. Found 3 JPA repository interfaces.
2025-11-18 16:46:46 [restartedMain] WARN  o.s.c.s.PostProcessorRegistrationDelegate$BeanPostProcessorChecker [] - Bean 'net.bull.javamelody.JavaMelodyAutoConfiguration' of type [net.bull.javamelody.JavaMelodyAutoConfiguration$$SpringCGLIB$$0] is not eligible for getting processed by all BeanPostProcessors (for example: not eligible for auto-proxying). The currently created BeanPostProcessor [monitoringDataSourceBeanPostProcessor] is declared through a non-static factory method on that class; consider declaring it as static instead.
2025-11-18 16:46:46 [restartedMain] WARN  o.s.c.s.PostProcessorRegistrationDelegate$BeanPostProcessorChecker [] - Bean 'monitoringSpringAdvisor' of type [net.bull.javamelody.MonitoringSpringAdvisor] is not eligible for getting processed by all BeanPostProcessors (for example: not eligible for auto-proxying). Is this bean getting eagerly injected/applied to a currently created BeanPostProcessor [projectingArgumentResolverBeanPostProcessor]? Check the corresponding BeanPostProcessor declaration and its dependencies/advisors. If this bean does not have to be post-processed, declare it with ROLE_INFRASTRUCTURE.
2025-11-18 16:46:46 [restartedMain] WARN  o.s.c.s.PostProcessorRegistrationDelegate$BeanPostProcessorChecker [] - Bean 'monitoringSpringServiceAdvisor' of type [net.bull.javamelody.MonitoringSpringAdvisor] is not eligible for getting processed by all BeanPostProcessors (for example: not eligible for auto-proxying). Is this bean getting eagerly injected/applied to a currently created BeanPostProcessor [projectingArgumentResolverBeanPostProcessor]? Check the corresponding BeanPostProcessor declaration and its dependencies/advisors. If this bean does not have to be post-processed, declare it with ROLE_INFRASTRUCTURE.
2025-11-18 16:46:46 [restartedMain] WARN  o.s.c.s.PostProcessorRegistrationDelegate$BeanPostProcessorChecker [] - Bean 'monitoringSpringControllerAdvisor' of type [net.bull.javamelody.MonitoringSpringAdvisor] is not eligible for getting processed by all BeanPostProcessors (for example: not eligible for auto-proxying). Is this bean getting eagerly injected/applied to a currently created BeanPostProcessor [projectingArgumentResolverBeanPostProcessor]? Check the corresponding BeanPostProcessor declaration and its dependencies/advisors. If this bean does not have to be post-processed, declare it with ROLE_INFRASTRUCTURE.
2025-11-18 16:46:46 [restartedMain] WARN  o.s.c.s.PostProcessorRegistrationDelegate$BeanPostProcessorChecker [] - Bean 'monitoringSpringRestControllerAdvisor' of type [net.bull.javamelody.MonitoringSpringAdvisor] is not eligible for getting processed by all BeanPostProcessors (for example: not eligible for auto-proxying). Is this bean getting eagerly injected/applied to a currently created BeanPostProcessor [projectingArgumentResolverBeanPostProcessor]? Check the corresponding BeanPostProcessor declaration and its dependencies/advisors. If this bean does not have to be post-processed, declare it with ROLE_INFRASTRUCTURE.
2025-11-18 16:46:46 [restartedMain] WARN  o.s.c.s.PostProcessorRegistrationDelegate$BeanPostProcessorChecker [] - Bean 'monitoringSpringAsyncAdvisor' of type [net.bull.javamelody.MonitoringSpringAdvisor] is not eligible for getting processed by all BeanPostProcessors (for example: not eligible for auto-proxying). Is this bean getting eagerly injected/applied to a currently created BeanPostProcessor [projectingArgumentResolverBeanPostProcessor]? Check the corresponding BeanPostProcessor declaration and its dependencies/advisors. If this bean does not have to be post-processed, declare it with ROLE_INFRASTRUCTURE.
2025-11-18 16:46:46 [restartedMain] WARN  o.s.c.s.PostProcessorRegistrationDelegate$BeanPostProcessorChecker [] - Bean 'monitoringSpringScheduledAdvisor' of type [net.bull.javamelody.MonitoringSpringAdvisor] is not eligible for getting processed by all BeanPostProcessors (for example: not eligible for auto-proxying). Is this bean getting eagerly injected/applied to a currently created BeanPostProcessor [projectingArgumentResolverBeanPostProcessor]? Check the corresponding BeanPostProcessor declaration and its dependencies/advisors. If this bean does not have to be post-processed, declare it with ROLE_INFRASTRUCTURE.
2025-11-18 16:46:47 [restartedMain] INFO  o.s.b.w.e.tomcat.TomcatWebServer [] - Tomcat initialized with port 9001 (http)
2025-11-18 16:46:47 [restartedMain] INFO  o.a.coyote.http11.Http11NioProtocol [] - Initializing ProtocolHandler ["http-nio-9001"]
2025-11-18 16:46:47 [restartedMain] INFO  o.a.catalina.core.StandardService [] - Starting service [Tomcat]
2025-11-18 16:46:47 [restartedMain] INFO  o.a.catalina.core.StandardEngine [] - Starting Servlet engine: [Apache Tomcat/10.1.44]
2025-11-18 16:46:47 [restartedMain] INFO  o.a.c.c.C.[Tomcat].[localhost].[/] [] - Initializing Spring embedded WebApplicationContext
2025-11-18 16:46:47 [restartedMain] INFO  o.s.b.w.s.c.ServletWebServerApplicationContext [] - Root WebApplicationContext: initialization completed in 5875 ms
2025-11-18 16:46:49 [restartedMain] DEBUG c.u.U.security.JwtRequestFilter [] - Filter 'jwtRequestFilter' configured for use
2025-11-18 16:46:49 [restartedMain] DEBUG c.u.U.security.ApiFilter [] - Filter 'apiFilter' configured for use
2025-11-18 16:46:49 [restartedMain] INFO  o.h.jpa.internal.util.LogHelper [] - HHH000204: Processing PersistenceUnitInfo [name: default]
2025-11-18 16:46:49 [restartedMain] INFO  org.hibernate.Version [] - HHH000412: Hibernate ORM core version 6.6.26.Final
2025-11-18 16:46:49 [restartedMain] INFO  o.h.c.i.RegionFactoryInitiator [] - HHH000026: Second-level cache disabled
2025-11-18 16:46:50 [restartedMain] INFO  o.s.o.j.p.SpringPersistenceUnitInfo [] - No LoadTimeWeaver setup: ignoring JPA class transformer
2025-11-18 16:46:50 [restartedMain] INFO  com.zaxxer.hikari.HikariDataSource [] - HikariPool-1 - Starting...
2025-11-18 16:46:51 [restartedMain] INFO  com.zaxxer.hikari.pool.HikariPool [] - HikariPool-1 - Added connection com.mysql.cj.jdbc.ConnectionImpl@7480d95e
2025-11-18 16:46:51 [restartedMain] INFO  com.zaxxer.hikari.HikariDataSource [] - HikariPool-1 - Start completed.
2025-11-18 16:46:51 [restartedMain] WARN  org.hibernate.orm.deprecation [] - HHH90000025: MySQL8Dialect does not need to be specified explicitly using 'hibernate.dialect' (remove the property setting and it will be selected by default)
2025-11-18 16:46:51 [restartedMain] WARN  org.hibernate.orm.deprecation [] - HHH90000026: MySQL8Dialect has been deprecated; use org.hibernate.dialect.MySQLDialect instead
2025-11-18 16:46:51 [restartedMain] INFO  o.hibernate.orm.connections.pooling [] - HHH10001005: Database info:
	Database JDBC URL [Connecting through datasource 'HikariDataSource (HikariPool-1)']
	Database driver: undefined/unknown
	Database version: 8.0
	Autocommit mode: undefined/unknown
	Isolation level: undefined/unknown
	Minimum pool size: undefined/unknown
	Maximum pool size: undefined/unknown
2025-11-18 16:46:51 [restartedMain] DEBUG o.h.t.d.sql.spi.DdlTypeRegistry [] - addDescriptor(12, org.hibernate.type.descriptor.sql.internal.CapacityDependentDdlType@16af0cc1) replaced previous registration(org.hibernate.type.descriptor.sql.internal.CapacityDependentDdlType@737b5452)
2025-11-18 16:46:51 [restartedMain] DEBUG o.h.t.d.sql.spi.DdlTypeRegistry [] - addDescriptor(-9, org.hibernate.type.descriptor.sql.internal.CapacityDependentDdlType@5c9cef6b) replaced previous registration(org.hibernate.type.descriptor.sql.internal.CapacityDependentDdlType@19c01bd)
2025-11-18 16:46:51 [restartedMain] DEBUG o.h.t.d.sql.spi.DdlTypeRegistry [] - addDescriptor(-3, org.hibernate.type.descriptor.sql.internal.CapacityDependentDdlType@6f3bcc4b) replaced previous registration(org.hibernate.type.descriptor.sql.internal.CapacityDependentDdlType@464bdc3a)
2025-11-18 16:46:51 [restartedMain] DEBUG o.h.t.d.sql.spi.DdlTypeRegistry [] - addDescriptor(4003, org.hibernate.type.descriptor.sql.internal.DdlTypeImpl@7d97942f) replaced previous registration(org.hibernate.type.descriptor.sql.internal.DdlTypeImpl@1ce7f3c9)
2025-11-18 16:46:51 [restartedMain] DEBUG o.h.t.d.sql.spi.DdlTypeRegistry [] - addDescriptor(4001, org.hibernate.type.descriptor.sql.internal.DdlTypeImpl@2d0f3d8a) replaced previous registration(org.hibernate.type.descriptor.sql.internal.DdlTypeImpl@353d8e1d)
2025-11-18 16:46:51 [restartedMain] DEBUG o.h.t.d.sql.spi.DdlTypeRegistry [] - addDescriptor(4002, org.hibernate.type.descriptor.sql.internal.DdlTypeImpl@744a5279) replaced previous registration(org.hibernate.type.descriptor.sql.internal.DdlTypeImpl@57109e82)
2025-11-18 16:46:51 [restartedMain] DEBUG o.h.t.d.sql.spi.DdlTypeRegistry [] - addDescriptor(2004, org.hibernate.type.descriptor.sql.internal.CapacityDependentDdlType@3271a87) replaced previous registration(org.hibernate.type.descriptor.sql.internal.DdlTypeImpl@5ab32198)
2025-11-18 16:46:51 [restartedMain] DEBUG o.h.t.d.sql.spi.DdlTypeRegistry [] - addDescriptor(2005, org.hibernate.type.descriptor.sql.internal.CapacityDependentDdlType@7c4c692d) replaced previous registration(org.hibernate.type.descriptor.sql.internal.DdlTypeImpl@2f7b0ca8)
2025-11-18 16:46:51 [restartedMain] DEBUG o.h.t.d.sql.spi.DdlTypeRegistry [] - addDescriptor(2011, org.hibernate.type.descriptor.sql.internal.CapacityDependentDdlType@1433c8e2) replaced previous registration(org.hibernate.type.descriptor.sql.internal.DdlTypeImpl@574f941d)
2025-11-18 16:46:53 [restartedMain] INFO  o.h.e.t.j.p.i.JtaPlatformInitiator [] - HHH000489: No JTA platform available (set 'hibernate.transaction.jta.platform' to enable JTA platform integration)
2025-11-18 16:46:53 [restartedMain] INFO  o.s.o.j.LocalContainerEntityManagerFactoryBean [] - Initialized JPA EntityManagerFactory for persistence unit 'default'
2025-11-18 16:46:54 [restartedMain] WARN  o.s.b.a.o.j.JpaBaseConfiguration$JpaWebConfiguration [] - spring.jpa.open-in-view is enabled by default. Therefore, database queries may be performed during view rendering. Explicitly configure spring.jpa.open-in-view to disable this warning
2025-11-18 16:46:55 [restartedMain] INFO  o.s.v.b.OptionalValidatorFactoryBean [] - Failed to set up a Bean Validation provider: jakarta.validation.NoProviderFoundException: Unable to create a Configuration, because no Jakarta Bean Validation provider could be found. Add a provider like Hibernate Validator (RI) to your classpath.
2025-11-18 16:46:56 [restartedMain] INFO  o.s.b.d.a.OptionalLiveReloadServer [] - LiveReload server is running on port 35729
2025-11-18 16:46:56 [restartedMain] INFO  o.a.coyote.http11.Http11NioProtocol [] - Starting ProtocolHandler ["http-nio-9001"]
2025-11-18 16:46:56 [restartedMain] INFO  o.s.b.w.e.tomcat.TomcatWebServer [] - Tomcat started on port 9001 (http) with context path '/'
2025-11-18 16:46:56 [restartedMain] INFO  c.u.U.UsersMicroserviceApplication [] - Started UsersMicroserviceApplication in 17.395 seconds (process running for 18.64)
2025-11-18 16:47:03 [http-nio-9001-exec-2] INFO  o.a.c.c.C.[Tomcat].[localhost].[/] [] - Initializing Spring DispatcherServlet 'dispatcherServlet'
2025-11-18 16:47:03 [http-nio-9001-exec-2] TRACE c.u.U.controllers.UserController [] - POST /user/register email: null
2025-11-18 16:47:03 [http-nio-9001-exec-2] TRACE c.u.U.service.UserEntityService [] - UserEntityService - createUser - Entrando en método
2025-11-18 16:47:03 [http-nio-9001-exec-2] TRACE c.u.U.service.UserEntityService [] - UserEntityService - createUser - Entrando en if ...
2025-11-18 16:47:04 [http-nio-9001-exec-2] DEBUG org.hibernate.SQL [] - insert into users (birthday,created_at,email,fullname,gender,last_password_change_at,password,profile_image,username,id) values (?,?,?,?,?,?,?,?,?,?)
2025-11-18 16:47:04 [http-nio-9001-exec-2] DEBUG org.hibernate.SQL [] - insert into user_entity_roles (user_entity_id,roles) values (?,?)
2025-11-18 16:47:04 [http-nio-9001-exec-2] INFO  c.u.U.service.UserEntityService [] - USER SAVED with id c5e98129-5fec-4f45-83c2-b6f67640e261
2025-11-18 16:47:04 [http-nio-9001-exec-2] INFO  javamelody [] - remoteAddr = 0:0:0:0:0:0:0:1, request = /user/register?new POST: 472 ms, 0 Kb
2025-11-18 16:47:58 [http-nio-9001-exec-3] TRACE c.u.U.controllers.UserController [] - POST /user/register email: null
2025-11-18 16:47:58 [http-nio-9001-exec-3] TRACE c.u.U.service.UserEntityService [] - UserEntityService - createUser - Entrando en método
2025-11-18 16:47:58 [http-nio-9001-exec-3] TRACE c.u.U.service.UserEntityService [] - UserEntityService - createUser - Entrando en if ...
2025-11-18 16:47:58 [http-nio-9001-exec-3] WARN  c.u.U.service.UserEntityService [] - Data Integrity Violation Exception
2025-11-18 16:47:58 [http-nio-9001-exec-3] WARN  o.s.w.s.m.m.a.ExceptionHandlerExceptionResolver [] - Resolved [com.users.UsersMicroservice.exception.DataIntegrityException: Failed to save User in data base: Username probably already exists]
2025-11-18 16:47:58 [http-nio-9001-exec-3] INFO  javamelody [] - remoteAddr = 0:0:0:0:0:0:0:1, request = /user/register?new POST: 125 ms, error 400, 0 Kb
2025-11-18 16:48:39 [SpringApplicationShutdownHook] INFO  o.s.b.w.e.tomcat.GracefulShutdown [] - Commencing graceful shutdown. Waiting for active requests to complete
2025-11-18 16:48:39 [tomcat-shutdown] INFO  o.s.b.w.e.tomcat.GracefulShutdown [] - Graceful shutdown complete
2025-11-18 16:48:39 [SpringApplicationShutdownHook] INFO  o.s.o.j.LocalContainerEntityManagerFactoryBean [] - Closing JPA EntityManagerFactory for persistence unit 'default'
2025-11-18 16:48:39 [SpringApplicationShutdownHook] INFO  com.zaxxer.hikari.HikariDataSource [] - HikariPool-1 - Shutdown initiated...
2025-11-18 16:48:39 [SpringApplicationShutdownHook] INFO  com.zaxxer.hikari.HikariDataSource [] - HikariPool-1 - Shutdown completed.
2025-11-18 16:48:45 [restartedMain] INFO  c.u.U.UsersMicroserviceApplication [] - Starting UsersMicroserviceApplication using Java 17.0.1 with PID 12832 (D:\Documents\micro_backend\UsersMicroservice\target\classes started by rober in D:\Documents\micro_backend\UsersMicroservice)
2025-11-18 16:48:45 [restartedMain] DEBUG c.u.U.UsersMicroserviceApplication [] - Running with Spring Boot v3.5.5, Spring v6.2.10
2025-11-18 16:48:45 [restartedMain] INFO  c.u.U.UsersMicroserviceApplication [] - The following 1 profile is active: "local"
2025-11-18 16:48:45 [restartedMain] INFO  o.s.b.d.e.DevToolsPropertyDefaultsPostProcessor [] - Devtools property defaults active! Set 'spring.devtools.add-properties' to 'false' to disable
2025-11-18 16:48:45 [restartedMain] INFO  o.s.b.d.e.DevToolsPropertyDefaultsPostProcessor [] - For additional web related logging consider setting the 'logging.level.web' property to 'DEBUG'
2025-11-18 16:48:47 [restartedMain] INFO  o.s.d.r.c.RepositoryConfigurationDelegate [] - Multiple Spring Data modules found, entering strict repository configuration mode
2025-11-18 16:48:47 [restartedMain] INFO  o.s.d.r.c.RepositoryConfigurationDelegate [] - Bootstrapping Spring Data JDBC repositories in DEFAULT mode.
2025-11-18 16:48:47 [restartedMain] INFO  o.s.d.r.c.RepositoryConfigurationExtensionSupport [] - Spring Data JDBC - Could not safely identify store assignment for repository candidate interface com.users.UsersMicroservice.repositories.BookListRepository; If you want this repository to be a JDBC repository, consider annotating your entities with one of these annotations: org.springframework.data.relational.core.mapping.Table.
2025-11-18 16:48:47 [restartedMain] INFO  o.s.d.r.c.RepositoryConfigurationExtensionSupport [] - Spring Data JDBC - Could not safely identify store assignment for repository candidate interface com.users.UsersMicroservice.repositories.UserEntityRepository; If you want this repository to be a JDBC repository, consider annotating your entities with one of these annotations: org.springframework.data.relational.core.mapping.Table.
2025-11-18 16:48:47 [restartedMain] INFO  o.s.d.r.c.RepositoryConfigurationExtensionSupport [] - Spring Data JDBC - Could not safely identify store assignment for repository candidate interface com.users.UsersMicroservice.repositories.UserListRepository; If you want this repository to be a JDBC repository, consider annotating your entities with one of these annotations: org.springframework.data.relational.core.mapping.Table.
2025-11-18 16:48:47 [restartedMain] INFO  o.s.d.r.c.RepositoryConfigurationDelegate [] - Finished Spring Data repository scanning in 60 ms. Found 0 JDBC repository interfaces.
2025-11-18 16:48:47 [restartedMain] INFO  o.s.d.r.c.RepositoryConfigurationDelegate [] - Multiple Spring Data modules found, entering strict repository configuration mode
2025-11-18 16:48:47 [restartedMain] INFO  o.s.d.r.c.RepositoryConfigurationDelegate [] - Bootstrapping Spring Data JPA repositories in DEFAULT mode.
2025-11-18 16:48:47 [restartedMain] INFO  o.s.d.r.c.RepositoryConfigurationDelegate [] - Finished Spring Data repository scanning in 43 ms. Found 3 JPA repository interfaces.
2025-11-18 16:48:48 [restartedMain] WARN  o.s.c.s.PostProcessorRegistrationDelegate$BeanPostProcessorChecker [] - Bean 'net.bull.javamelody.JavaMelodyAutoConfiguration' of type [net.bull.javamelody.JavaMelodyAutoConfiguration$$SpringCGLIB$$0] is not eligible for getting processed by all BeanPostProcessors (for example: not eligible for auto-proxying). The currently created BeanPostProcessor [monitoringDataSourceBeanPostProcessor] is declared through a non-static factory method on that class; consider declaring it as static instead.
2025-11-18 16:48:48 [restartedMain] WARN  o.s.c.s.PostProcessorRegistrationDelegate$BeanPostProcessorChecker [] - Bean 'monitoringSpringAdvisor' of type [net.bull.javamelody.MonitoringSpringAdvisor] is not eligible for getting processed by all BeanPostProcessors (for example: not eligible for auto-proxying). Is this bean getting eagerly injected/applied to a currently created BeanPostProcessor [projectingArgumentResolverBeanPostProcessor]? Check the corresponding BeanPostProcessor declaration and its dependencies/advisors. If this bean does not have to be post-processed, declare it with ROLE_INFRASTRUCTURE.
2025-11-18 16:48:48 [restartedMain] WARN  o.s.c.s.PostProcessorRegistrationDelegate$BeanPostProcessorChecker [] - Bean 'monitoringSpringServiceAdvisor' of type [net.bull.javamelody.MonitoringSpringAdvisor] is not eligible for getting processed by all BeanPostProcessors (for example: not eligible for auto-proxying). Is this bean getting eagerly injected/applied to a currently created BeanPostProcessor [projectingArgumentResolverBeanPostProcessor]? Check the corresponding BeanPostProcessor declaration and its dependencies/advisors. If this bean does not have to be post-processed, declare it with ROLE_INFRASTRUCTURE.
2025-11-18 16:48:48 [restartedMain] WARN  o.s.c.s.PostProcessorRegistrationDelegate$BeanPostProcessorChecker [] - Bean 'monitoringSpringControllerAdvisor' of type [net.bull.javamelody.MonitoringSpringAdvisor] is not eligible for getting processed by all BeanPostProcessors (for example: not eligible for auto-proxying). Is this bean getting eagerly injected/applied to a currently created BeanPostProcessor [projectingArgumentResolverBeanPostProcessor]? Check the corresponding BeanPostProcessor declaration and its dependencies/advisors. If this bean does not have to be post-processed, declare it with ROLE_INFRASTRUCTURE.
2025-11-18 16:48:48 [restartedMain] WARN  o.s.c.s.PostProcessorRegistrationDelegate$BeanPostProcessorChecker [] - Bean 'monitoringSpringRestControllerAdvisor' of type [net.bull.javamelody.MonitoringSpringAdvisor] is not eligible for getting processed by all BeanPostProcessors (for example: not eligible for auto-proxying). Is this bean getting eagerly injected/applied to a currently created BeanPostProcessor [projectingArgumentResolverBeanPostProcessor]? Check the corresponding BeanPostProcessor declaration and its dependencies/advisors. If this bean does not have to be post-processed, declare it with ROLE_INFRASTRUCTURE.
2025-11-18 16:48:48 [restartedMain] WARN  o.s.c.s.PostProcessorRegistrationDelegate$BeanPostProcessorChecker [] - Bean 'monitoringSpringAsyncAdvisor' of type [net.bull.javamelody.MonitoringSpringAdvisor] is not eligible for getting processed by all BeanPostProcessors (for example: not eligible for auto-proxying). Is this bean getting eagerly injected/applied to a currently created BeanPostProcessor [projectingArgumentResolverBeanPostProcessor]? Check the corresponding BeanPostProcessor declaration and its dependencies/advisors. If this bean does not have to be post-processed, declare it with ROLE_INFRASTRUCTURE.
2025-11-18 16:48:48 [restartedMain] WARN  o.s.c.s.PostProcessorRegistrationDelegate$BeanPostProcessorChecker [] - Bean 'monitoringSpringScheduledAdvisor' of type [net.bull.javamelody.MonitoringSpringAdvisor] is not eligible for getting processed by all BeanPostProcessors (for example: not eligible for auto-proxying). Is this bean getting eagerly injected/applied to a currently created BeanPostProcessor [projectingArgumentResolverBeanPostProcessor]? Check the corresponding BeanPostProcessor declaration and its dependencies/advisors. If this bean does not have to be post-processed, declare it with ROLE_INFRASTRUCTURE.
2025-11-18 16:48:49 [restartedMain] INFO  o.s.b.w.e.tomcat.TomcatWebServer [] - Tomcat initialized with port 9001 (http)
2025-11-18 16:48:49 [restartedMain] INFO  o.a.coyote.http11.Http11NioProtocol [] - Initializing ProtocolHandler ["http-nio-9001"]
2025-11-18 16:48:49 [restartedMain] INFO  o.a.catalina.core.StandardService [] - Starting service [Tomcat]
2025-11-18 16:48:49 [restartedMain] INFO  o.a.catalina.core.StandardEngine [] - Starting Servlet engine: [Apache Tomcat/10.1.44]
2025-11-18 16:48:49 [restartedMain] INFO  o.a.c.c.C.[Tomcat].[localhost].[/] [] - Initializing Spring embedded WebApplicationContext
2025-11-18 16:48:49 [restartedMain] INFO  o.s.b.w.s.c.ServletWebServerApplicationContext [] - Root WebApplicationContext: initialization completed in 3293 ms
2025-11-18 16:48:50 [restartedMain] DEBUG c.u.U.security.JwtRequestFilter [] - Filter 'jwtRequestFilter' configured for use
2025-11-18 16:48:50 [restartedMain] DEBUG c.u.U.security.ApiFilter [] - Filter 'apiFilter' configured for use
2025-11-18 16:48:50 [restartedMain] INFO  o.h.jpa.internal.util.LogHelper [] - HHH000204: Processing PersistenceUnitInfo [name: default]
2025-11-18 16:48:50 [restartedMain] INFO  org.hibernate.Version [] - HHH000412: Hibernate ORM core version 6.6.26.Final
2025-11-18 16:48:50 [restartedMain] INFO  o.h.c.i.RegionFactoryInitiator [] - HHH000026: Second-level cache disabled
2025-11-18 16:48:51 [restartedMain] INFO  o.s.o.j.p.SpringPersistenceUnitInfo [] - No LoadTimeWeaver setup: ignoring JPA class transformer
2025-11-18 16:48:51 [restartedMain] INFO  com.zaxxer.hikari.HikariDataSource [] - HikariPool-1 - Starting...
2025-11-18 16:48:51 [restartedMain] INFO  com.zaxxer.hikari.pool.HikariPool [] - HikariPool-1 - Added connection com.mysql.cj.jdbc.ConnectionImpl@6d59e1fa
2025-11-18 16:48:51 [restartedMain] INFO  com.zaxxer.hikari.HikariDataSource [] - HikariPool-1 - Start completed.
2025-11-18 16:48:52 [restartedMain] WARN  org.hibernate.orm.deprecation [] - HHH90000025: MySQL8Dialect does not need to be specified explicitly using 'hibernate.dialect' (remove the property setting and it will be selected by default)
2025-11-18 16:48:52 [restartedMain] WARN  org.hibernate.orm.deprecation [] - HHH90000026: MySQL8Dialect has been deprecated; use org.hibernate.dialect.MySQLDialect instead
2025-11-18 16:48:52 [restartedMain] INFO  o.hibernate.orm.connections.pooling [] - HHH10001005: Database info:
	Database JDBC URL [Connecting through datasource 'HikariDataSource (HikariPool-1)']
	Database driver: undefined/unknown
	Database version: 8.0
	Autocommit mode: undefined/unknown
	Isolation level: undefined/unknown
	Minimum pool size: undefined/unknown
	Maximum pool size: undefined/unknown
2025-11-18 16:48:52 [restartedMain] DEBUG o.h.t.d.sql.spi.DdlTypeRegistry [] - addDescriptor(12, org.hibernate.type.descriptor.sql.internal.CapacityDependentDdlType@1cca66fd) replaced previous registration(org.hibernate.type.descriptor.sql.internal.CapacityDependentDdlType@170b0c24)
2025-11-18 16:48:52 [restartedMain] DEBUG o.h.t.d.sql.spi.DdlTypeRegistry [] - addDescriptor(-9, org.hibernate.type.descriptor.sql.internal.CapacityDependentDdlType@5fa204d5) replaced previous registration(org.hibernate.type.descriptor.sql.internal.CapacityDependentDdlType@5b7bf29b)
2025-11-18 16:48:52 [restartedMain] DEBUG o.h.t.d.sql.spi.DdlTypeRegistry [] - addDescriptor(-3, org.hibernate.type.descriptor.sql.internal.CapacityDependentDdlType@14499a87) replaced previous registration(org.hibernate.type.descriptor.sql.internal.CapacityDependentDdlType@5b6cde06)
2025-11-18 16:48:52 [restartedMain] DEBUG o.h.t.d.sql.spi.DdlTypeRegistry [] - addDescriptor(4003, org.hibernate.type.descriptor.sql.internal.DdlTypeImpl@1427fd12) replaced previous registration(org.hibernate.type.descriptor.sql.internal.DdlTypeImpl@10cc2a27)
2025-11-18 16:48:52 [restartedMain] DEBUG o.h.t.d.sql.spi.DdlTypeRegistry [] - addDescriptor(4001, org.hibernate.type.descriptor.sql.internal.DdlTypeImpl@4809071b) replaced previous registration(org.hibernate.type.descriptor.sql.internal.DdlTypeImpl@75a86cf2)
2025-11-18 16:48:52 [restartedMain] DEBUG o.h.t.d.sql.spi.DdlTypeRegistry [] - addDescriptor(4002, org.hibernate.type.descriptor.sql.internal.DdlTypeImpl@5eccd038) replaced previous registration(org.hibernate.type.descriptor.sql.internal.DdlTypeImpl@2fa054d4)
2025-11-18 16:48:52 [restartedMain] DEBUG o.h.t.d.sql.spi.DdlTypeRegistry [] - addDescriptor(2004, org.hibernate.type.descriptor.sql.internal.CapacityDependentDdlType@2f11afe4) replaced previous registration(org.hibernate.type.descriptor.sql.internal.DdlTypeImpl@19689908)
2025-11-18 16:48:52 [restartedMain] DEBUG o.h.t.d.sql.spi.DdlTypeRegistry [] - addDescriptor(2005, org.hibernate.type.descriptor.sql.internal.CapacityDependentDdlType@211dd70d) replaced previous registration(org.hibernate.type.descriptor.sql.internal.DdlTypeImpl@cb6310e)
2025-11-18 16:48:52 [restartedMain] DEBUG o.h.t.d.sql.spi.DdlTypeRegistry [] - addDescriptor(2011, org.hibernate.type.descriptor.sql.internal.CapacityDependentDdlType@2e7ad1f3) replaced previous registration(org.hibernate.type.descriptor.sql.internal.DdlTypeImpl@7307bded)
2025-11-18 16:48:53 [restartedMain] INFO  o.h.e.t.j.p.i.JtaPlatformInitiator [] - HHH000489: No JTA platform available (set 'hibernate.transaction.jta.platform' to enable JTA platform integration)
2025-11-18 16:48:53 [restartedMain] INFO  o.s.o.j.LocalContainerEntityManagerFactoryBean [] - Initialized JPA EntityManagerFactory for persistence unit 'default'
2025-11-18 16:48:54 [restartedMain] WARN  o.s.b.a.o.j.JpaBaseConfiguration$JpaWebConfiguration [] - spring.jpa.open-in-view is enabled by default. Therefore, database queries may be performed during view rendering. Explicitly configure spring.jpa.open-in-view to disable this warning
2025-11-18 16:48:55 [restartedMain] INFO  o.s.v.b.OptionalValidatorFactoryBean [] - Failed to set up a Bean Validation provider: jakarta.validation.NoProviderFoundException: Unable to create a Configuration, because no Jakarta Bean Validation provider could be found. Add a provider like Hibernate Validator (RI) to your classpath.
2025-11-18 16:48:55 [restartedMain] INFO  o.s.b.d.a.OptionalLiveReloadServer [] - LiveReload server is running on port 35729
2025-11-18 16:48:55 [restartedMain] INFO  o.a.coyote.http11.Http11NioProtocol [] - Starting ProtocolHandler ["http-nio-9001"]
2025-11-18 16:48:55 [restartedMain] INFO  o.s.b.w.e.tomcat.TomcatWebServer [] - Tomcat started on port 9001 (http) with context path '/'
2025-11-18 16:48:55 [restartedMain] INFO  c.u.U.UsersMicroserviceApplication [] - Started UsersMicroserviceApplication in 10.597 seconds (process running for 11.288)
2025-11-18 16:49:11 [http-nio-9001-exec-3] INFO  o.a.c.c.C.[Tomcat].[localhost].[/] [] - Initializing Spring DispatcherServlet 'dispatcherServlet'
2025-11-18 16:49:11 [http-nio-9001-exec-3] TRACE c.u.U.controllers.UserController [] - POST /user/register email: null
2025-11-18 16:49:11 [http-nio-9001-exec-3] TRACE c.u.U.service.UserEntityService [] - UserEntityService - createUser - Entrando en método
2025-11-18 16:49:11 [http-nio-9001-exec-3] TRACE c.u.U.service.UserEntityService [] - UserEntityService - createUser - Entrando en if ...
2025-11-18 16:49:12 [http-nio-9001-exec-3] WARN  c.u.U.service.UserEntityService [] - Data Integrity Violation Exception
2025-11-18 16:49:12 [http-nio-9001-exec-3] WARN  o.s.w.s.m.m.a.ExceptionHandlerExceptionResolver [] - Resolved [com.users.UsersMicroservice.exception.DataIntegrityException: Failed to save User in data base: Username probably already exists]
2025-11-18 16:49:12 [http-nio-9001-exec-3] INFO  javamelody [] - remoteAddr = 0:0:0:0:0:0:0:1, request = /user/register?new POST: 627 ms, error 400, 0 Kb
2025-11-18 16:49:51 [http-nio-9001-exec-5] TRACE c.u.U.controllers.UserController [] - POST /user/register email: null
2025-11-18 16:49:51 [http-nio-9001-exec-5] TRACE c.u.U.service.UserEntityService [] - UserEntityService - createUser - Entrando en método
2025-11-18 16:49:51 [http-nio-9001-exec-5] TRACE c.u.U.service.UserEntityService [] - UserEntityService - createUser - Entrando en if ...
2025-11-18 16:49:51 [http-nio-9001-exec-5] WARN  c.u.U.service.UserEntityService [] - Data Integrity Violation Exception
2025-11-18 16:49:51 [http-nio-9001-exec-5] WARN  o.s.w.s.m.m.a.ExceptionHandlerExceptionResolver [] - Resolved [com.users.UsersMicroservice.exception.DataIntegrityException: Failed to save User in data base: Username probably already exists]
2025-11-18 16:49:51 [http-nio-9001-exec-5] INFO  javamelody [] - remoteAddr = 0:0:0:0:0:0:0:1, request = /user/register?new POST: 114 ms, error 400, 0 Kb
2025-11-18 16:49:59 [SpringApplicationShutdownHook] INFO  o.s.b.w.e.tomcat.GracefulShutdown [] - Commencing graceful shutdown. Waiting for active requests to complete
2025-11-18 16:49:59 [tomcat-shutdown] INFO  o.s.b.w.e.tomcat.GracefulShutdown [] - Graceful shutdown complete
2025-11-18 16:49:59 [SpringApplicationShutdownHook] INFO  o.s.o.j.LocalContainerEntityManagerFactoryBean [] - Closing JPA EntityManagerFactory for persistence unit 'default'
2025-11-18 16:49:59 [SpringApplicationShutdownHook] INFO  com.zaxxer.hikari.HikariDataSource [] - HikariPool-1 - Shutdown initiated...
2025-11-18 16:49:59 [SpringApplicationShutdownHook] INFO  com.zaxxer.hikari.HikariDataSource [] - HikariPool-1 - Shutdown completed.
2025-11-18 16:51:44 [restartedMain] INFO  c.u.U.UsersMicroserviceApplication [] - Starting UsersMicroserviceApplication using Java 17.0.1 with PID 24952 (D:\Documents\micro_backend\UsersMicroservice\target\classes started by rober in D:\Documents\micro_backend\UsersMicroservice)
2025-11-18 16:51:44 [restartedMain] DEBUG c.u.U.UsersMicroserviceApplication [] - Running with Spring Boot v3.5.5, Spring v6.2.10
2025-11-18 16:51:44 [restartedMain] INFO  c.u.U.UsersMicroserviceApplication [] - The following 1 profile is active: "local"
2025-11-18 16:51:44 [restartedMain] INFO  o.s.b.d.e.DevToolsPropertyDefaultsPostProcessor [] - Devtools property defaults active! Set 'spring.devtools.add-properties' to 'false' to disable
2025-11-18 16:51:44 [restartedMain] INFO  o.s.b.d.e.DevToolsPropertyDefaultsPostProcessor [] - For additional web related logging consider setting the 'logging.level.web' property to 'DEBUG'
2025-11-18 16:51:46 [restartedMain] INFO  o.s.d.r.c.RepositoryConfigurationDelegate [] - Multiple Spring Data modules found, entering strict repository configuration mode
2025-11-18 16:51:46 [restartedMain] INFO  o.s.d.r.c.RepositoryConfigurationDelegate [] - Bootstrapping Spring Data JDBC repositories in DEFAULT mode.
2025-11-18 16:51:46 [restartedMain] INFO  o.s.d.r.c.RepositoryConfigurationExtensionSupport [] - Spring Data JDBC - Could not safely identify store assignment for repository candidate interface com.users.UsersMicroservice.repositories.BookListRepository; If you want this repository to be a JDBC repository, consider annotating your entities with one of these annotations: org.springframework.data.relational.core.mapping.Table.
2025-11-18 16:51:46 [restartedMain] INFO  o.s.d.r.c.RepositoryConfigurationExtensionSupport [] - Spring Data JDBC - Could not safely identify store assignment for repository candidate interface com.users.UsersMicroservice.repositories.UserEntityRepository; If you want this repository to be a JDBC repository, consider annotating your entities with one of these annotations: org.springframework.data.relational.core.mapping.Table.
2025-11-18 16:51:46 [restartedMain] INFO  o.s.d.r.c.RepositoryConfigurationExtensionSupport [] - Spring Data JDBC - Could not safely identify store assignment for repository candidate interface com.users.UsersMicroservice.repositories.UserListRepository; If you want this repository to be a JDBC repository, consider annotating your entities with one of these annotations: org.springframework.data.relational.core.mapping.Table.
2025-11-18 16:51:46 [restartedMain] INFO  o.s.d.r.c.RepositoryConfigurationDelegate [] - Finished Spring Data repository scanning in 81 ms. Found 0 JDBC repository interfaces.
2025-11-18 16:51:46 [restartedMain] INFO  o.s.d.r.c.RepositoryConfigurationDelegate [] - Multiple Spring Data modules found, entering strict repository configuration mode
2025-11-18 16:51:46 [restartedMain] INFO  o.s.d.r.c.RepositoryConfigurationDelegate [] - Bootstrapping Spring Data JPA repositories in DEFAULT mode.
2025-11-18 16:51:46 [restartedMain] INFO  o.s.d.r.c.RepositoryConfigurationDelegate [] - Finished Spring Data repository scanning in 57 ms. Found 3 JPA repository interfaces.
2025-11-18 16:51:46 [restartedMain] WARN  o.s.c.s.PostProcessorRegistrationDelegate$BeanPostProcessorChecker [] - Bean 'net.bull.javamelody.JavaMelodyAutoConfiguration' of type [net.bull.javamelody.JavaMelodyAutoConfiguration$$SpringCGLIB$$0] is not eligible for getting processed by all BeanPostProcessors (for example: not eligible for auto-proxying). The currently created BeanPostProcessor [monitoringDataSourceBeanPostProcessor] is declared through a non-static factory method on that class; consider declaring it as static instead.
2025-11-18 16:51:47 [restartedMain] WARN  o.s.c.s.PostProcessorRegistrationDelegate$BeanPostProcessorChecker [] - Bean 'monitoringSpringAdvisor' of type [net.bull.javamelody.MonitoringSpringAdvisor] is not eligible for getting processed by all BeanPostProcessors (for example: not eligible for auto-proxying). Is this bean getting eagerly injected/applied to a currently created BeanPostProcessor [projectingArgumentResolverBeanPostProcessor]? Check the corresponding BeanPostProcessor declaration and its dependencies/advisors. If this bean does not have to be post-processed, declare it with ROLE_INFRASTRUCTURE.
2025-11-18 16:51:47 [restartedMain] WARN  o.s.c.s.PostProcessorRegistrationDelegate$BeanPostProcessorChecker [] - Bean 'monitoringSpringServiceAdvisor' of type [net.bull.javamelody.MonitoringSpringAdvisor] is not eligible for getting processed by all BeanPostProcessors (for example: not eligible for auto-proxying). Is this bean getting eagerly injected/applied to a currently created BeanPostProcessor [projectingArgumentResolverBeanPostProcessor]? Check the corresponding BeanPostProcessor declaration and its dependencies/advisors. If this bean does not have to be post-processed, declare it with ROLE_INFRASTRUCTURE.
2025-11-18 16:51:47 [restartedMain] WARN  o.s.c.s.PostProcessorRegistrationDelegate$BeanPostProcessorChecker [] - Bean 'monitoringSpringControllerAdvisor' of type [net.bull.javamelody.MonitoringSpringAdvisor] is not eligible for getting processed by all BeanPostProcessors (for example: not eligible for auto-proxying). Is this bean getting eagerly injected/applied to a currently created BeanPostProcessor [projectingArgumentResolverBeanPostProcessor]? Check the corresponding BeanPostProcessor declaration and its dependencies/advisors. If this bean does not have to be post-processed, declare it with ROLE_INFRASTRUCTURE.
2025-11-18 16:51:47 [restartedMain] WARN  o.s.c.s.PostProcessorRegistrationDelegate$BeanPostProcessorChecker [] - Bean 'monitoringSpringRestControllerAdvisor' of type [net.bull.javamelody.MonitoringSpringAdvisor] is not eligible for getting processed by all BeanPostProcessors (for example: not eligible for auto-proxying). Is this bean getting eagerly injected/applied to a currently created BeanPostProcessor [projectingArgumentResolverBeanPostProcessor]? Check the corresponding BeanPostProcessor declaration and its dependencies/advisors. If this bean does not have to be post-processed, declare it with ROLE_INFRASTRUCTURE.
2025-11-18 16:51:47 [restartedMain] WARN  o.s.c.s.PostProcessorRegistrationDelegate$BeanPostProcessorChecker [] - Bean 'monitoringSpringAsyncAdvisor' of type [net.bull.javamelody.MonitoringSpringAdvisor] is not eligible for getting processed by all BeanPostProcessors (for example: not eligible for auto-proxying). Is this bean getting eagerly injected/applied to a currently created BeanPostProcessor [projectingArgumentResolverBeanPostProcessor]? Check the corresponding BeanPostProcessor declaration and its dependencies/advisors. If this bean does not have to be post-processed, declare it with ROLE_INFRASTRUCTURE.
2025-11-18 16:51:47 [restartedMain] WARN  o.s.c.s.PostProcessorRegistrationDelegate$BeanPostProcessorChecker [] - Bean 'monitoringSpringScheduledAdvisor' of type [net.bull.javamelody.MonitoringSpringAdvisor] is not eligible for getting processed by all BeanPostProcessors (for example: not eligible for auto-proxying). Is this bean getting eagerly injected/applied to a currently created BeanPostProcessor [projectingArgumentResolverBeanPostProcessor]? Check the corresponding BeanPostProcessor declaration and its dependencies/advisors. If this bean does not have to be post-processed, declare it with ROLE_INFRASTRUCTURE.
2025-11-18 16:51:48 [restartedMain] INFO  o.s.b.w.e.tomcat.TomcatWebServer [] - Tomcat initialized with port 9001 (http)
2025-11-18 16:51:48 [restartedMain] INFO  o.a.coyote.http11.Http11NioProtocol [] - Initializing ProtocolHandler ["http-nio-9001"]
2025-11-18 16:51:48 [restartedMain] INFO  o.a.catalina.core.StandardService [] - Starting service [Tomcat]
2025-11-18 16:51:48 [restartedMain] INFO  o.a.catalina.core.StandardEngine [] - Starting Servlet engine: [Apache Tomcat/10.1.44]
2025-11-18 16:51:48 [restartedMain] INFO  o.a.c.c.C.[Tomcat].[localhost].[/] [] - Initializing Spring embedded WebApplicationContext
2025-11-18 16:51:48 [restartedMain] INFO  o.s.b.w.s.c.ServletWebServerApplicationContext [] - Root WebApplicationContext: initialization completed in 3904 ms
2025-11-18 16:51:49 [restartedMain] DEBUG c.u.U.security.JwtRequestFilter [] - Filter 'jwtRequestFilter' configured for use
2025-11-18 16:51:49 [restartedMain] DEBUG c.u.U.security.ApiFilter [] - Filter 'apiFilter' configured for use
2025-11-18 16:51:49 [restartedMain] INFO  o.h.jpa.internal.util.LogHelper [] - HHH000204: Processing PersistenceUnitInfo [name: default]
2025-11-18 16:51:49 [restartedMain] INFO  org.hibernate.Version [] - HHH000412: Hibernate ORM core version 6.6.26.Final
2025-11-18 16:51:49 [restartedMain] INFO  o.h.c.i.RegionFactoryInitiator [] - HHH000026: Second-level cache disabled
2025-11-18 16:51:50 [restartedMain] INFO  o.s.o.j.p.SpringPersistenceUnitInfo [] - No LoadTimeWeaver setup: ignoring JPA class transformer
2025-11-18 16:51:50 [restartedMain] INFO  com.zaxxer.hikari.HikariDataSource [] - HikariPool-1 - Starting...
2025-11-18 16:51:51 [restartedMain] INFO  com.zaxxer.hikari.pool.HikariPool [] - HikariPool-1 - Added connection com.mysql.cj.jdbc.ConnectionImpl@31115287
2025-11-18 16:51:51 [restartedMain] INFO  com.zaxxer.hikari.HikariDataSource [] - HikariPool-1 - Start completed.
2025-11-18 16:51:51 [restartedMain] WARN  org.hibernate.orm.deprecation [] - HHH90000025: MySQL8Dialect does not need to be specified explicitly using 'hibernate.dialect' (remove the property setting and it will be selected by default)
2025-11-18 16:51:51 [restartedMain] WARN  org.hibernate.orm.deprecation [] - HHH90000026: MySQL8Dialect has been deprecated; use org.hibernate.dialect.MySQLDialect instead
2025-11-18 16:51:51 [restartedMain] INFO  o.hibernate.orm.connections.pooling [] - HHH10001005: Database info:
	Database JDBC URL [Connecting through datasource 'HikariDataSource (HikariPool-1)']
	Database driver: undefined/unknown
	Database version: 8.0
	Autocommit mode: undefined/unknown
	Isolation level: undefined/unknown
	Minimum pool size: undefined/unknown
	Maximum pool size: undefined/unknown
2025-11-18 16:51:51 [restartedMain] DEBUG o.h.t.d.sql.spi.DdlTypeRegistry [] - addDescriptor(12, org.hibernate.type.descriptor.sql.internal.CapacityDependentDdlType@734c5f99) replaced previous registration(org.hibernate.type.descriptor.sql.internal.CapacityDependentDdlType@6e6f5021)
2025-11-18 16:51:51 [restartedMain] DEBUG o.h.t.d.sql.spi.DdlTypeRegistry [] - addDescriptor(-9, org.hibernate.type.descriptor.sql.internal.CapacityDependentDdlType@d5b7668) replaced previous registration(org.hibernate.type.descriptor.sql.internal.CapacityDependentDdlType@2b183a91)
2025-11-18 16:51:51 [restartedMain] DEBUG o.h.t.d.sql.spi.DdlTypeRegistry [] - addDescriptor(-3, org.hibernate.type.descriptor.sql.internal.CapacityDependentDdlType@3a3918fc) replaced previous registration(org.hibernate.type.descriptor.sql.internal.CapacityDependentDdlType@2ec3b9c2)
2025-11-18 16:51:51 [restartedMain] DEBUG o.h.t.d.sql.spi.DdlTypeRegistry [] - addDescriptor(4003, org.hibernate.type.descriptor.sql.internal.DdlTypeImpl@78fd7244) replaced previous registration(org.hibernate.type.descriptor.sql.internal.DdlTypeImpl@12db0378)
2025-11-18 16:51:51 [restartedMain] DEBUG o.h.t.d.sql.spi.DdlTypeRegistry [] - addDescriptor(4001, org.hibernate.type.descriptor.sql.internal.DdlTypeImpl@60571727) replaced previous registration(org.hibernate.type.descriptor.sql.internal.DdlTypeImpl@53e9af46)
2025-11-18 16:51:51 [restartedMain] DEBUG o.h.t.d.sql.spi.DdlTypeRegistry [] - addDescriptor(4002, org.hibernate.type.descriptor.sql.internal.DdlTypeImpl@4015982d) replaced previous registration(org.hibernate.type.descriptor.sql.internal.DdlTypeImpl@a9f8394)
2025-11-18 16:51:51 [restartedMain] DEBUG o.h.t.d.sql.spi.DdlTypeRegistry [] - addDescriptor(2004, org.hibernate.type.descriptor.sql.internal.CapacityDependentDdlType@522953cf) replaced previous registration(org.hibernate.type.descriptor.sql.internal.DdlTypeImpl@4ca44553)
2025-11-18 16:51:51 [restartedMain] DEBUG o.h.t.d.sql.spi.DdlTypeRegistry [] - addDescriptor(2005, org.hibernate.type.descriptor.sql.internal.CapacityDependentDdlType@201c781a) replaced previous registration(org.hibernate.type.descriptor.sql.internal.DdlTypeImpl@56e9ccae)
2025-11-18 16:51:51 [restartedMain] DEBUG o.h.t.d.sql.spi.DdlTypeRegistry [] - addDescriptor(2011, org.hibernate.type.descriptor.sql.internal.CapacityDependentDdlType@4ec64a97) replaced previous registration(org.hibernate.type.descriptor.sql.internal.DdlTypeImpl@20a610c1)
2025-11-18 16:51:53 [restartedMain] INFO  o.h.e.t.j.p.i.JtaPlatformInitiator [] - HHH000489: No JTA platform available (set 'hibernate.transaction.jta.platform' to enable JTA platform integration)
2025-11-18 16:51:53 [restartedMain] INFO  o.s.o.j.LocalContainerEntityManagerFactoryBean [] - Initialized JPA EntityManagerFactory for persistence unit 'default'
2025-11-18 16:51:54 [restartedMain] WARN  o.s.b.a.o.j.JpaBaseConfiguration$JpaWebConfiguration [] - spring.jpa.open-in-view is enabled by default. Therefore, database queries may be performed during view rendering. Explicitly configure spring.jpa.open-in-view to disable this warning
2025-11-18 16:51:55 [restartedMain] INFO  o.s.v.b.OptionalValidatorFactoryBean [] - Failed to set up a Bean Validation provider: jakarta.validation.NoProviderFoundException: Unable to create a Configuration, because no Jakarta Bean Validation provider could be found. Add a provider like Hibernate Validator (RI) to your classpath.
2025-11-18 16:51:55 [restartedMain] INFO  o.s.b.d.a.OptionalLiveReloadServer [] - LiveReload server is running on port 35729
2025-11-18 16:51:55 [restartedMain] INFO  o.a.coyote.http11.Http11NioProtocol [] - Starting ProtocolHandler ["http-nio-9001"]
2025-11-18 16:51:55 [restartedMain] INFO  o.s.b.w.e.tomcat.TomcatWebServer [] - Tomcat started on port 9001 (http) with context path '/'
2025-11-18 16:51:55 [restartedMain] INFO  c.u.U.UsersMicroserviceApplication [] - Started UsersMicroserviceApplication in 12.626 seconds (process running for 13.411)
2025-11-18 16:52:25 [http-nio-9001-exec-2] INFO  o.a.c.c.C.[Tomcat].[localhost].[/] [] - Initializing Spring DispatcherServlet 'dispatcherServlet'
2025-11-18 16:52:25 [http-nio-9001-exec-2] TRACE c.u.U.controllers.UserController [] - POST /user/register email: 
2025-11-18 16:52:25 [http-nio-9001-exec-2] TRACE c.u.U.service.UserEntityService [] - UserEntityService - createUser - Entrando en método
2025-11-18 16:52:25 [http-nio-9001-exec-2] TRACE c.u.U.service.UserEntityService [] - UserEntityService - createUser - Entrando en if ...
2025-11-18 16:52:25 [http-nio-9001-exec-2] DEBUG org.hibernate.SQL [] - insert into users (birthday,created_at,email,fullname,gender,last_password_change_at,password,profile_image,username,id) values (?,?,?,?,?,?,?,?,?,?)
2025-11-18 16:52:26 [http-nio-9001-exec-2] WARN  o.h.e.jdbc.spi.SqlExceptionHelper [] - SQL Error: 1062, SQLState: 23000
2025-11-18 16:52:26 [http-nio-9001-exec-2] ERROR o.h.e.jdbc.spi.SqlExceptionHelper [] - Duplicate entry '' for key 'users.UK6dotkott2kjsp8vw4d0m25fb7'
2025-11-18 16:52:26 [http-nio-9001-exec-2] WARN  c.u.U.service.UserEntityService [] - Data Integrity Violation Exception
2025-11-18 16:52:26 [http-nio-9001-exec-2] WARN  o.s.w.s.m.m.a.ExceptionHandlerExceptionResolver [] - Resolved [com.users.UsersMicroservice.exception.DataIntegrityException: Failed to save User in data base: Username probably already exists]
2025-11-18 16:52:26 [http-nio-9001-exec-2] INFO  javamelody [] - remoteAddr = 0:0:0:0:0:0:0:1, request = /user/register?new POST: 596 ms, error 400, 0 Kb
2025-11-18 16:53:18 [SpringApplicationShutdownHook] INFO  o.s.b.w.e.tomcat.GracefulShutdown [] - Commencing graceful shutdown. Waiting for active requests to complete
2025-11-18 16:53:18 [tomcat-shutdown] INFO  o.s.b.w.e.tomcat.GracefulShutdown [] - Graceful shutdown complete
2025-11-18 16:53:18 [SpringApplicationShutdownHook] INFO  o.s.o.j.LocalContainerEntityManagerFactoryBean [] - Closing JPA EntityManagerFactory for persistence unit 'default'
2025-11-18 16:53:18 [SpringApplicationShutdownHook] INFO  com.zaxxer.hikari.HikariDataSource [] - HikariPool-1 - Shutdown initiated...
2025-11-18 16:53:18 [SpringApplicationShutdownHook] INFO  com.zaxxer.hikari.HikariDataSource [] - HikariPool-1 - Shutdown completed.
2025-11-18 16:53:52 [restartedMain] INFO  c.u.U.UsersMicroserviceApplication [] - Starting UsersMicroserviceApplication using Java 17.0.1 with PID 28260 (D:\Documents\micro_backend\UsersMicroservice\target\classes started by rober in D:\Documents\micro_backend\UsersMicroservice)
2025-11-18 16:53:52 [restartedMain] DEBUG c.u.U.UsersMicroserviceApplication [] - Running with Spring Boot v3.5.5, Spring v6.2.10
2025-11-18 16:53:52 [restartedMain] INFO  c.u.U.UsersMicroserviceApplication [] - The following 1 profile is active: "local"
2025-11-18 16:53:52 [restartedMain] INFO  o.s.b.d.e.DevToolsPropertyDefaultsPostProcessor [] - Devtools property defaults active! Set 'spring.devtools.add-properties' to 'false' to disable
2025-11-18 16:53:52 [restartedMain] INFO  o.s.b.d.e.DevToolsPropertyDefaultsPostProcessor [] - For additional web related logging consider setting the 'logging.level.web' property to 'DEBUG'
2025-11-18 16:53:54 [restartedMain] INFO  o.s.d.r.c.RepositoryConfigurationDelegate [] - Multiple Spring Data modules found, entering strict repository configuration mode
2025-11-18 16:53:54 [restartedMain] INFO  o.s.d.r.c.RepositoryConfigurationDelegate [] - Bootstrapping Spring Data JDBC repositories in DEFAULT mode.
2025-11-18 16:53:55 [restartedMain] INFO  o.s.d.r.c.RepositoryConfigurationExtensionSupport [] - Spring Data JDBC - Could not safely identify store assignment for repository candidate interface com.users.UsersMicroservice.repositories.BookListRepository; If you want this repository to be a JDBC repository, consider annotating your entities with one of these annotations: org.springframework.data.relational.core.mapping.Table.
2025-11-18 16:53:55 [restartedMain] INFO  o.s.d.r.c.RepositoryConfigurationExtensionSupport [] - Spring Data JDBC - Could not safely identify store assignment for repository candidate interface com.users.UsersMicroservice.repositories.UserEntityRepository; If you want this repository to be a JDBC repository, consider annotating your entities with one of these annotations: org.springframework.data.relational.core.mapping.Table.
2025-11-18 16:53:55 [restartedMain] INFO  o.s.d.r.c.RepositoryConfigurationExtensionSupport [] - Spring Data JDBC - Could not safely identify store assignment for repository candidate interface com.users.UsersMicroservice.repositories.UserListRepository; If you want this repository to be a JDBC repository, consider annotating your entities with one of these annotations: org.springframework.data.relational.core.mapping.Table.
2025-11-18 16:53:55 [restartedMain] INFO  o.s.d.r.c.RepositoryConfigurationDelegate [] - Finished Spring Data repository scanning in 92 ms. Found 0 JDBC repository interfaces.
2025-11-18 16:53:55 [restartedMain] INFO  o.s.d.r.c.RepositoryConfigurationDelegate [] - Multiple Spring Data modules found, entering strict repository configuration mode
2025-11-18 16:53:55 [restartedMain] INFO  o.s.d.r.c.RepositoryConfigurationDelegate [] - Bootstrapping Spring Data JPA repositories in DEFAULT mode.
2025-11-18 16:53:55 [restartedMain] INFO  o.s.d.r.c.RepositoryConfigurationDelegate [] - Finished Spring Data repository scanning in 84 ms. Found 3 JPA repository interfaces.
2025-11-18 16:53:55 [restartedMain] WARN  o.s.c.s.PostProcessorRegistrationDelegate$BeanPostProcessorChecker [] - Bean 'net.bull.javamelody.JavaMelodyAutoConfiguration' of type [net.bull.javamelody.JavaMelodyAutoConfiguration$$SpringCGLIB$$0] is not eligible for getting processed by all BeanPostProcessors (for example: not eligible for auto-proxying). The currently created BeanPostProcessor [monitoringDataSourceBeanPostProcessor] is declared through a non-static factory method on that class; consider declaring it as static instead.
2025-11-18 16:53:56 [restartedMain] WARN  o.s.c.s.PostProcessorRegistrationDelegate$BeanPostProcessorChecker [] - Bean 'monitoringSpringAdvisor' of type [net.bull.javamelody.MonitoringSpringAdvisor] is not eligible for getting processed by all BeanPostProcessors (for example: not eligible for auto-proxying). Is this bean getting eagerly injected/applied to a currently created BeanPostProcessor [projectingArgumentResolverBeanPostProcessor]? Check the corresponding BeanPostProcessor declaration and its dependencies/advisors. If this bean does not have to be post-processed, declare it with ROLE_INFRASTRUCTURE.
2025-11-18 16:53:56 [restartedMain] WARN  o.s.c.s.PostProcessorRegistrationDelegate$BeanPostProcessorChecker [] - Bean 'monitoringSpringServiceAdvisor' of type [net.bull.javamelody.MonitoringSpringAdvisor] is not eligible for getting processed by all BeanPostProcessors (for example: not eligible for auto-proxying). Is this bean getting eagerly injected/applied to a currently created BeanPostProcessor [projectingArgumentResolverBeanPostProcessor]? Check the corresponding BeanPostProcessor declaration and its dependencies/advisors. If this bean does not have to be post-processed, declare it with ROLE_INFRASTRUCTURE.
2025-11-18 16:53:56 [restartedMain] WARN  o.s.c.s.PostProcessorRegistrationDelegate$BeanPostProcessorChecker [] - Bean 'monitoringSpringControllerAdvisor' of type [net.bull.javamelody.MonitoringSpringAdvisor] is not eligible for getting processed by all BeanPostProcessors (for example: not eligible for auto-proxying). Is this bean getting eagerly injected/applied to a currently created BeanPostProcessor [projectingArgumentResolverBeanPostProcessor]? Check the corresponding BeanPostProcessor declaration and its dependencies/advisors. If this bean does not have to be post-processed, declare it with ROLE_INFRASTRUCTURE.
2025-11-18 16:53:56 [restartedMain] WARN  o.s.c.s.PostProcessorRegistrationDelegate$BeanPostProcessorChecker [] - Bean 'monitoringSpringRestControllerAdvisor' of type [net.bull.javamelody.MonitoringSpringAdvisor] is not eligible for getting processed by all BeanPostProcessors (for example: not eligible for auto-proxying). Is this bean getting eagerly injected/applied to a currently created BeanPostProcessor [projectingArgumentResolverBeanPostProcessor]? Check the corresponding BeanPostProcessor declaration and its dependencies/advisors. If this bean does not have to be post-processed, declare it with ROLE_INFRASTRUCTURE.
2025-11-18 16:53:56 [restartedMain] WARN  o.s.c.s.PostProcessorRegistrationDelegate$BeanPostProcessorChecker [] - Bean 'monitoringSpringAsyncAdvisor' of type [net.bull.javamelody.MonitoringSpringAdvisor] is not eligible for getting processed by all BeanPostProcessors (for example: not eligible for auto-proxying). Is this bean getting eagerly injected/applied to a currently created BeanPostProcessor [projectingArgumentResolverBeanPostProcessor]? Check the corresponding BeanPostProcessor declaration and its dependencies/advisors. If this bean does not have to be post-processed, declare it with ROLE_INFRASTRUCTURE.
2025-11-18 16:53:56 [restartedMain] WARN  o.s.c.s.PostProcessorRegistrationDelegate$BeanPostProcessorChecker [] - Bean 'monitoringSpringScheduledAdvisor' of type [net.bull.javamelody.MonitoringSpringAdvisor] is not eligible for getting processed by all BeanPostProcessors (for example: not eligible for auto-proxying). Is this bean getting eagerly injected/applied to a currently created BeanPostProcessor [projectingArgumentResolverBeanPostProcessor]? Check the corresponding BeanPostProcessor declaration and its dependencies/advisors. If this bean does not have to be post-processed, declare it with ROLE_INFRASTRUCTURE.
2025-11-18 16:53:58 [restartedMain] INFO  o.s.b.w.e.tomcat.TomcatWebServer [] - Tomcat initialized with port 9001 (http)
2025-11-18 16:53:58 [restartedMain] INFO  o.a.coyote.http11.Http11NioProtocol [] - Initializing ProtocolHandler ["http-nio-9001"]
2025-11-18 16:53:58 [restartedMain] INFO  o.a.catalina.core.StandardService [] - Starting service [Tomcat]
2025-11-18 16:53:58 [restartedMain] INFO  o.a.catalina.core.StandardEngine [] - Starting Servlet engine: [Apache Tomcat/10.1.44]
2025-11-18 16:53:58 [restartedMain] INFO  o.a.c.c.C.[Tomcat].[localhost].[/] [] - Initializing Spring embedded WebApplicationContext
2025-11-18 16:53:58 [restartedMain] INFO  o.s.b.w.s.c.ServletWebServerApplicationContext [] - Root WebApplicationContext: initialization completed in 6011 ms
2025-11-18 16:54:01 [restartedMain] DEBUG c.u.U.security.JwtRequestFilter [] - Filter 'jwtRequestFilter' configured for use
2025-11-18 16:54:01 [restartedMain] DEBUG c.u.U.security.ApiFilter [] - Filter 'apiFilter' configured for use
2025-11-18 16:54:01 [restartedMain] INFO  o.h.jpa.internal.util.LogHelper [] - HHH000204: Processing PersistenceUnitInfo [name: default]
2025-11-18 16:54:01 [restartedMain] INFO  org.hibernate.Version [] - HHH000412: Hibernate ORM core version 6.6.26.Final
2025-11-18 16:54:01 [restartedMain] INFO  o.h.c.i.RegionFactoryInitiator [] - HHH000026: Second-level cache disabled
2025-11-18 16:54:02 [restartedMain] INFO  o.s.o.j.p.SpringPersistenceUnitInfo [] - No LoadTimeWeaver setup: ignoring JPA class transformer
2025-11-18 16:54:02 [restartedMain] INFO  com.zaxxer.hikari.HikariDataSource [] - HikariPool-1 - Starting...
2025-11-18 16:54:03 [restartedMain] INFO  com.zaxxer.hikari.pool.HikariPool [] - HikariPool-1 - Added connection com.mysql.cj.jdbc.ConnectionImpl@502714cd
2025-11-18 16:54:03 [restartedMain] INFO  com.zaxxer.hikari.HikariDataSource [] - HikariPool-1 - Start completed.
2025-11-18 16:54:03 [restartedMain] WARN  org.hibernate.orm.deprecation [] - HHH90000025: MySQL8Dialect does not need to be specified explicitly using 'hibernate.dialect' (remove the property setting and it will be selected by default)
2025-11-18 16:54:03 [restartedMain] WARN  org.hibernate.orm.deprecation [] - HHH90000026: MySQL8Dialect has been deprecated; use org.hibernate.dialect.MySQLDialect instead
2025-11-18 16:54:03 [restartedMain] INFO  o.hibernate.orm.connections.pooling [] - HHH10001005: Database info:
	Database JDBC URL [Connecting through datasource 'HikariDataSource (HikariPool-1)']
	Database driver: undefined/unknown
	Database version: 8.0
	Autocommit mode: undefined/unknown
	Isolation level: undefined/unknown
	Minimum pool size: undefined/unknown
	Maximum pool size: undefined/unknown
2025-11-18 16:54:03 [restartedMain] DEBUG o.h.t.d.sql.spi.DdlTypeRegistry [] - addDescriptor(12, org.hibernate.type.descriptor.sql.internal.CapacityDependentDdlType@22cdac97) replaced previous registration(org.hibernate.type.descriptor.sql.internal.CapacityDependentDdlType@59810973)
2025-11-18 16:54:03 [restartedMain] DEBUG o.h.t.d.sql.spi.DdlTypeRegistry [] - addDescriptor(-9, org.hibernate.type.descriptor.sql.internal.CapacityDependentDdlType@58767cdf) replaced previous registration(org.hibernate.type.descriptor.sql.internal.CapacityDependentDdlType@9a086b2)
2025-11-18 16:54:03 [restartedMain] DEBUG o.h.t.d.sql.spi.DdlTypeRegistry [] - addDescriptor(-3, org.hibernate.type.descriptor.sql.internal.CapacityDependentDdlType@46c63a05) replaced previous registration(org.hibernate.type.descriptor.sql.internal.CapacityDependentDdlType@17dd793f)
2025-11-18 16:54:03 [restartedMain] DEBUG o.h.t.d.sql.spi.DdlTypeRegistry [] - addDescriptor(4003, org.hibernate.type.descriptor.sql.internal.DdlTypeImpl@7c266f9f) replaced previous registration(org.hibernate.type.descriptor.sql.internal.DdlTypeImpl@71bee3bf)
2025-11-18 16:54:03 [restartedMain] DEBUG o.h.t.d.sql.spi.DdlTypeRegistry [] - addDescriptor(4001, org.hibernate.type.descriptor.sql.internal.DdlTypeImpl@65fe99f) replaced previous registration(org.hibernate.type.descriptor.sql.internal.DdlTypeImpl@7ab76cea)
2025-11-18 16:54:03 [restartedMain] DEBUG o.h.t.d.sql.spi.DdlTypeRegistry [] - addDescriptor(4002, org.hibernate.type.descriptor.sql.internal.DdlTypeImpl@35a2aeb4) replaced previous registration(org.hibernate.type.descriptor.sql.internal.DdlTypeImpl@338710a4)
2025-11-18 16:54:03 [restartedMain] DEBUG o.h.t.d.sql.spi.DdlTypeRegistry [] - addDescriptor(2004, org.hibernate.type.descriptor.sql.internal.CapacityDependentDdlType@4aed045a) replaced previous registration(org.hibernate.type.descriptor.sql.internal.DdlTypeImpl@bfcf1d1)
2025-11-18 16:54:03 [restartedMain] DEBUG o.h.t.d.sql.spi.DdlTypeRegistry [] - addDescriptor(2005, org.hibernate.type.descriptor.sql.internal.CapacityDependentDdlType@2b0b2914) replaced previous registration(org.hibernate.type.descriptor.sql.internal.DdlTypeImpl@20821ee1)
2025-11-18 16:54:03 [restartedMain] DEBUG o.h.t.d.sql.spi.DdlTypeRegistry [] - addDescriptor(2011, org.hibernate.type.descriptor.sql.internal.CapacityDependentDdlType@2ef117f) replaced previous registration(org.hibernate.type.descriptor.sql.internal.DdlTypeImpl@6e711a8a)
2025-11-18 16:54:06 [restartedMain] INFO  o.h.e.t.j.p.i.JtaPlatformInitiator [] - HHH000489: No JTA platform available (set 'hibernate.transaction.jta.platform' to enable JTA platform integration)
2025-11-18 16:54:06 [restartedMain] INFO  o.s.o.j.LocalContainerEntityManagerFactoryBean [] - Initialized JPA EntityManagerFactory for persistence unit 'default'
2025-11-18 16:55:11 [HikariPool-1:housekeeper] WARN  com.zaxxer.hikari.pool.HikariPool [] - HikariPool-1 - Thread starvation or clock leap detected (housekeeper delta=1m7s371ms446µs200ns).
2025-11-18 16:55:11 [restartedMain] WARN  o.s.b.a.o.j.JpaBaseConfiguration$JpaWebConfiguration [] - spring.jpa.open-in-view is enabled by default. Therefore, database queries may be performed during view rendering. Explicitly configure spring.jpa.open-in-view to disable this warning
2025-11-18 16:55:12 [restartedMain] INFO  o.s.v.b.OptionalValidatorFactoryBean [] - Failed to set up a Bean Validation provider: jakarta.validation.NoProviderFoundException: Unable to create a Configuration, because no Jakarta Bean Validation provider could be found. Add a provider like Hibernate Validator (RI) to your classpath.
2025-11-18 16:55:13 [restartedMain] INFO  o.s.b.d.a.OptionalLiveReloadServer [] - LiveReload server is running on port 35729
2025-11-18 16:55:13 [restartedMain] INFO  o.a.coyote.http11.Http11NioProtocol [] - Starting ProtocolHandler ["http-nio-9001"]
2025-11-18 16:55:13 [restartedMain] INFO  o.s.b.w.e.tomcat.TomcatWebServer [] - Tomcat started on port 9001 (http) with context path '/'
2025-11-18 16:55:13 [restartedMain] INFO  c.u.U.UsersMicroserviceApplication [] - Started UsersMicroserviceApplication in 83.071 seconds (process running for 85.463)
2025-11-18 16:55:17 [http-nio-9001-exec-2] INFO  o.a.c.c.C.[Tomcat].[localhost].[/] [] - Initializing Spring DispatcherServlet 'dispatcherServlet'
2025-11-18 16:55:18 [http-nio-9001-exec-2] TRACE c.u.U.controllers.UserController [] - POST /user/register email: 
2025-11-18 16:55:18 [http-nio-9001-exec-2] TRACE c.u.U.service.UserEntityService [] - UserEntityService - createUser - Entrando en método
2025-11-18 16:55:22 [http-nio-9001-exec-2] TRACE c.u.U.service.UserEntityService [] - UserEntityService - createUser - Entrando en if ...
2025-11-18 16:55:24 [http-nio-9001-exec-2] DEBUG org.hibernate.SQL [] - insert into users (birthday,created_at,email,fullname,gender,last_password_change_at,password,profile_image,username,id) values (?,?,?,?,?,?,?,?,?,?)
2025-11-18 16:55:24 [http-nio-9001-exec-2] WARN  o.h.e.jdbc.spi.SqlExceptionHelper [] - SQL Error: 1062, SQLState: 23000
2025-11-18 16:55:24 [http-nio-9001-exec-2] ERROR o.h.e.jdbc.spi.SqlExceptionHelper [] - Duplicate entry '' for key 'users.UK6dotkott2kjsp8vw4d0m25fb7'
2025-11-18 16:55:51 [http-nio-9001-exec-2] WARN  c.u.U.service.UserEntityService [] - Data Integrity Violation Exception
2025-11-18 16:55:54 [http-nio-9001-exec-2] WARN  o.s.w.s.m.m.a.ExceptionHandlerExceptionResolver [] - Resolved [com.users.UsersMicroservice.exception.DataIntegrityException: Failed to save User in data base: Username probably already exists]
2025-11-18 16:55:54 [http-nio-9001-exec-2] INFO  javamelody [] - remoteAddr = 0:0:0:0:0:0:0:1, request = /user/register?new POST: 36251 ms, error 400, 0 Kb
2025-11-18 16:56:36 [SpringApplicationShutdownHook] INFO  o.s.b.w.e.tomcat.GracefulShutdown [] - Commencing graceful shutdown. Waiting for active requests to complete
2025-11-18 16:56:36 [tomcat-shutdown] INFO  o.s.b.w.e.tomcat.GracefulShutdown [] - Graceful shutdown complete
2025-11-18 16:56:36 [SpringApplicationShutdownHook] INFO  o.s.o.j.LocalContainerEntityManagerFactoryBean [] - Closing JPA EntityManagerFactory for persistence unit 'default'
2025-11-18 16:56:36 [SpringApplicationShutdownHook] INFO  com.zaxxer.hikari.HikariDataSource [] - HikariPool-1 - Shutdown initiated...
2025-11-18 16:56:36 [SpringApplicationShutdownHook] INFO  com.zaxxer.hikari.HikariDataSource [] - HikariPool-1 - Shutdown completed.
2025-11-18 16:59:12 [restartedMain] INFO  c.u.U.UsersMicroserviceApplication [] - Starting UsersMicroserviceApplication using Java 17.0.1 with PID 2884 (D:\Documents\micro_backend\UsersMicroservice\target\classes started by rober in D:\Documents\micro_backend\UsersMicroservice)
2025-11-18 16:59:12 [restartedMain] DEBUG c.u.U.UsersMicroserviceApplication [] - Running with Spring Boot v3.5.5, Spring v6.2.10
2025-11-18 16:59:12 [restartedMain] INFO  c.u.U.UsersMicroserviceApplication [] - The following 1 profile is active: "local"
2025-11-18 16:59:12 [restartedMain] INFO  o.s.b.d.e.DevToolsPropertyDefaultsPostProcessor [] - Devtools property defaults active! Set 'spring.devtools.add-properties' to 'false' to disable
2025-11-18 16:59:12 [restartedMain] INFO  o.s.b.d.e.DevToolsPropertyDefaultsPostProcessor [] - For additional web related logging consider setting the 'logging.level.web' property to 'DEBUG'
2025-11-18 16:59:14 [restartedMain] INFO  o.s.d.r.c.RepositoryConfigurationDelegate [] - Multiple Spring Data modules found, entering strict repository configuration mode
2025-11-18 16:59:14 [restartedMain] INFO  o.s.d.r.c.RepositoryConfigurationDelegate [] - Bootstrapping Spring Data JDBC repositories in DEFAULT mode.
2025-11-18 16:59:14 [restartedMain] INFO  o.s.d.r.c.RepositoryConfigurationExtensionSupport [] - Spring Data JDBC - Could not safely identify store assignment for repository candidate interface com.users.UsersMicroservice.repositories.BookListRepository; If you want this repository to be a JDBC repository, consider annotating your entities with one of these annotations: org.springframework.data.relational.core.mapping.Table.
2025-11-18 16:59:14 [restartedMain] INFO  o.s.d.r.c.RepositoryConfigurationExtensionSupport [] - Spring Data JDBC - Could not safely identify store assignment for repository candidate interface com.users.UsersMicroservice.repositories.UserEntityRepository; If you want this repository to be a JDBC repository, consider annotating your entities with one of these annotations: org.springframework.data.relational.core.mapping.Table.
2025-11-18 16:59:14 [restartedMain] INFO  o.s.d.r.c.RepositoryConfigurationExtensionSupport [] - Spring Data JDBC - Could not safely identify store assignment for repository candidate interface com.users.UsersMicroservice.repositories.UserListRepository; If you want this repository to be a JDBC repository, consider annotating your entities with one of these annotations: org.springframework.data.relational.core.mapping.Table.
2025-11-18 16:59:14 [restartedMain] INFO  o.s.d.r.c.RepositoryConfigurationDelegate [] - Finished Spring Data repository scanning in 88 ms. Found 0 JDBC repository interfaces.
2025-11-18 16:59:14 [restartedMain] INFO  o.s.d.r.c.RepositoryConfigurationDelegate [] - Multiple Spring Data modules found, entering strict repository configuration mode
2025-11-18 16:59:14 [restartedMain] INFO  o.s.d.r.c.RepositoryConfigurationDelegate [] - Bootstrapping Spring Data JPA repositories in DEFAULT mode.
2025-11-18 16:59:15 [restartedMain] INFO  o.s.d.r.c.RepositoryConfigurationDelegate [] - Finished Spring Data repository scanning in 66 ms. Found 3 JPA repository interfaces.
2025-11-18 16:59:15 [restartedMain] WARN  o.s.c.s.PostProcessorRegistrationDelegate$BeanPostProcessorChecker [] - Bean 'net.bull.javamelody.JavaMelodyAutoConfiguration' of type [net.bull.javamelody.JavaMelodyAutoConfiguration$$SpringCGLIB$$0] is not eligible for getting processed by all BeanPostProcessors (for example: not eligible for auto-proxying). The currently created BeanPostProcessor [monitoringDataSourceBeanPostProcessor] is declared through a non-static factory method on that class; consider declaring it as static instead.
2025-11-18 16:59:15 [restartedMain] WARN  o.s.c.s.PostProcessorRegistrationDelegate$BeanPostProcessorChecker [] - Bean 'monitoringSpringAdvisor' of type [net.bull.javamelody.MonitoringSpringAdvisor] is not eligible for getting processed by all BeanPostProcessors (for example: not eligible for auto-proxying). Is this bean getting eagerly injected/applied to a currently created BeanPostProcessor [projectingArgumentResolverBeanPostProcessor]? Check the corresponding BeanPostProcessor declaration and its dependencies/advisors. If this bean does not have to be post-processed, declare it with ROLE_INFRASTRUCTURE.
2025-11-18 16:59:15 [restartedMain] WARN  o.s.c.s.PostProcessorRegistrationDelegate$BeanPostProcessorChecker [] - Bean 'monitoringSpringServiceAdvisor' of type [net.bull.javamelody.MonitoringSpringAdvisor] is not eligible for getting processed by all BeanPostProcessors (for example: not eligible for auto-proxying). Is this bean getting eagerly injected/applied to a currently created BeanPostProcessor [projectingArgumentResolverBeanPostProcessor]? Check the corresponding BeanPostProcessor declaration and its dependencies/advisors. If this bean does not have to be post-processed, declare it with ROLE_INFRASTRUCTURE.
2025-11-18 16:59:15 [restartedMain] WARN  o.s.c.s.PostProcessorRegistrationDelegate$BeanPostProcessorChecker [] - Bean 'monitoringSpringControllerAdvisor' of type [net.bull.javamelody.MonitoringSpringAdvisor] is not eligible for getting processed by all BeanPostProcessors (for example: not eligible for auto-proxying). Is this bean getting eagerly injected/applied to a currently created BeanPostProcessor [projectingArgumentResolverBeanPostProcessor]? Check the corresponding BeanPostProcessor declaration and its dependencies/advisors. If this bean does not have to be post-processed, declare it with ROLE_INFRASTRUCTURE.
2025-11-18 16:59:15 [restartedMain] WARN  o.s.c.s.PostProcessorRegistrationDelegate$BeanPostProcessorChecker [] - Bean 'monitoringSpringRestControllerAdvisor' of type [net.bull.javamelody.MonitoringSpringAdvisor] is not eligible for getting processed by all BeanPostProcessors (for example: not eligible for auto-proxying). Is this bean getting eagerly injected/applied to a currently created BeanPostProcessor [projectingArgumentResolverBeanPostProcessor]? Check the corresponding BeanPostProcessor declaration and its dependencies/advisors. If this bean does not have to be post-processed, declare it with ROLE_INFRASTRUCTURE.
2025-11-18 16:59:15 [restartedMain] WARN  o.s.c.s.PostProcessorRegistrationDelegate$BeanPostProcessorChecker [] - Bean 'monitoringSpringAsyncAdvisor' of type [net.bull.javamelody.MonitoringSpringAdvisor] is not eligible for getting processed by all BeanPostProcessors (for example: not eligible for auto-proxying). Is this bean getting eagerly injected/applied to a currently created BeanPostProcessor [projectingArgumentResolverBeanPostProcessor]? Check the corresponding BeanPostProcessor declaration and its dependencies/advisors. If this bean does not have to be post-processed, declare it with ROLE_INFRASTRUCTURE.
2025-11-18 16:59:15 [restartedMain] WARN  o.s.c.s.PostProcessorRegistrationDelegate$BeanPostProcessorChecker [] - Bean 'monitoringSpringScheduledAdvisor' of type [net.bull.javamelody.MonitoringSpringAdvisor] is not eligible for getting processed by all BeanPostProcessors (for example: not eligible for auto-proxying). Is this bean getting eagerly injected/applied to a currently created BeanPostProcessor [projectingArgumentResolverBeanPostProcessor]? Check the corresponding BeanPostProcessor declaration and its dependencies/advisors. If this bean does not have to be post-processed, declare it with ROLE_INFRASTRUCTURE.
2025-11-18 16:59:16 [restartedMain] INFO  o.s.b.w.e.tomcat.TomcatWebServer [] - Tomcat initialized with port 9001 (http)
2025-11-18 16:59:16 [restartedMain] INFO  o.a.coyote.http11.Http11NioProtocol [] - Initializing ProtocolHandler ["http-nio-9001"]
2025-11-18 16:59:16 [restartedMain] INFO  o.a.catalina.core.StandardService [] - Starting service [Tomcat]
2025-11-18 16:59:16 [restartedMain] INFO  o.a.catalina.core.StandardEngine [] - Starting Servlet engine: [Apache Tomcat/10.1.44]
2025-11-18 16:59:16 [restartedMain] INFO  o.a.c.c.C.[Tomcat].[localhost].[/] [] - Initializing Spring embedded WebApplicationContext
2025-11-18 16:59:16 [restartedMain] INFO  o.s.b.w.s.c.ServletWebServerApplicationContext [] - Root WebApplicationContext: initialization completed in 4291 ms
2025-11-18 16:59:18 [restartedMain] DEBUG c.u.U.security.JwtRequestFilter [] - Filter 'jwtRequestFilter' configured for use
2025-11-18 16:59:18 [restartedMain] DEBUG c.u.U.security.ApiFilter [] - Filter 'apiFilter' configured for use
2025-11-18 16:59:18 [restartedMain] INFO  o.h.jpa.internal.util.LogHelper [] - HHH000204: Processing PersistenceUnitInfo [name: default]
2025-11-18 16:59:18 [restartedMain] INFO  org.hibernate.Version [] - HHH000412: Hibernate ORM core version 6.6.26.Final
2025-11-18 16:59:18 [restartedMain] INFO  o.h.c.i.RegionFactoryInitiator [] - HHH000026: Second-level cache disabled
2025-11-18 16:59:19 [restartedMain] INFO  o.s.o.j.p.SpringPersistenceUnitInfo [] - No LoadTimeWeaver setup: ignoring JPA class transformer
2025-11-18 16:59:19 [restartedMain] INFO  com.zaxxer.hikari.HikariDataSource [] - HikariPool-1 - Starting...
2025-11-18 16:59:20 [restartedMain] INFO  com.zaxxer.hikari.pool.HikariPool [] - HikariPool-1 - Added connection com.mysql.cj.jdbc.ConnectionImpl@1005dda4
2025-11-18 16:59:20 [restartedMain] INFO  com.zaxxer.hikari.HikariDataSource [] - HikariPool-1 - Start completed.
2025-11-18 16:59:20 [restartedMain] WARN  org.hibernate.orm.deprecation [] - HHH90000025: MySQL8Dialect does not need to be specified explicitly using 'hibernate.dialect' (remove the property setting and it will be selected by default)
2025-11-18 16:59:20 [restartedMain] WARN  org.hibernate.orm.deprecation [] - HHH90000026: MySQL8Dialect has been deprecated; use org.hibernate.dialect.MySQLDialect instead
2025-11-18 16:59:20 [restartedMain] INFO  o.hibernate.orm.connections.pooling [] - HHH10001005: Database info:
	Database JDBC URL [Connecting through datasource 'HikariDataSource (HikariPool-1)']
	Database driver: undefined/unknown
	Database version: 8.0
	Autocommit mode: undefined/unknown
	Isolation level: undefined/unknown
	Minimum pool size: undefined/unknown
	Maximum pool size: undefined/unknown
2025-11-18 16:59:20 [restartedMain] DEBUG o.h.t.d.sql.spi.DdlTypeRegistry [] - addDescriptor(12, org.hibernate.type.descriptor.sql.internal.CapacityDependentDdlType@12ee723e) replaced previous registration(org.hibernate.type.descriptor.sql.internal.CapacityDependentDdlType@5809a48c)
2025-11-18 16:59:20 [restartedMain] DEBUG o.h.t.d.sql.spi.DdlTypeRegistry [] - addDescriptor(-9, org.hibernate.type.descriptor.sql.internal.CapacityDependentDdlType@3931eefd) replaced previous registration(org.hibernate.type.descriptor.sql.internal.CapacityDependentDdlType@1c9fd2bb)
2025-11-18 16:59:20 [restartedMain] DEBUG o.h.t.d.sql.spi.DdlTypeRegistry [] - addDescriptor(-3, org.hibernate.type.descriptor.sql.internal.CapacityDependentDdlType@7d812c94) replaced previous registration(org.hibernate.type.descriptor.sql.internal.CapacityDependentDdlType@68b9ca6c)
2025-11-18 16:59:20 [restartedMain] DEBUG o.h.t.d.sql.spi.DdlTypeRegistry [] - addDescriptor(4003, org.hibernate.type.descriptor.sql.internal.DdlTypeImpl@5e498780) replaced previous registration(org.hibernate.type.descriptor.sql.internal.DdlTypeImpl@3ca19cf8)
2025-11-18 16:59:20 [restartedMain] DEBUG o.h.t.d.sql.spi.DdlTypeRegistry [] - addDescriptor(4001, org.hibernate.type.descriptor.sql.internal.DdlTypeImpl@4830f274) replaced previous registration(org.hibernate.type.descriptor.sql.internal.DdlTypeImpl@6e7cbbb4)
2025-11-18 16:59:20 [restartedMain] DEBUG o.h.t.d.sql.spi.DdlTypeRegistry [] - addDescriptor(4002, org.hibernate.type.descriptor.sql.internal.DdlTypeImpl@7c9b547c) replaced previous registration(org.hibernate.type.descriptor.sql.internal.DdlTypeImpl@4ced414b)
2025-11-18 16:59:20 [restartedMain] DEBUG o.h.t.d.sql.spi.DdlTypeRegistry [] - addDescriptor(2004, org.hibernate.type.descriptor.sql.internal.CapacityDependentDdlType@381b9f0) replaced previous registration(org.hibernate.type.descriptor.sql.internal.DdlTypeImpl@82b132f)
2025-11-18 16:59:20 [restartedMain] DEBUG o.h.t.d.sql.spi.DdlTypeRegistry [] - addDescriptor(2005, org.hibernate.type.descriptor.sql.internal.CapacityDependentDdlType@2eb58ee2) replaced previous registration(org.hibernate.type.descriptor.sql.internal.DdlTypeImpl@8747566)
2025-11-18 16:59:20 [restartedMain] DEBUG o.h.t.d.sql.spi.DdlTypeRegistry [] - addDescriptor(2011, org.hibernate.type.descriptor.sql.internal.CapacityDependentDdlType@6b403a1) replaced previous registration(org.hibernate.type.descriptor.sql.internal.DdlTypeImpl@56d6ca33)
2025-11-18 16:59:22 [restartedMain] INFO  o.h.e.t.j.p.i.JtaPlatformInitiator [] - HHH000489: No JTA platform available (set 'hibernate.transaction.jta.platform' to enable JTA platform integration)
2025-11-18 16:59:22 [restartedMain] INFO  o.s.o.j.LocalContainerEntityManagerFactoryBean [] - Initialized JPA EntityManagerFactory for persistence unit 'default'
2025-11-18 16:59:24 [restartedMain] WARN  o.s.b.a.o.j.JpaBaseConfiguration$JpaWebConfiguration [] - spring.jpa.open-in-view is enabled by default. Therefore, database queries may be performed during view rendering. Explicitly configure spring.jpa.open-in-view to disable this warning
2025-11-18 16:59:25 [restartedMain] INFO  o.s.v.b.OptionalValidatorFactoryBean [] - Failed to set up a Bean Validation provider: jakarta.validation.NoProviderFoundException: Unable to create a Configuration, because no Jakarta Bean Validation provider could be found. Add a provider like Hibernate Validator (RI) to your classpath.
2025-11-18 16:59:26 [restartedMain] INFO  o.s.b.d.a.OptionalLiveReloadServer [] - LiveReload server is running on port 35729
2025-11-18 16:59:26 [restartedMain] INFO  o.a.coyote.http11.Http11NioProtocol [] - Starting ProtocolHandler ["http-nio-9001"]
2025-11-18 16:59:26 [restartedMain] INFO  o.s.b.w.e.tomcat.TomcatWebServer [] - Tomcat started on port 9001 (http) with context path '/'
2025-11-18 16:59:26 [restartedMain] INFO  c.u.U.UsersMicroserviceApplication [] - Started UsersMicroserviceApplication in 15.767 seconds (process running for 17.856)
2025-11-18 16:59:36 [http-nio-9001-exec-1] INFO  o.a.c.c.C.[Tomcat].[localhost].[/] [] - Initializing Spring DispatcherServlet 'dispatcherServlet'
2025-11-18 16:59:46 [http-nio-9001-exec-1] TRACE c.u.U.controllers.UserController [] - POST /user/register email: 
2025-11-18 16:59:46 [http-nio-9001-exec-1] TRACE c.u.U.service.UserEntityService [] - UserEntityService - createUser - Entrando en método
2025-11-18 16:59:56 [http-nio-9001-exec-1] TRACE c.u.U.service.UserEntityService [] - UserEntityService - createUser - Entrando en if ...
2025-11-18 17:00:10 [http-nio-9001-exec-1] WARN  c.u.U.service.UserEntityService [] - Data Integrity Violation Exception
2025-11-18 17:00:12 [http-nio-9001-exec-1] WARN  o.s.w.s.m.m.a.ExceptionHandlerExceptionResolver [] - Resolved [com.users.UsersMicroservice.exception.DataIntegrityException: Failed to save User in data base: Username probably already exists or some params ara wrong]
2025-11-18 17:00:12 [http-nio-9001-exec-1] INFO  javamelody [] - remoteAddr = 0:0:0:0:0:0:0:1, request = /user/register?new POST: 35810 ms, error 400, 0 Kb
2025-11-18 17:00:33 [http-nio-9001-exec-4] TRACE c.u.U.controllers.UserController [] - POST /user/register email: 
2025-11-18 17:00:33 [http-nio-9001-exec-4] TRACE c.u.U.service.UserEntityService [] - UserEntityService - createUser - Entrando en método
2025-11-18 17:00:39 [http-nio-9001-exec-4] TRACE c.u.U.service.UserEntityService [] - UserEntityService - createUser - Entrando en if ...
2025-11-18 17:00:40 [SpringApplicationShutdownHook] INFO  o.s.b.w.e.tomcat.GracefulShutdown [] - Commencing graceful shutdown. Waiting for active requests to complete
2025-11-18 17:00:40 [http-nio-9001-exec-4] WARN  c.u.U.service.UserEntityService [] - Data Integrity Violation Exception
2025-11-18 17:00:40 [http-nio-9001-exec-4] WARN  o.s.w.s.m.m.a.ExceptionHandlerExceptionResolver [] - Resolved [com.users.UsersMicroservice.exception.DataIntegrityException: Failed to save User in data base: Username probably already exists or some params ara wrong]
2025-11-18 17:00:40 [http-nio-9001-exec-4] INFO  javamelody [] - remoteAddr = 0:0:0:0:0:0:0:1, request = /user/register?new POST: 19828 ms, error 400, 0 Kb
2025-11-18 17:00:40 [tomcat-shutdown] INFO  o.s.b.w.e.tomcat.GracefulShutdown [] - Graceful shutdown complete
2025-11-18 17:00:40 [SpringApplicationShutdownHook] INFO  o.s.o.j.LocalContainerEntityManagerFactoryBean [] - Closing JPA EntityManagerFactory for persistence unit 'default'
2025-11-18 17:00:40 [SpringApplicationShutdownHook] INFO  com.zaxxer.hikari.HikariDataSource [] - HikariPool-1 - Shutdown initiated...
2025-11-18 17:00:40 [SpringApplicationShutdownHook] INFO  com.zaxxer.hikari.HikariDataSource [] - HikariPool-1 - Shutdown completed.
2025-11-18 17:06:15 [restartedMain] INFO  c.u.U.UsersMicroserviceApplication [] - Starting UsersMicroserviceApplication using Java 17.0.1 with PID 4092 (D:\Documents\micro_backend\UsersMicroservice\target\classes started by rober in D:\Documents\micro_backend\UsersMicroservice)
2025-11-18 17:06:15 [restartedMain] DEBUG c.u.U.UsersMicroserviceApplication [] - Running with Spring Boot v3.5.5, Spring v6.2.10
2025-11-18 17:06:15 [restartedMain] INFO  c.u.U.UsersMicroserviceApplication [] - The following 1 profile is active: "local"
2025-11-18 17:06:16 [restartedMain] INFO  o.s.b.d.e.DevToolsPropertyDefaultsPostProcessor [] - Devtools property defaults active! Set 'spring.devtools.add-properties' to 'false' to disable
2025-11-18 17:06:16 [restartedMain] INFO  o.s.b.d.e.DevToolsPropertyDefaultsPostProcessor [] - For additional web related logging consider setting the 'logging.level.web' property to 'DEBUG'
2025-11-18 17:06:17 [restartedMain] INFO  o.s.d.r.c.RepositoryConfigurationDelegate [] - Multiple Spring Data modules found, entering strict repository configuration mode
2025-11-18 17:06:17 [restartedMain] INFO  o.s.d.r.c.RepositoryConfigurationDelegate [] - Bootstrapping Spring Data JDBC repositories in DEFAULT mode.
2025-11-18 17:06:17 [restartedMain] INFO  o.s.d.r.c.RepositoryConfigurationExtensionSupport [] - Spring Data JDBC - Could not safely identify store assignment for repository candidate interface com.users.UsersMicroservice.repositories.BookListRepository; If you want this repository to be a JDBC repository, consider annotating your entities with one of these annotations: org.springframework.data.relational.core.mapping.Table.
2025-11-18 17:06:17 [restartedMain] INFO  o.s.d.r.c.RepositoryConfigurationExtensionSupport [] - Spring Data JDBC - Could not safely identify store assignment for repository candidate interface com.users.UsersMicroservice.repositories.UserEntityRepository; If you want this repository to be a JDBC repository, consider annotating your entities with one of these annotations: org.springframework.data.relational.core.mapping.Table.
2025-11-18 17:06:17 [restartedMain] INFO  o.s.d.r.c.RepositoryConfigurationExtensionSupport [] - Spring Data JDBC - Could not safely identify store assignment for repository candidate interface com.users.UsersMicroservice.repositories.UserListRepository; If you want this repository to be a JDBC repository, consider annotating your entities with one of these annotations: org.springframework.data.relational.core.mapping.Table.
2025-11-18 17:06:17 [restartedMain] INFO  o.s.d.r.c.RepositoryConfigurationDelegate [] - Finished Spring Data repository scanning in 66 ms. Found 0 JDBC repository interfaces.
2025-11-18 17:06:17 [restartedMain] INFO  o.s.d.r.c.RepositoryConfigurationDelegate [] - Multiple Spring Data modules found, entering strict repository configuration mode
2025-11-18 17:06:17 [restartedMain] INFO  o.s.d.r.c.RepositoryConfigurationDelegate [] - Bootstrapping Spring Data JPA repositories in DEFAULT mode.
2025-11-18 17:06:17 [restartedMain] INFO  o.s.d.r.c.RepositoryConfigurationDelegate [] - Finished Spring Data repository scanning in 49 ms. Found 3 JPA repository interfaces.
2025-11-18 17:06:18 [restartedMain] WARN  o.s.c.s.PostProcessorRegistrationDelegate$BeanPostProcessorChecker [] - Bean 'net.bull.javamelody.JavaMelodyAutoConfiguration' of type [net.bull.javamelody.JavaMelodyAutoConfiguration$$SpringCGLIB$$0] is not eligible for getting processed by all BeanPostProcessors (for example: not eligible for auto-proxying). The currently created BeanPostProcessor [monitoringDataSourceBeanPostProcessor] is declared through a non-static factory method on that class; consider declaring it as static instead.
2025-11-18 17:06:18 [restartedMain] WARN  o.s.c.s.PostProcessorRegistrationDelegate$BeanPostProcessorChecker [] - Bean 'monitoringSpringAdvisor' of type [net.bull.javamelody.MonitoringSpringAdvisor] is not eligible for getting processed by all BeanPostProcessors (for example: not eligible for auto-proxying). Is this bean getting eagerly injected/applied to a currently created BeanPostProcessor [projectingArgumentResolverBeanPostProcessor]? Check the corresponding BeanPostProcessor declaration and its dependencies/advisors. If this bean does not have to be post-processed, declare it with ROLE_INFRASTRUCTURE.
2025-11-18 17:06:18 [restartedMain] WARN  o.s.c.s.PostProcessorRegistrationDelegate$BeanPostProcessorChecker [] - Bean 'monitoringSpringServiceAdvisor' of type [net.bull.javamelody.MonitoringSpringAdvisor] is not eligible for getting processed by all BeanPostProcessors (for example: not eligible for auto-proxying). Is this bean getting eagerly injected/applied to a currently created BeanPostProcessor [projectingArgumentResolverBeanPostProcessor]? Check the corresponding BeanPostProcessor declaration and its dependencies/advisors. If this bean does not have to be post-processed, declare it with ROLE_INFRASTRUCTURE.
2025-11-18 17:06:18 [restartedMain] WARN  o.s.c.s.PostProcessorRegistrationDelegate$BeanPostProcessorChecker [] - Bean 'monitoringSpringControllerAdvisor' of type [net.bull.javamelody.MonitoringSpringAdvisor] is not eligible for getting processed by all BeanPostProcessors (for example: not eligible for auto-proxying). Is this bean getting eagerly injected/applied to a currently created BeanPostProcessor [projectingArgumentResolverBeanPostProcessor]? Check the corresponding BeanPostProcessor declaration and its dependencies/advisors. If this bean does not have to be post-processed, declare it with ROLE_INFRASTRUCTURE.
2025-11-18 17:06:18 [restartedMain] WARN  o.s.c.s.PostProcessorRegistrationDelegate$BeanPostProcessorChecker [] - Bean 'monitoringSpringRestControllerAdvisor' of type [net.bull.javamelody.MonitoringSpringAdvisor] is not eligible for getting processed by all BeanPostProcessors (for example: not eligible for auto-proxying). Is this bean getting eagerly injected/applied to a currently created BeanPostProcessor [projectingArgumentResolverBeanPostProcessor]? Check the corresponding BeanPostProcessor declaration and its dependencies/advisors. If this bean does not have to be post-processed, declare it with ROLE_INFRASTRUCTURE.
2025-11-18 17:06:18 [restartedMain] WARN  o.s.c.s.PostProcessorRegistrationDelegate$BeanPostProcessorChecker [] - Bean 'monitoringSpringAsyncAdvisor' of type [net.bull.javamelody.MonitoringSpringAdvisor] is not eligible for getting processed by all BeanPostProcessors (for example: not eligible for auto-proxying). Is this bean getting eagerly injected/applied to a currently created BeanPostProcessor [projectingArgumentResolverBeanPostProcessor]? Check the corresponding BeanPostProcessor declaration and its dependencies/advisors. If this bean does not have to be post-processed, declare it with ROLE_INFRASTRUCTURE.
2025-11-18 17:06:18 [restartedMain] WARN  o.s.c.s.PostProcessorRegistrationDelegate$BeanPostProcessorChecker [] - Bean 'monitoringSpringScheduledAdvisor' of type [net.bull.javamelody.MonitoringSpringAdvisor] is not eligible for getting processed by all BeanPostProcessors (for example: not eligible for auto-proxying). Is this bean getting eagerly injected/applied to a currently created BeanPostProcessor [projectingArgumentResolverBeanPostProcessor]? Check the corresponding BeanPostProcessor declaration and its dependencies/advisors. If this bean does not have to be post-processed, declare it with ROLE_INFRASTRUCTURE.
2025-11-18 17:06:19 [restartedMain] INFO  o.s.b.w.e.tomcat.TomcatWebServer [] - Tomcat initialized with port 9001 (http)
2025-11-18 17:06:19 [restartedMain] INFO  o.a.coyote.http11.Http11NioProtocol [] - Initializing ProtocolHandler ["http-nio-9001"]
2025-11-18 17:06:19 [restartedMain] INFO  o.a.catalina.core.StandardService [] - Starting service [Tomcat]
2025-11-18 17:06:19 [restartedMain] INFO  o.a.catalina.core.StandardEngine [] - Starting Servlet engine: [Apache Tomcat/10.1.44]
2025-11-18 17:06:19 [restartedMain] INFO  o.a.c.c.C.[Tomcat].[localhost].[/] [] - Initializing Spring embedded WebApplicationContext
2025-11-18 17:06:19 [restartedMain] INFO  o.s.b.w.s.c.ServletWebServerApplicationContext [] - Root WebApplicationContext: initialization completed in 3739 ms
2025-11-18 17:06:21 [restartedMain] DEBUG c.u.U.security.JwtRequestFilter [] - Filter 'jwtRequestFilter' configured for use
2025-11-18 17:06:21 [restartedMain] DEBUG c.u.U.security.ApiFilter [] - Filter 'apiFilter' configured for use
2025-11-18 17:06:21 [restartedMain] INFO  o.h.jpa.internal.util.LogHelper [] - HHH000204: Processing PersistenceUnitInfo [name: default]
2025-11-18 17:06:21 [restartedMain] INFO  org.hibernate.Version [] - HHH000412: Hibernate ORM core version 6.6.26.Final
2025-11-18 17:06:21 [restartedMain] INFO  o.h.c.i.RegionFactoryInitiator [] - HHH000026: Second-level cache disabled
2025-11-18 17:06:22 [restartedMain] INFO  o.s.o.j.p.SpringPersistenceUnitInfo [] - No LoadTimeWeaver setup: ignoring JPA class transformer
2025-11-18 17:06:22 [restartedMain] INFO  com.zaxxer.hikari.HikariDataSource [] - HikariPool-1 - Starting...
2025-11-18 17:06:23 [restartedMain] INFO  com.zaxxer.hikari.pool.HikariPool [] - HikariPool-1 - Added connection com.mysql.cj.jdbc.ConnectionImpl@1dddcf72
2025-11-18 17:06:23 [restartedMain] INFO  com.zaxxer.hikari.HikariDataSource [] - HikariPool-1 - Start completed.
2025-11-18 17:06:24 [restartedMain] WARN  org.hibernate.orm.deprecation [] - HHH90000025: MySQL8Dialect does not need to be specified explicitly using 'hibernate.dialect' (remove the property setting and it will be selected by default)
2025-11-18 17:06:24 [restartedMain] WARN  org.hibernate.orm.deprecation [] - HHH90000026: MySQL8Dialect has been deprecated; use org.hibernate.dialect.MySQLDialect instead
2025-11-18 17:06:24 [restartedMain] INFO  o.hibernate.orm.connections.pooling [] - HHH10001005: Database info:
	Database JDBC URL [Connecting through datasource 'HikariDataSource (HikariPool-1)']
	Database driver: undefined/unknown
	Database version: 8.0
	Autocommit mode: undefined/unknown
	Isolation level: undefined/unknown
	Minimum pool size: undefined/unknown
	Maximum pool size: undefined/unknown
2025-11-18 17:06:24 [restartedMain] DEBUG o.h.t.d.sql.spi.DdlTypeRegistry [] - addDescriptor(12, org.hibernate.type.descriptor.sql.internal.CapacityDependentDdlType@4ae7ad77) replaced previous registration(org.hibernate.type.descriptor.sql.internal.CapacityDependentDdlType@89efedd)
2025-11-18 17:06:24 [restartedMain] DEBUG o.h.t.d.sql.spi.DdlTypeRegistry [] - addDescriptor(-9, org.hibernate.type.descriptor.sql.internal.CapacityDependentDdlType@17493e99) replaced previous registration(org.hibernate.type.descriptor.sql.internal.CapacityDependentDdlType@44e1c996)
2025-11-18 17:06:24 [restartedMain] DEBUG o.h.t.d.sql.spi.DdlTypeRegistry [] - addDescriptor(-3, org.hibernate.type.descriptor.sql.internal.CapacityDependentDdlType@339a5868) replaced previous registration(org.hibernate.type.descriptor.sql.internal.CapacityDependentDdlType@4c0d30d0)
2025-11-18 17:06:24 [restartedMain] DEBUG o.h.t.d.sql.spi.DdlTypeRegistry [] - addDescriptor(4003, org.hibernate.type.descriptor.sql.internal.DdlTypeImpl@12ee723e) replaced previous registration(org.hibernate.type.descriptor.sql.internal.DdlTypeImpl@5809a48c)
2025-11-18 17:06:24 [restartedMain] DEBUG o.h.t.d.sql.spi.DdlTypeRegistry [] - addDescriptor(4001, org.hibernate.type.descriptor.sql.internal.DdlTypeImpl@3931eefd) replaced previous registration(org.hibernate.type.descriptor.sql.internal.DdlTypeImpl@1c9fd2bb)
2025-11-18 17:06:24 [restartedMain] DEBUG o.h.t.d.sql.spi.DdlTypeRegistry [] - addDescriptor(4002, org.hibernate.type.descriptor.sql.internal.DdlTypeImpl@7d812c94) replaced previous registration(org.hibernate.type.descriptor.sql.internal.DdlTypeImpl@68b9ca6c)
2025-11-18 17:06:24 [restartedMain] DEBUG o.h.t.d.sql.spi.DdlTypeRegistry [] - addDescriptor(2004, org.hibernate.type.descriptor.sql.internal.CapacityDependentDdlType@5e498780) replaced previous registration(org.hibernate.type.descriptor.sql.internal.DdlTypeImpl@3ca19cf8)
2025-11-18 17:06:24 [restartedMain] DEBUG o.h.t.d.sql.spi.DdlTypeRegistry [] - addDescriptor(2005, org.hibernate.type.descriptor.sql.internal.CapacityDependentDdlType@4830f274) replaced previous registration(org.hibernate.type.descriptor.sql.internal.DdlTypeImpl@6e7cbbb4)
2025-11-18 17:06:24 [restartedMain] DEBUG o.h.t.d.sql.spi.DdlTypeRegistry [] - addDescriptor(2011, org.hibernate.type.descriptor.sql.internal.CapacityDependentDdlType@7c9b547c) replaced previous registration(org.hibernate.type.descriptor.sql.internal.DdlTypeImpl@4ced414b)
2025-11-18 17:06:27 [restartedMain] INFO  o.h.e.t.j.p.i.JtaPlatformInitiator [] - HHH000489: No JTA platform available (set 'hibernate.transaction.jta.platform' to enable JTA platform integration)
2025-11-18 17:06:28 [restartedMain] INFO  o.s.o.j.LocalContainerEntityManagerFactoryBean [] - Initialized JPA EntityManagerFactory for persistence unit 'default'
2025-11-18 17:06:31 [restartedMain] WARN  o.s.b.a.o.j.JpaBaseConfiguration$JpaWebConfiguration [] - spring.jpa.open-in-view is enabled by default. Therefore, database queries may be performed during view rendering. Explicitly configure spring.jpa.open-in-view to disable this warning
2025-11-18 17:06:32 [restartedMain] INFO  o.s.v.b.OptionalValidatorFactoryBean [] - Failed to set up a Bean Validation provider: jakarta.validation.NoProviderFoundException: Unable to create a Configuration, because no Jakarta Bean Validation provider could be found. Add a provider like Hibernate Validator (RI) to your classpath.
2025-11-18 17:06:33 [restartedMain] INFO  o.s.b.d.a.OptionalLiveReloadServer [] - LiveReload server is running on port 35729
2025-11-18 17:06:33 [restartedMain] INFO  o.a.coyote.http11.Http11NioProtocol [] - Starting ProtocolHandler ["http-nio-9001"]
2025-11-18 17:06:33 [restartedMain] INFO  o.s.b.w.e.tomcat.TomcatWebServer [] - Tomcat started on port 9001 (http) with context path '/'
2025-11-18 17:06:33 [restartedMain] INFO  c.u.U.UsersMicroserviceApplication [] - Started UsersMicroserviceApplication in 18.858 seconds (process running for 19.972)
2025-11-18 17:06:44 [http-nio-9001-exec-3] INFO  o.a.c.c.C.[Tomcat].[localhost].[/] [] - Initializing Spring DispatcherServlet 'dispatcherServlet'
2025-11-18 17:06:50 [http-nio-9001-exec-3] TRACE c.u.U.controllers.UserController [] - POST /user/register email: 
2025-11-18 17:06:51 [http-nio-9001-exec-3] TRACE c.u.U.service.UserEntityService [] - UserEntityService - createUser - Entrando en método
2025-11-18 17:06:53 [http-nio-9001-exec-3] TRACE c.u.U.service.UserEntityService [] - UserEntityService - createUser - Entrando en if ...
2025-11-18 17:06:58 [http-nio-9001-exec-3] WARN  c.u.U.service.UserEntityService [] - Data Integrity Violation Exception
2025-11-18 17:07:00 [http-nio-9001-exec-3] WARN  o.s.w.s.m.m.a.ExceptionHandlerExceptionResolver [] - Resolved [com.users.UsersMicroservice.exception.DataIntegrityException: Failed to save User in data base: Username probably already exists or some params ara wrong]
2025-11-18 17:07:00 [http-nio-9001-exec-3] INFO  javamelody [] - remoteAddr = 0:0:0:0:0:0:0:1, request = /user/register?new POST: 16091 ms, error 400, 0 Kb
2025-11-18 17:11:03 [http-nio-9001-exec-4] TRACE c.u.U.controllers.UserController [] - POST /user/register email: test@test.com
2025-11-18 17:11:14 [http-nio-9001-exec-4] TRACE c.u.U.service.UserEntityService [] - UserEntityService - createUser - Entrando en método
2025-11-18 17:11:14 [http-nio-9001-exec-4] TRACE c.u.U.service.UserEntityService [] - UserEntityService - createUser - Entrando en if ...
2025-11-18 17:11:14 [http-nio-9001-exec-4] WARN  c.u.U.service.UserEntityService [] - Data Integrity Violation Exception
2025-11-18 17:11:14 [http-nio-9001-exec-4] WARN  o.s.w.s.m.m.a.ExceptionHandlerExceptionResolver [] - Resolved [com.users.UsersMicroservice.exception.DataIntegrityException: Failed to save User in data base: Username probably already exists or some params ara wrong]
2025-11-18 17:11:14 [http-nio-9001-exec-4] INFO  javamelody [] - remoteAddr = 0:0:0:0:0:0:0:1, request = /user/register?new POST: 17664 ms, error 400, 0 Kb
2025-11-18 17:11:49 [SpringApplicationShutdownHook] INFO  o.s.b.w.e.tomcat.GracefulShutdown [] - Commencing graceful shutdown. Waiting for active requests to complete
2025-11-18 17:11:49 [tomcat-shutdown] INFO  o.s.b.w.e.tomcat.GracefulShutdown [] - Graceful shutdown complete
2025-11-18 17:11:49 [SpringApplicationShutdownHook] INFO  o.s.o.j.LocalContainerEntityManagerFactoryBean [] - Closing JPA EntityManagerFactory for persistence unit 'default'
2025-11-18 17:11:49 [SpringApplicationShutdownHook] INFO  com.zaxxer.hikari.HikariDataSource [] - HikariPool-1 - Shutdown initiated...
2025-11-18 17:11:49 [SpringApplicationShutdownHook] INFO  com.zaxxer.hikari.HikariDataSource [] - HikariPool-1 - Shutdown completed.
2025-11-18 17:11:57 [restartedMain] INFO  c.u.U.UsersMicroserviceApplication [] - Starting UsersMicroserviceApplication using Java 17.0.1 with PID 14896 (D:\Documents\micro_backend\UsersMicroservice\target\classes started by rober in D:\Documents\micro_backend\UsersMicroservice)
2025-11-18 17:11:57 [restartedMain] DEBUG c.u.U.UsersMicroserviceApplication [] - Running with Spring Boot v3.5.5, Spring v6.2.10
2025-11-18 17:11:57 [restartedMain] INFO  c.u.U.UsersMicroserviceApplication [] - The following 1 profile is active: "local"
2025-11-18 17:11:57 [restartedMain] INFO  o.s.b.d.e.DevToolsPropertyDefaultsPostProcessor [] - Devtools property defaults active! Set 'spring.devtools.add-properties' to 'false' to disable
2025-11-18 17:11:57 [restartedMain] INFO  o.s.b.d.e.DevToolsPropertyDefaultsPostProcessor [] - For additional web related logging consider setting the 'logging.level.web' property to 'DEBUG'
2025-11-18 17:12:00 [restartedMain] INFO  o.s.d.r.c.RepositoryConfigurationDelegate [] - Multiple Spring Data modules found, entering strict repository configuration mode
2025-11-18 17:12:00 [restartedMain] INFO  o.s.d.r.c.RepositoryConfigurationDelegate [] - Bootstrapping Spring Data JDBC repositories in DEFAULT mode.
2025-11-18 17:12:00 [restartedMain] INFO  o.s.d.r.c.RepositoryConfigurationExtensionSupport [] - Spring Data JDBC - Could not safely identify store assignment for repository candidate interface com.users.UsersMicroservice.repositories.BookListRepository; If you want this repository to be a JDBC repository, consider annotating your entities with one of these annotations: org.springframework.data.relational.core.mapping.Table.
2025-11-18 17:12:00 [restartedMain] INFO  o.s.d.r.c.RepositoryConfigurationExtensionSupport [] - Spring Data JDBC - Could not safely identify store assignment for repository candidate interface com.users.UsersMicroservice.repositories.UserEntityRepository; If you want this repository to be a JDBC repository, consider annotating your entities with one of these annotations: org.springframework.data.relational.core.mapping.Table.
2025-11-18 17:12:00 [restartedMain] INFO  o.s.d.r.c.RepositoryConfigurationExtensionSupport [] - Spring Data JDBC - Could not safely identify store assignment for repository candidate interface com.users.UsersMicroservice.repositories.UserListRepository; If you want this repository to be a JDBC repository, consider annotating your entities with one of these annotations: org.springframework.data.relational.core.mapping.Table.
2025-11-18 17:12:00 [restartedMain] INFO  o.s.d.r.c.RepositoryConfigurationDelegate [] - Finished Spring Data repository scanning in 90 ms. Found 0 JDBC repository interfaces.
2025-11-18 17:12:00 [restartedMain] INFO  o.s.d.r.c.RepositoryConfigurationDelegate [] - Multiple Spring Data modules found, entering strict repository configuration mode
2025-11-18 17:12:00 [restartedMain] INFO  o.s.d.r.c.RepositoryConfigurationDelegate [] - Bootstrapping Spring Data JPA repositories in DEFAULT mode.
2025-11-18 17:12:00 [restartedMain] INFO  o.s.d.r.c.RepositoryConfigurationDelegate [] - Finished Spring Data repository scanning in 61 ms. Found 3 JPA repository interfaces.
2025-11-18 17:12:01 [restartedMain] WARN  o.s.c.s.PostProcessorRegistrationDelegate$BeanPostProcessorChecker [] - Bean 'net.bull.javamelody.JavaMelodyAutoConfiguration' of type [net.bull.javamelody.JavaMelodyAutoConfiguration$$SpringCGLIB$$0] is not eligible for getting processed by all BeanPostProcessors (for example: not eligible for auto-proxying). The currently created BeanPostProcessor [monitoringDataSourceBeanPostProcessor] is declared through a non-static factory method on that class; consider declaring it as static instead.
2025-11-18 17:12:01 [restartedMain] WARN  o.s.c.s.PostProcessorRegistrationDelegate$BeanPostProcessorChecker [] - Bean 'monitoringSpringAdvisor' of type [net.bull.javamelody.MonitoringSpringAdvisor] is not eligible for getting processed by all BeanPostProcessors (for example: not eligible for auto-proxying). Is this bean getting eagerly injected/applied to a currently created BeanPostProcessor [projectingArgumentResolverBeanPostProcessor]? Check the corresponding BeanPostProcessor declaration and its dependencies/advisors. If this bean does not have to be post-processed, declare it with ROLE_INFRASTRUCTURE.
2025-11-18 17:12:01 [restartedMain] WARN  o.s.c.s.PostProcessorRegistrationDelegate$BeanPostProcessorChecker [] - Bean 'monitoringSpringServiceAdvisor' of type [net.bull.javamelody.MonitoringSpringAdvisor] is not eligible for getting processed by all BeanPostProcessors (for example: not eligible for auto-proxying). Is this bean getting eagerly injected/applied to a currently created BeanPostProcessor [projectingArgumentResolverBeanPostProcessor]? Check the corresponding BeanPostProcessor declaration and its dependencies/advisors. If this bean does not have to be post-processed, declare it with ROLE_INFRASTRUCTURE.
2025-11-18 17:12:01 [restartedMain] WARN  o.s.c.s.PostProcessorRegistrationDelegate$BeanPostProcessorChecker [] - Bean 'monitoringSpringControllerAdvisor' of type [net.bull.javamelody.MonitoringSpringAdvisor] is not eligible for getting processed by all BeanPostProcessors (for example: not eligible for auto-proxying). Is this bean getting eagerly injected/applied to a currently created BeanPostProcessor [projectingArgumentResolverBeanPostProcessor]? Check the corresponding BeanPostProcessor declaration and its dependencies/advisors. If this bean does not have to be post-processed, declare it with ROLE_INFRASTRUCTURE.
2025-11-18 17:12:01 [restartedMain] WARN  o.s.c.s.PostProcessorRegistrationDelegate$BeanPostProcessorChecker [] - Bean 'monitoringSpringRestControllerAdvisor' of type [net.bull.javamelody.MonitoringSpringAdvisor] is not eligible for getting processed by all BeanPostProcessors (for example: not eligible for auto-proxying). Is this bean getting eagerly injected/applied to a currently created BeanPostProcessor [projectingArgumentResolverBeanPostProcessor]? Check the corresponding BeanPostProcessor declaration and its dependencies/advisors. If this bean does not have to be post-processed, declare it with ROLE_INFRASTRUCTURE.
2025-11-18 17:12:01 [restartedMain] WARN  o.s.c.s.PostProcessorRegistrationDelegate$BeanPostProcessorChecker [] - Bean 'monitoringSpringAsyncAdvisor' of type [net.bull.javamelody.MonitoringSpringAdvisor] is not eligible for getting processed by all BeanPostProcessors (for example: not eligible for auto-proxying). Is this bean getting eagerly injected/applied to a currently created BeanPostProcessor [projectingArgumentResolverBeanPostProcessor]? Check the corresponding BeanPostProcessor declaration and its dependencies/advisors. If this bean does not have to be post-processed, declare it with ROLE_INFRASTRUCTURE.
2025-11-18 17:12:01 [restartedMain] WARN  o.s.c.s.PostProcessorRegistrationDelegate$BeanPostProcessorChecker [] - Bean 'monitoringSpringScheduledAdvisor' of type [net.bull.javamelody.MonitoringSpringAdvisor] is not eligible for getting processed by all BeanPostProcessors (for example: not eligible for auto-proxying). Is this bean getting eagerly injected/applied to a currently created BeanPostProcessor [projectingArgumentResolverBeanPostProcessor]? Check the corresponding BeanPostProcessor declaration and its dependencies/advisors. If this bean does not have to be post-processed, declare it with ROLE_INFRASTRUCTURE.
2025-11-18 17:12:02 [restartedMain] INFO  o.s.b.w.e.tomcat.TomcatWebServer [] - Tomcat initialized with port 9001 (http)
2025-11-18 17:12:02 [restartedMain] INFO  o.a.coyote.http11.Http11NioProtocol [] - Initializing ProtocolHandler ["http-nio-9001"]
2025-11-18 17:12:02 [restartedMain] INFO  o.a.catalina.core.StandardService [] - Starting service [Tomcat]
2025-11-18 17:12:02 [restartedMain] INFO  o.a.catalina.core.StandardEngine [] - Starting Servlet engine: [Apache Tomcat/10.1.44]
2025-11-18 17:12:02 [restartedMain] INFO  o.a.c.c.C.[Tomcat].[localhost].[/] [] - Initializing Spring embedded WebApplicationContext
2025-11-18 17:12:02 [restartedMain] INFO  o.s.b.w.s.c.ServletWebServerApplicationContext [] - Root WebApplicationContext: initialization completed in 4625 ms
2025-11-18 17:12:04 [restartedMain] DEBUG c.u.U.security.JwtRequestFilter [] - Filter 'jwtRequestFilter' configured for use
2025-11-18 17:12:04 [restartedMain] DEBUG c.u.U.security.ApiFilter [] - Filter 'apiFilter' configured for use
2025-11-18 17:12:04 [restartedMain] INFO  o.h.jpa.internal.util.LogHelper [] - HHH000204: Processing PersistenceUnitInfo [name: default]
2025-11-18 17:12:04 [restartedMain] INFO  org.hibernate.Version [] - HHH000412: Hibernate ORM core version 6.6.26.Final
2025-11-18 17:12:04 [restartedMain] INFO  o.h.c.i.RegionFactoryInitiator [] - HHH000026: Second-level cache disabled
2025-11-18 17:12:05 [restartedMain] INFO  o.s.o.j.p.SpringPersistenceUnitInfo [] - No LoadTimeWeaver setup: ignoring JPA class transformer
2025-11-18 17:12:05 [restartedMain] INFO  com.zaxxer.hikari.HikariDataSource [] - HikariPool-1 - Starting...
2025-11-18 17:12:06 [restartedMain] INFO  com.zaxxer.hikari.pool.HikariPool [] - HikariPool-1 - Added connection com.mysql.cj.jdbc.ConnectionImpl@77384423
2025-11-18 17:12:06 [restartedMain] INFO  com.zaxxer.hikari.HikariDataSource [] - HikariPool-1 - Start completed.
2025-11-18 17:12:06 [restartedMain] WARN  org.hibernate.orm.deprecation [] - HHH90000025: MySQL8Dialect does not need to be specified explicitly using 'hibernate.dialect' (remove the property setting and it will be selected by default)
2025-11-18 17:12:06 [restartedMain] WARN  org.hibernate.orm.deprecation [] - HHH90000026: MySQL8Dialect has been deprecated; use org.hibernate.dialect.MySQLDialect instead
2025-11-18 17:12:06 [restartedMain] INFO  o.hibernate.orm.connections.pooling [] - HHH10001005: Database info:
	Database JDBC URL [Connecting through datasource 'HikariDataSource (HikariPool-1)']
	Database driver: undefined/unknown
	Database version: 8.0
	Autocommit mode: undefined/unknown
	Isolation level: undefined/unknown
	Minimum pool size: undefined/unknown
	Maximum pool size: undefined/unknown
2025-11-18 17:12:06 [restartedMain] DEBUG o.h.t.d.sql.spi.DdlTypeRegistry [] - addDescriptor(12, org.hibernate.type.descriptor.sql.internal.CapacityDependentDdlType@4f57f309) replaced previous registration(org.hibernate.type.descriptor.sql.internal.CapacityDependentDdlType@3578e0b6)
2025-11-18 17:12:06 [restartedMain] DEBUG o.h.t.d.sql.spi.DdlTypeRegistry [] - addDescriptor(-9, org.hibernate.type.descriptor.sql.internal.CapacityDependentDdlType@26b34e4c) replaced previous registration(org.hibernate.type.descriptor.sql.internal.CapacityDependentDdlType@55c48d80)
2025-11-18 17:12:06 [restartedMain] DEBUG o.h.t.d.sql.spi.DdlTypeRegistry [] - addDescriptor(-3, org.hibernate.type.descriptor.sql.internal.CapacityDependentDdlType@25fbf38a) replaced previous registration(org.hibernate.type.descriptor.sql.internal.CapacityDependentDdlType@57f4cad3)
2025-11-18 17:12:06 [restartedMain] DEBUG o.h.t.d.sql.spi.DdlTypeRegistry [] - addDescriptor(4003, org.hibernate.type.descriptor.sql.internal.DdlTypeImpl@6b893f4f) replaced previous registration(org.hibernate.type.descriptor.sql.internal.DdlTypeImpl@1a501733)
2025-11-18 17:12:06 [restartedMain] DEBUG o.h.t.d.sql.spi.DdlTypeRegistry [] - addDescriptor(4001, org.hibernate.type.descriptor.sql.internal.DdlTypeImpl@604dd050) replaced previous registration(org.hibernate.type.descriptor.sql.internal.DdlTypeImpl@119e2cd8)
2025-11-18 17:12:06 [restartedMain] DEBUG o.h.t.d.sql.spi.DdlTypeRegistry [] - addDescriptor(4002, org.hibernate.type.descriptor.sql.internal.DdlTypeImpl@33cf1ae3) replaced previous registration(org.hibernate.type.descriptor.sql.internal.DdlTypeImpl@29bc7a26)
2025-11-18 17:12:06 [restartedMain] DEBUG o.h.t.d.sql.spi.DdlTypeRegistry [] - addDescriptor(2004, org.hibernate.type.descriptor.sql.internal.CapacityDependentDdlType@277df011) replaced previous registration(org.hibernate.type.descriptor.sql.internal.DdlTypeImpl@4765f0ca)
2025-11-18 17:12:06 [restartedMain] DEBUG o.h.t.d.sql.spi.DdlTypeRegistry [] - addDescriptor(2005, org.hibernate.type.descriptor.sql.internal.CapacityDependentDdlType@c36e2c7) replaced previous registration(org.hibernate.type.descriptor.sql.internal.DdlTypeImpl@4611c42d)
2025-11-18 17:12:06 [restartedMain] DEBUG o.h.t.d.sql.spi.DdlTypeRegistry [] - addDescriptor(2011, org.hibernate.type.descriptor.sql.internal.CapacityDependentDdlType@ea44986) replaced previous registration(org.hibernate.type.descriptor.sql.internal.DdlTypeImpl@662f0b38)
2025-11-18 17:12:08 [restartedMain] INFO  o.h.e.t.j.p.i.JtaPlatformInitiator [] - HHH000489: No JTA platform available (set 'hibernate.transaction.jta.platform' to enable JTA platform integration)
2025-11-18 17:12:08 [restartedMain] INFO  o.s.o.j.LocalContainerEntityManagerFactoryBean [] - Initialized JPA EntityManagerFactory for persistence unit 'default'
2025-11-18 17:12:09 [restartedMain] WARN  o.s.b.a.o.j.JpaBaseConfiguration$JpaWebConfiguration [] - spring.jpa.open-in-view is enabled by default. Therefore, database queries may be performed during view rendering. Explicitly configure spring.jpa.open-in-view to disable this warning
2025-11-18 17:12:10 [restartedMain] INFO  o.s.v.b.OptionalValidatorFactoryBean [] - Failed to set up a Bean Validation provider: jakarta.validation.NoProviderFoundException: Unable to create a Configuration, because no Jakarta Bean Validation provider could be found. Add a provider like Hibernate Validator (RI) to your classpath.
2025-11-18 17:12:11 [restartedMain] INFO  o.s.b.d.a.OptionalLiveReloadServer [] - LiveReload server is running on port 35729
2025-11-18 17:12:11 [restartedMain] INFO  o.a.coyote.http11.Http11NioProtocol [] - Starting ProtocolHandler ["http-nio-9001"]
2025-11-18 17:12:12 [restartedMain] INFO  o.s.b.w.e.tomcat.TomcatWebServer [] - Tomcat started on port 9001 (http) with context path '/'
2025-11-18 17:12:12 [restartedMain] INFO  c.u.U.UsersMicroserviceApplication [] - Started UsersMicroserviceApplication in 15.501 seconds (process running for 16.987)
2025-11-18 17:12:21 [http-nio-9001-exec-1] INFO  o.a.c.c.C.[Tomcat].[localhost].[/] [] - Initializing Spring DispatcherServlet 'dispatcherServlet'
2025-11-18 17:12:21 [http-nio-9001-exec-1] DEBUG c.u.U.controllers.UserController [] - DTO recibido - username: null, email: test@test.com
2025-11-18 17:14:28 [HikariPool-1:housekeeper] WARN  com.zaxxer.hikari.pool.HikariPool [] - HikariPool-1 - Thread starvation or clock leap detected (housekeeper delta=2m22s206ms939µs500ns).
2025-11-18 17:14:28 [http-nio-9001-exec-1] TRACE c.u.U.controllers.UserController [] - POST /user/register email: test@test.com
2025-11-18 17:14:28 [http-nio-9001-exec-1] TRACE c.u.U.service.UserEntityService [] - UserEntityService - createUser - Entrando en método
2025-11-18 17:14:28 [http-nio-9001-exec-1] TRACE c.u.U.service.UserEntityService [] - UserEntityService - createUser - Entrando en if ...
2025-11-18 17:14:28 [SpringApplicationShutdownHook] INFO  o.s.b.w.e.tomcat.GracefulShutdown [] - Commencing graceful shutdown. Waiting for active requests to complete
2025-11-18 17:14:29 [http-nio-9001-exec-1] WARN  c.u.U.service.UserEntityService [] - Data Integrity Violation Exception
2025-11-18 17:14:29 [http-nio-9001-exec-1] WARN  o.s.w.s.m.m.a.ExceptionHandlerExceptionResolver [] - Resolved [com.users.UsersMicroservice.exception.DataIntegrityException: Failed to save User in data base: Username probably already exists or some params ara wrong]
2025-11-18 17:14:29 [http-nio-9001-exec-1] INFO  javamelody [] - remoteAddr = 0:0:0:0:0:0:0:1, request = /user/register?new POST: 128411 ms, error 400, 0 Kb
2025-11-18 17:14:29 [tomcat-shutdown] INFO  o.s.b.w.e.tomcat.GracefulShutdown [] - Graceful shutdown complete
2025-11-18 17:14:29 [SpringApplicationShutdownHook] INFO  o.s.o.j.LocalContainerEntityManagerFactoryBean [] - Closing JPA EntityManagerFactory for persistence unit 'default'
2025-11-18 17:14:29 [SpringApplicationShutdownHook] INFO  com.zaxxer.hikari.HikariDataSource [] - HikariPool-1 - Shutdown initiated...
2025-11-18 17:14:29 [SpringApplicationShutdownHook] INFO  com.zaxxer.hikari.HikariDataSource [] - HikariPool-1 - Shutdown completed.
2025-11-18 17:14:41 [restartedMain] INFO  c.u.U.UsersMicroserviceApplication [] - Starting UsersMicroserviceApplication using Java 17.0.1 with PID 26232 (D:\Documents\micro_backend\UsersMicroservice\target\classes started by rober in D:\Documents\micro_backend\UsersMicroservice)
2025-11-18 17:14:41 [restartedMain] DEBUG c.u.U.UsersMicroserviceApplication [] - Running with Spring Boot v3.5.5, Spring v6.2.10
2025-11-18 17:14:41 [restartedMain] INFO  c.u.U.UsersMicroserviceApplication [] - The following 1 profile is active: "local"
2025-11-18 17:14:41 [restartedMain] INFO  o.s.b.d.e.DevToolsPropertyDefaultsPostProcessor [] - Devtools property defaults active! Set 'spring.devtools.add-properties' to 'false' to disable
2025-11-18 17:14:41 [restartedMain] INFO  o.s.b.d.e.DevToolsPropertyDefaultsPostProcessor [] - For additional web related logging consider setting the 'logging.level.web' property to 'DEBUG'
2025-11-18 17:14:44 [restartedMain] INFO  o.s.d.r.c.RepositoryConfigurationDelegate [] - Multiple Spring Data modules found, entering strict repository configuration mode
2025-11-18 17:14:44 [restartedMain] INFO  o.s.d.r.c.RepositoryConfigurationDelegate [] - Bootstrapping Spring Data JDBC repositories in DEFAULT mode.
2025-11-18 17:14:44 [restartedMain] INFO  o.s.d.r.c.RepositoryConfigurationExtensionSupport [] - Spring Data JDBC - Could not safely identify store assignment for repository candidate interface com.users.UsersMicroservice.repositories.BookListRepository; If you want this repository to be a JDBC repository, consider annotating your entities with one of these annotations: org.springframework.data.relational.core.mapping.Table.
2025-11-18 17:14:44 [restartedMain] INFO  o.s.d.r.c.RepositoryConfigurationExtensionSupport [] - Spring Data JDBC - Could not safely identify store assignment for repository candidate interface com.users.UsersMicroservice.repositories.UserEntityRepository; If you want this repository to be a JDBC repository, consider annotating your entities with one of these annotations: org.springframework.data.relational.core.mapping.Table.
2025-11-18 17:14:44 [restartedMain] INFO  o.s.d.r.c.RepositoryConfigurationExtensionSupport [] - Spring Data JDBC - Could not safely identify store assignment for repository candidate interface com.users.UsersMicroservice.repositories.UserListRepository; If you want this repository to be a JDBC repository, consider annotating your entities with one of these annotations: org.springframework.data.relational.core.mapping.Table.
2025-11-18 17:14:44 [restartedMain] INFO  o.s.d.r.c.RepositoryConfigurationDelegate [] - Finished Spring Data repository scanning in 82 ms. Found 0 JDBC repository interfaces.
2025-11-18 17:14:44 [restartedMain] INFO  o.s.d.r.c.RepositoryConfigurationDelegate [] - Multiple Spring Data modules found, entering strict repository configuration mode
2025-11-18 17:14:44 [restartedMain] INFO  o.s.d.r.c.RepositoryConfigurationDelegate [] - Bootstrapping Spring Data JPA repositories in DEFAULT mode.
2025-11-18 17:14:44 [restartedMain] INFO  o.s.d.r.c.RepositoryConfigurationDelegate [] - Finished Spring Data repository scanning in 60 ms. Found 3 JPA repository interfaces.
2025-11-18 17:14:46 [restartedMain] WARN  o.s.c.s.PostProcessorRegistrationDelegate$BeanPostProcessorChecker [] - Bean 'net.bull.javamelody.JavaMelodyAutoConfiguration' of type [net.bull.javamelody.JavaMelodyAutoConfiguration$$SpringCGLIB$$0] is not eligible for getting processed by all BeanPostProcessors (for example: not eligible for auto-proxying). The currently created BeanPostProcessor [monitoringDataSourceBeanPostProcessor] is declared through a non-static factory method on that class; consider declaring it as static instead.
2025-11-18 17:14:46 [restartedMain] WARN  o.s.c.s.PostProcessorRegistrationDelegate$BeanPostProcessorChecker [] - Bean 'monitoringSpringAdvisor' of type [net.bull.javamelody.MonitoringSpringAdvisor] is not eligible for getting processed by all BeanPostProcessors (for example: not eligible for auto-proxying). Is this bean getting eagerly injected/applied to a currently created BeanPostProcessor [projectingArgumentResolverBeanPostProcessor]? Check the corresponding BeanPostProcessor declaration and its dependencies/advisors. If this bean does not have to be post-processed, declare it with ROLE_INFRASTRUCTURE.
2025-11-18 17:14:46 [restartedMain] WARN  o.s.c.s.PostProcessorRegistrationDelegate$BeanPostProcessorChecker [] - Bean 'monitoringSpringServiceAdvisor' of type [net.bull.javamelody.MonitoringSpringAdvisor] is not eligible for getting processed by all BeanPostProcessors (for example: not eligible for auto-proxying). Is this bean getting eagerly injected/applied to a currently created BeanPostProcessor [projectingArgumentResolverBeanPostProcessor]? Check the corresponding BeanPostProcessor declaration and its dependencies/advisors. If this bean does not have to be post-processed, declare it with ROLE_INFRASTRUCTURE.
2025-11-18 17:14:46 [restartedMain] WARN  o.s.c.s.PostProcessorRegistrationDelegate$BeanPostProcessorChecker [] - Bean 'monitoringSpringControllerAdvisor' of type [net.bull.javamelody.MonitoringSpringAdvisor] is not eligible for getting processed by all BeanPostProcessors (for example: not eligible for auto-proxying). Is this bean getting eagerly injected/applied to a currently created BeanPostProcessor [projectingArgumentResolverBeanPostProcessor]? Check the corresponding BeanPostProcessor declaration and its dependencies/advisors. If this bean does not have to be post-processed, declare it with ROLE_INFRASTRUCTURE.
2025-11-18 17:14:46 [restartedMain] WARN  o.s.c.s.PostProcessorRegistrationDelegate$BeanPostProcessorChecker [] - Bean 'monitoringSpringRestControllerAdvisor' of type [net.bull.javamelody.MonitoringSpringAdvisor] is not eligible for getting processed by all BeanPostProcessors (for example: not eligible for auto-proxying). Is this bean getting eagerly injected/applied to a currently created BeanPostProcessor [projectingArgumentResolverBeanPostProcessor]? Check the corresponding BeanPostProcessor declaration and its dependencies/advisors. If this bean does not have to be post-processed, declare it with ROLE_INFRASTRUCTURE.
2025-11-18 17:14:46 [restartedMain] WARN  o.s.c.s.PostProcessorRegistrationDelegate$BeanPostProcessorChecker [] - Bean 'monitoringSpringAsyncAdvisor' of type [net.bull.javamelody.MonitoringSpringAdvisor] is not eligible for getting processed by all BeanPostProcessors (for example: not eligible for auto-proxying). Is this bean getting eagerly injected/applied to a currently created BeanPostProcessor [projectingArgumentResolverBeanPostProcessor]? Check the corresponding BeanPostProcessor declaration and its dependencies/advisors. If this bean does not have to be post-processed, declare it with ROLE_INFRASTRUCTURE.
2025-11-18 17:14:46 [restartedMain] WARN  o.s.c.s.PostProcessorRegistrationDelegate$BeanPostProcessorChecker [] - Bean 'monitoringSpringScheduledAdvisor' of type [net.bull.javamelody.MonitoringSpringAdvisor] is not eligible for getting processed by all BeanPostProcessors (for example: not eligible for auto-proxying). Is this bean getting eagerly injected/applied to a currently created BeanPostProcessor [projectingArgumentResolverBeanPostProcessor]? Check the corresponding BeanPostProcessor declaration and its dependencies/advisors. If this bean does not have to be post-processed, declare it with ROLE_INFRASTRUCTURE.
2025-11-18 17:14:49 [restartedMain] INFO  o.s.b.w.e.tomcat.TomcatWebServer [] - Tomcat initialized with port 9001 (http)
2025-11-18 17:14:49 [restartedMain] INFO  o.a.coyote.http11.Http11NioProtocol [] - Initializing ProtocolHandler ["http-nio-9001"]
2025-11-18 17:14:49 [restartedMain] INFO  o.a.catalina.core.StandardService [] - Starting service [Tomcat]
2025-11-18 17:14:49 [restartedMain] INFO  o.a.catalina.core.StandardEngine [] - Starting Servlet engine: [Apache Tomcat/10.1.44]
2025-11-18 17:14:49 [restartedMain] INFO  o.a.c.c.C.[Tomcat].[localhost].[/] [] - Initializing Spring embedded WebApplicationContext
2025-11-18 17:14:49 [restartedMain] INFO  o.s.b.w.s.c.ServletWebServerApplicationContext [] - Root WebApplicationContext: initialization completed in 7972 ms
2025-11-18 17:14:51 [restartedMain] DEBUG c.u.U.security.JwtRequestFilter [] - Filter 'jwtRequestFilter' configured for use
2025-11-18 17:14:51 [restartedMain] DEBUG c.u.U.security.ApiFilter [] - Filter 'apiFilter' configured for use
2025-11-18 17:14:51 [restartedMain] INFO  o.h.jpa.internal.util.LogHelper [] - HHH000204: Processing PersistenceUnitInfo [name: default]
2025-11-18 17:14:51 [restartedMain] INFO  org.hibernate.Version [] - HHH000412: Hibernate ORM core version 6.6.26.Final
2025-11-18 17:14:51 [restartedMain] INFO  o.h.c.i.RegionFactoryInitiator [] - HHH000026: Second-level cache disabled
2025-11-18 17:14:52 [restartedMain] INFO  o.s.o.j.p.SpringPersistenceUnitInfo [] - No LoadTimeWeaver setup: ignoring JPA class transformer
2025-11-18 17:14:52 [restartedMain] INFO  com.zaxxer.hikari.HikariDataSource [] - HikariPool-1 - Starting...
2025-11-18 17:14:53 [restartedMain] INFO  com.zaxxer.hikari.pool.HikariPool [] - HikariPool-1 - Added connection com.mysql.cj.jdbc.ConnectionImpl@76945702
2025-11-18 17:14:53 [restartedMain] INFO  com.zaxxer.hikari.HikariDataSource [] - HikariPool-1 - Start completed.
2025-11-18 17:14:53 [restartedMain] WARN  org.hibernate.orm.deprecation [] - HHH90000025: MySQL8Dialect does not need to be specified explicitly using 'hibernate.dialect' (remove the property setting and it will be selected by default)
2025-11-18 17:14:53 [restartedMain] WARN  org.hibernate.orm.deprecation [] - HHH90000026: MySQL8Dialect has been deprecated; use org.hibernate.dialect.MySQLDialect instead
2025-11-18 17:14:53 [restartedMain] INFO  o.hibernate.orm.connections.pooling [] - HHH10001005: Database info:
	Database JDBC URL [Connecting through datasource 'HikariDataSource (HikariPool-1)']
	Database driver: undefined/unknown
	Database version: 8.0
	Autocommit mode: undefined/unknown
	Isolation level: undefined/unknown
	Minimum pool size: undefined/unknown
	Maximum pool size: undefined/unknown
2025-11-18 17:14:53 [restartedMain] DEBUG o.h.t.d.sql.spi.DdlTypeRegistry [] - addDescriptor(12, org.hibernate.type.descriptor.sql.internal.CapacityDependentDdlType@2484f0bc) replaced previous registration(org.hibernate.type.descriptor.sql.internal.CapacityDependentDdlType@4c279e99)
2025-11-18 17:14:53 [restartedMain] DEBUG o.h.t.d.sql.spi.DdlTypeRegistry [] - addDescriptor(-9, org.hibernate.type.descriptor.sql.internal.CapacityDependentDdlType@4958eeac) replaced previous registration(org.hibernate.type.descriptor.sql.internal.CapacityDependentDdlType@12a0456b)
2025-11-18 17:14:53 [restartedMain] DEBUG o.h.t.d.sql.spi.DdlTypeRegistry [] - addDescriptor(-3, org.hibernate.type.descriptor.sql.internal.CapacityDependentDdlType@11224693) replaced previous registration(org.hibernate.type.descriptor.sql.internal.CapacityDependentDdlType@6101c178)
2025-11-18 17:14:53 [restartedMain] DEBUG o.h.t.d.sql.spi.DdlTypeRegistry [] - addDescriptor(4003, org.hibernate.type.descriptor.sql.internal.DdlTypeImpl@6fa27e7a) replaced previous registration(org.hibernate.type.descriptor.sql.internal.DdlTypeImpl@7fb9e5f8)
2025-11-18 17:14:53 [restartedMain] DEBUG o.h.t.d.sql.spi.DdlTypeRegistry [] - addDescriptor(4001, org.hibernate.type.descriptor.sql.internal.DdlTypeImpl@7cac3242) replaced previous registration(org.hibernate.type.descriptor.sql.internal.DdlTypeImpl@134926ae)
2025-11-18 17:14:53 [restartedMain] DEBUG o.h.t.d.sql.spi.DdlTypeRegistry [] - addDescriptor(4002, org.hibernate.type.descriptor.sql.internal.DdlTypeImpl@6f64db13) replaced previous registration(org.hibernate.type.descriptor.sql.internal.DdlTypeImpl@5fc26522)
2025-11-18 17:14:53 [restartedMain] DEBUG o.h.t.d.sql.spi.DdlTypeRegistry [] - addDescriptor(2004, org.hibernate.type.descriptor.sql.internal.CapacityDependentDdlType@426172ba) replaced previous registration(org.hibernate.type.descriptor.sql.internal.DdlTypeImpl@1847400e)
2025-11-18 17:14:53 [restartedMain] DEBUG o.h.t.d.sql.spi.DdlTypeRegistry [] - addDescriptor(2005, org.hibernate.type.descriptor.sql.internal.CapacityDependentDdlType@51b2ac56) replaced previous registration(org.hibernate.type.descriptor.sql.internal.DdlTypeImpl@1d152837)
2025-11-18 17:14:53 [restartedMain] DEBUG o.h.t.d.sql.spi.DdlTypeRegistry [] - addDescriptor(2011, org.hibernate.type.descriptor.sql.internal.CapacityDependentDdlType@54286d8d) replaced previous registration(org.hibernate.type.descriptor.sql.internal.DdlTypeImpl@76cd1036)
2025-11-18 17:14:55 [restartedMain] INFO  o.h.e.t.j.p.i.JtaPlatformInitiator [] - HHH000489: No JTA platform available (set 'hibernate.transaction.jta.platform' to enable JTA platform integration)
2025-11-18 17:14:55 [restartedMain] INFO  o.s.o.j.LocalContainerEntityManagerFactoryBean [] - Initialized JPA EntityManagerFactory for persistence unit 'default'
2025-11-18 17:14:57 [restartedMain] WARN  o.s.b.a.o.j.JpaBaseConfiguration$JpaWebConfiguration [] - spring.jpa.open-in-view is enabled by default. Therefore, database queries may be performed during view rendering. Explicitly configure spring.jpa.open-in-view to disable this warning
2025-11-18 17:14:58 [restartedMain] INFO  o.s.v.b.OptionalValidatorFactoryBean [] - Failed to set up a Bean Validation provider: jakarta.validation.NoProviderFoundException: Unable to create a Configuration, because no Jakarta Bean Validation provider could be found. Add a provider like Hibernate Validator (RI) to your classpath.
2025-11-18 17:14:59 [restartedMain] INFO  o.s.b.d.a.OptionalLiveReloadServer [] - LiveReload server is running on port 35729
2025-11-18 17:14:59 [restartedMain] INFO  o.a.coyote.http11.Http11NioProtocol [] - Starting ProtocolHandler ["http-nio-9001"]
2025-11-18 17:14:59 [restartedMain] INFO  o.s.b.w.e.tomcat.TomcatWebServer [] - Tomcat started on port 9001 (http) with context path '/'
2025-11-18 17:14:59 [restartedMain] INFO  c.u.U.UsersMicroserviceApplication [] - Started UsersMicroserviceApplication in 19.965 seconds (process running for 21.97)
2025-11-18 17:15:06 [http-nio-9001-exec-1] INFO  o.a.c.c.C.[Tomcat].[localhost].[/] [] - Initializing Spring DispatcherServlet 'dispatcherServlet'
2025-11-18 17:15:07 [http-nio-9001-exec-1] DEBUG c.u.U.controllers.UserController [] - DTO recibido - username: null, email: test@test.com
2025-11-18 17:15:16 [http-nio-9001-exec-1] TRACE c.u.U.controllers.UserController [] - POST /user/register email: test@test.com
2025-11-18 17:16:28 [HikariPool-1:housekeeper] WARN  com.zaxxer.hikari.pool.HikariPool [] - HikariPool-1 - Thread starvation or clock leap detected (housekeeper delta=1m35s582ms408µs400ns).
2025-11-18 17:16:28 [http-nio-9001-exec-1] TRACE c.u.U.service.UserEntityService [] - UserEntityService - createUser - Entrando en método
2025-11-18 17:16:28 [http-nio-9001-exec-1] TRACE c.u.U.service.UserEntityService [] - UserEntityService - createUser - Entrando en if ...
2025-11-18 17:16:28 [SpringApplicationShutdownHook] INFO  o.s.b.w.e.tomcat.GracefulShutdown [] - Commencing graceful shutdown. Waiting for active requests to complete
2025-11-18 17:16:29 [http-nio-9001-exec-1] WARN  c.u.U.service.UserEntityService [] - Data Integrity Violation Exception
2025-11-18 17:16:29 [http-nio-9001-exec-1] WARN  o.s.w.s.m.m.a.ExceptionHandlerExceptionResolver [] - Resolved [com.users.UsersMicroservice.exception.DataIntegrityException: Failed to save User in data base: Username probably already exists or some params ara wrong]
2025-11-18 17:16:29 [http-nio-9001-exec-1] INFO  javamelody [] - remoteAddr = 0:0:0:0:0:0:0:1, request = /user/register?new POST: 82899 ms, error 400, 0 Kb
2025-11-18 17:16:29 [tomcat-shutdown] INFO  o.s.b.w.e.tomcat.GracefulShutdown [] - Graceful shutdown complete
2025-11-18 17:16:29 [SpringApplicationShutdownHook] INFO  o.s.o.j.LocalContainerEntityManagerFactoryBean [] - Closing JPA EntityManagerFactory for persistence unit 'default'
2025-11-18 17:16:29 [SpringApplicationShutdownHook] INFO  com.zaxxer.hikari.HikariDataSource [] - HikariPool-1 - Shutdown initiated...
2025-11-18 17:16:29 [SpringApplicationShutdownHook] INFO  com.zaxxer.hikari.HikariDataSource [] - HikariPool-1 - Shutdown completed.
2025-11-18 17:16:59 [restartedMain] INFO  c.u.U.UsersMicroserviceApplication [] - Starting UsersMicroserviceApplication using Java 17.0.1 with PID 21180 (D:\Documents\micro_backend\UsersMicroservice\target\classes started by rober in D:\Documents\micro_backend\UsersMicroservice)
2025-11-18 17:16:59 [restartedMain] DEBUG c.u.U.UsersMicroserviceApplication [] - Running with Spring Boot v3.5.5, Spring v6.2.10
2025-11-18 17:16:59 [restartedMain] INFO  c.u.U.UsersMicroserviceApplication [] - The following 1 profile is active: "local"
2025-11-18 17:17:00 [restartedMain] INFO  o.s.b.d.e.DevToolsPropertyDefaultsPostProcessor [] - Devtools property defaults active! Set 'spring.devtools.add-properties' to 'false' to disable
2025-11-18 17:17:00 [restartedMain] INFO  o.s.b.d.e.DevToolsPropertyDefaultsPostProcessor [] - For additional web related logging consider setting the 'logging.level.web' property to 'DEBUG'
2025-11-18 17:17:02 [restartedMain] INFO  o.s.d.r.c.RepositoryConfigurationDelegate [] - Multiple Spring Data modules found, entering strict repository configuration mode
2025-11-18 17:17:02 [restartedMain] INFO  o.s.d.r.c.RepositoryConfigurationDelegate [] - Bootstrapping Spring Data JDBC repositories in DEFAULT mode.
2025-11-18 17:17:02 [restartedMain] INFO  o.s.d.r.c.RepositoryConfigurationExtensionSupport [] - Spring Data JDBC - Could not safely identify store assignment for repository candidate interface com.users.UsersMicroservice.repositories.BookListRepository; If you want this repository to be a JDBC repository, consider annotating your entities with one of these annotations: org.springframework.data.relational.core.mapping.Table.
2025-11-18 17:17:02 [restartedMain] INFO  o.s.d.r.c.RepositoryConfigurationExtensionSupport [] - Spring Data JDBC - Could not safely identify store assignment for repository candidate interface com.users.UsersMicroservice.repositories.UserEntityRepository; If you want this repository to be a JDBC repository, consider annotating your entities with one of these annotations: org.springframework.data.relational.core.mapping.Table.
2025-11-18 17:17:02 [restartedMain] INFO  o.s.d.r.c.RepositoryConfigurationExtensionSupport [] - Spring Data JDBC - Could not safely identify store assignment for repository candidate interface com.users.UsersMicroservice.repositories.UserListRepository; If you want this repository to be a JDBC repository, consider annotating your entities with one of these annotations: org.springframework.data.relational.core.mapping.Table.
2025-11-18 17:17:02 [restartedMain] INFO  o.s.d.r.c.RepositoryConfigurationDelegate [] - Finished Spring Data repository scanning in 74 ms. Found 0 JDBC repository interfaces.
2025-11-18 17:17:02 [restartedMain] INFO  o.s.d.r.c.RepositoryConfigurationDelegate [] - Multiple Spring Data modules found, entering strict repository configuration mode
2025-11-18 17:17:02 [restartedMain] INFO  o.s.d.r.c.RepositoryConfigurationDelegate [] - Bootstrapping Spring Data JPA repositories in DEFAULT mode.
2025-11-18 17:17:02 [restartedMain] INFO  o.s.d.r.c.RepositoryConfigurationDelegate [] - Finished Spring Data repository scanning in 58 ms. Found 3 JPA repository interfaces.
2025-11-18 17:17:03 [restartedMain] WARN  o.s.c.s.PostProcessorRegistrationDelegate$BeanPostProcessorChecker [] - Bean 'net.bull.javamelody.JavaMelodyAutoConfiguration' of type [net.bull.javamelody.JavaMelodyAutoConfiguration$$SpringCGLIB$$0] is not eligible for getting processed by all BeanPostProcessors (for example: not eligible for auto-proxying). The currently created BeanPostProcessor [monitoringDataSourceBeanPostProcessor] is declared through a non-static factory method on that class; consider declaring it as static instead.
2025-11-18 17:17:03 [restartedMain] WARN  o.s.c.s.PostProcessorRegistrationDelegate$BeanPostProcessorChecker [] - Bean 'monitoringSpringAdvisor' of type [net.bull.javamelody.MonitoringSpringAdvisor] is not eligible for getting processed by all BeanPostProcessors (for example: not eligible for auto-proxying). Is this bean getting eagerly injected/applied to a currently created BeanPostProcessor [projectingArgumentResolverBeanPostProcessor]? Check the corresponding BeanPostProcessor declaration and its dependencies/advisors. If this bean does not have to be post-processed, declare it with ROLE_INFRASTRUCTURE.
2025-11-18 17:17:03 [restartedMain] WARN  o.s.c.s.PostProcessorRegistrationDelegate$BeanPostProcessorChecker [] - Bean 'monitoringSpringServiceAdvisor' of type [net.bull.javamelody.MonitoringSpringAdvisor] is not eligible for getting processed by all BeanPostProcessors (for example: not eligible for auto-proxying). Is this bean getting eagerly injected/applied to a currently created BeanPostProcessor [projectingArgumentResolverBeanPostProcessor]? Check the corresponding BeanPostProcessor declaration and its dependencies/advisors. If this bean does not have to be post-processed, declare it with ROLE_INFRASTRUCTURE.
2025-11-18 17:17:03 [restartedMain] WARN  o.s.c.s.PostProcessorRegistrationDelegate$BeanPostProcessorChecker [] - Bean 'monitoringSpringControllerAdvisor' of type [net.bull.javamelody.MonitoringSpringAdvisor] is not eligible for getting processed by all BeanPostProcessors (for example: not eligible for auto-proxying). Is this bean getting eagerly injected/applied to a currently created BeanPostProcessor [projectingArgumentResolverBeanPostProcessor]? Check the corresponding BeanPostProcessor declaration and its dependencies/advisors. If this bean does not have to be post-processed, declare it with ROLE_INFRASTRUCTURE.
2025-11-18 17:17:03 [restartedMain] WARN  o.s.c.s.PostProcessorRegistrationDelegate$BeanPostProcessorChecker [] - Bean 'monitoringSpringRestControllerAdvisor' of type [net.bull.javamelody.MonitoringSpringAdvisor] is not eligible for getting processed by all BeanPostProcessors (for example: not eligible for auto-proxying). Is this bean getting eagerly injected/applied to a currently created BeanPostProcessor [projectingArgumentResolverBeanPostProcessor]? Check the corresponding BeanPostProcessor declaration and its dependencies/advisors. If this bean does not have to be post-processed, declare it with ROLE_INFRASTRUCTURE.
2025-11-18 17:17:03 [restartedMain] WARN  o.s.c.s.PostProcessorRegistrationDelegate$BeanPostProcessorChecker [] - Bean 'monitoringSpringAsyncAdvisor' of type [net.bull.javamelody.MonitoringSpringAdvisor] is not eligible for getting processed by all BeanPostProcessors (for example: not eligible for auto-proxying). Is this bean getting eagerly injected/applied to a currently created BeanPostProcessor [projectingArgumentResolverBeanPostProcessor]? Check the corresponding BeanPostProcessor declaration and its dependencies/advisors. If this bean does not have to be post-processed, declare it with ROLE_INFRASTRUCTURE.
2025-11-18 17:17:03 [restartedMain] WARN  o.s.c.s.PostProcessorRegistrationDelegate$BeanPostProcessorChecker [] - Bean 'monitoringSpringScheduledAdvisor' of type [net.bull.javamelody.MonitoringSpringAdvisor] is not eligible for getting processed by all BeanPostProcessors (for example: not eligible for auto-proxying). Is this bean getting eagerly injected/applied to a currently created BeanPostProcessor [projectingArgumentResolverBeanPostProcessor]? Check the corresponding BeanPostProcessor declaration and its dependencies/advisors. If this bean does not have to be post-processed, declare it with ROLE_INFRASTRUCTURE.
2025-11-18 17:17:04 [restartedMain] INFO  o.s.b.w.e.tomcat.TomcatWebServer [] - Tomcat initialized with port 9001 (http)
2025-11-18 17:17:04 [restartedMain] INFO  o.a.coyote.http11.Http11NioProtocol [] - Initializing ProtocolHandler ["http-nio-9001"]
2025-11-18 17:17:04 [restartedMain] INFO  o.a.catalina.core.StandardService [] - Starting service [Tomcat]
2025-11-18 17:17:04 [restartedMain] INFO  o.a.catalina.core.StandardEngine [] - Starting Servlet engine: [Apache Tomcat/10.1.44]
2025-11-18 17:17:04 [restartedMain] INFO  o.a.c.c.C.[Tomcat].[localhost].[/] [] - Initializing Spring embedded WebApplicationContext
2025-11-18 17:17:04 [restartedMain] INFO  o.s.b.w.s.c.ServletWebServerApplicationContext [] - Root WebApplicationContext: initialization completed in 4559 ms
2025-11-18 17:17:05 [restartedMain] DEBUG c.u.U.security.JwtRequestFilter [] - Filter 'jwtRequestFilter' configured for use
2025-11-18 17:17:05 [restartedMain] DEBUG c.u.U.security.ApiFilter [] - Filter 'apiFilter' configured for use
2025-11-18 17:17:06 [restartedMain] INFO  o.h.jpa.internal.util.LogHelper [] - HHH000204: Processing PersistenceUnitInfo [name: default]
2025-11-18 17:17:06 [restartedMain] INFO  org.hibernate.Version [] - HHH000412: Hibernate ORM core version 6.6.26.Final
2025-11-18 17:17:06 [restartedMain] INFO  o.h.c.i.RegionFactoryInitiator [] - HHH000026: Second-level cache disabled
2025-11-18 17:17:07 [restartedMain] INFO  o.s.o.j.p.SpringPersistenceUnitInfo [] - No LoadTimeWeaver setup: ignoring JPA class transformer
2025-11-18 17:17:07 [restartedMain] INFO  com.zaxxer.hikari.HikariDataSource [] - HikariPool-1 - Starting...
2025-11-18 17:17:07 [restartedMain] INFO  com.zaxxer.hikari.pool.HikariPool [] - HikariPool-1 - Added connection com.mysql.cj.jdbc.ConnectionImpl@3b8d6688
2025-11-18 17:17:07 [restartedMain] INFO  com.zaxxer.hikari.HikariDataSource [] - HikariPool-1 - Start completed.
2025-11-18 17:17:08 [restartedMain] WARN  org.hibernate.orm.deprecation [] - HHH90000025: MySQL8Dialect does not need to be specified explicitly using 'hibernate.dialect' (remove the property setting and it will be selected by default)
2025-11-18 17:17:08 [restartedMain] WARN  org.hibernate.orm.deprecation [] - HHH90000026: MySQL8Dialect has been deprecated; use org.hibernate.dialect.MySQLDialect instead
2025-11-18 17:17:08 [restartedMain] INFO  o.hibernate.orm.connections.pooling [] - HHH10001005: Database info:
	Database JDBC URL [Connecting through datasource 'HikariDataSource (HikariPool-1)']
	Database driver: undefined/unknown
	Database version: 8.0
	Autocommit mode: undefined/unknown
	Isolation level: undefined/unknown
	Minimum pool size: undefined/unknown
	Maximum pool size: undefined/unknown
2025-11-18 17:17:08 [restartedMain] DEBUG o.h.t.d.sql.spi.DdlTypeRegistry [] - addDescriptor(12, org.hibernate.type.descriptor.sql.internal.CapacityDependentDdlType@57f4cad3) replaced previous registration(org.hibernate.type.descriptor.sql.internal.CapacityDependentDdlType@6b893f4f)
2025-11-18 17:17:08 [restartedMain] DEBUG o.h.t.d.sql.spi.DdlTypeRegistry [] - addDescriptor(-9, org.hibernate.type.descriptor.sql.internal.CapacityDependentDdlType@1a501733) replaced previous registration(org.hibernate.type.descriptor.sql.internal.CapacityDependentDdlType@604dd050)
2025-11-18 17:17:08 [restartedMain] DEBUG o.h.t.d.sql.spi.DdlTypeRegistry [] - addDescriptor(-3, org.hibernate.type.descriptor.sql.internal.CapacityDependentDdlType@119e2cd8) replaced previous registration(org.hibernate.type.descriptor.sql.internal.CapacityDependentDdlType@33cf1ae3)
2025-11-18 17:17:08 [restartedMain] DEBUG o.h.t.d.sql.spi.DdlTypeRegistry [] - addDescriptor(4003, org.hibernate.type.descriptor.sql.internal.DdlTypeImpl@29bc7a26) replaced previous registration(org.hibernate.type.descriptor.sql.internal.DdlTypeImpl@277df011)
2025-11-18 17:17:08 [restartedMain] DEBUG o.h.t.d.sql.spi.DdlTypeRegistry [] - addDescriptor(4001, org.hibernate.type.descriptor.sql.internal.DdlTypeImpl@4765f0ca) replaced previous registration(org.hibernate.type.descriptor.sql.internal.DdlTypeImpl@c36e2c7)
2025-11-18 17:17:08 [restartedMain] DEBUG o.h.t.d.sql.spi.DdlTypeRegistry [] - addDescriptor(4002, org.hibernate.type.descriptor.sql.internal.DdlTypeImpl@4611c42d) replaced previous registration(org.hibernate.type.descriptor.sql.internal.DdlTypeImpl@ea44986)
2025-11-18 17:17:08 [restartedMain] DEBUG o.h.t.d.sql.spi.DdlTypeRegistry [] - addDescriptor(2004, org.hibernate.type.descriptor.sql.internal.CapacityDependentDdlType@662f0b38) replaced previous registration(org.hibernate.type.descriptor.sql.internal.DdlTypeImpl@5db4fde0)
2025-11-18 17:17:08 [restartedMain] DEBUG o.h.t.d.sql.spi.DdlTypeRegistry [] - addDescriptor(2005, org.hibernate.type.descriptor.sql.internal.CapacityDependentDdlType@154c7ad7) replaced previous registration(org.hibernate.type.descriptor.sql.internal.DdlTypeImpl@3988e981)
2025-11-18 17:17:08 [restartedMain] DEBUG o.h.t.d.sql.spi.DdlTypeRegistry [] - addDescriptor(2011, org.hibernate.type.descriptor.sql.internal.CapacityDependentDdlType@27e05343) replaced previous registration(org.hibernate.type.descriptor.sql.internal.DdlTypeImpl@5dc1f1a2)
2025-11-18 17:17:10 [restartedMain] INFO  o.h.e.t.j.p.i.JtaPlatformInitiator [] - HHH000489: No JTA platform available (set 'hibernate.transaction.jta.platform' to enable JTA platform integration)
2025-11-18 17:17:10 [restartedMain] INFO  o.s.o.j.LocalContainerEntityManagerFactoryBean [] - Initialized JPA EntityManagerFactory for persistence unit 'default'
2025-11-18 17:17:12 [restartedMain] WARN  o.s.b.a.o.j.JpaBaseConfiguration$JpaWebConfiguration [] - spring.jpa.open-in-view is enabled by default. Therefore, database queries may be performed during view rendering. Explicitly configure spring.jpa.open-in-view to disable this warning
2025-11-18 17:17:13 [restartedMain] INFO  o.s.v.b.OptionalValidatorFactoryBean [] - Failed to set up a Bean Validation provider: jakarta.validation.NoProviderFoundException: Unable to create a Configuration, because no Jakarta Bean Validation provider could be found. Add a provider like Hibernate Validator (RI) to your classpath.
2025-11-18 17:17:14 [restartedMain] INFO  o.s.b.d.a.OptionalLiveReloadServer [] - LiveReload server is running on port 35729
2025-11-18 17:17:14 [restartedMain] INFO  o.a.coyote.http11.Http11NioProtocol [] - Starting ProtocolHandler ["http-nio-9001"]
2025-11-18 17:17:14 [restartedMain] INFO  o.s.b.w.e.tomcat.TomcatWebServer [] - Tomcat started on port 9001 (http) with context path '/'
2025-11-18 17:17:14 [restartedMain] INFO  c.u.U.UsersMicroserviceApplication [] - Started UsersMicroserviceApplication in 16.143 seconds (process running for 17.641)
2025-11-18 17:17:26 [http-nio-9001-exec-4] INFO  o.a.c.c.C.[Tomcat].[localhost].[/] [] - Initializing Spring DispatcherServlet 'dispatcherServlet'
2025-11-18 17:17:26 [http-nio-9001-exec-4] DEBUG c.u.U.controllers.UserController [] - DTO recibido - username: null, email: test@test.com
2025-11-18 17:17:42 [http-nio-9001-exec-4] TRACE c.u.U.controllers.UserController [] - POST /user/register email: test@test.com
2025-11-18 17:17:42 [http-nio-9001-exec-4] TRACE c.u.U.service.UserEntityService [] - UserEntityService - createUser - Entrando en método
2025-11-18 17:17:42 [http-nio-9001-exec-4] TRACE c.u.U.service.UserEntityService [] - UserEntityService - createUser - Entrando en if ...
2025-11-18 17:17:43 [SpringApplicationShutdownHook] INFO  o.s.b.w.e.tomcat.GracefulShutdown [] - Commencing graceful shutdown. Waiting for active requests to complete
2025-11-18 17:17:43 [http-nio-9001-exec-4] WARN  c.u.U.service.UserEntityService [] - Data Integrity Violation Exception
2025-11-18 17:17:43 [http-nio-9001-exec-4] WARN  o.s.w.s.m.m.a.ExceptionHandlerExceptionResolver [] - Resolved [com.users.UsersMicroservice.exception.DataIntegrityException: Failed to save User in data base: Username probably already exists or some params ara wrong]
2025-11-18 17:17:43 [http-nio-9001-exec-4] INFO  javamelody [] - remoteAddr = 0:0:0:0:0:0:0:1, request = /user/register?new POST: 16824 ms, error 400, 0 Kb
2025-11-18 17:17:43 [tomcat-shutdown] INFO  o.s.b.w.e.tomcat.GracefulShutdown [] - Graceful shutdown complete
2025-11-18 17:17:43 [SpringApplicationShutdownHook] INFO  o.s.o.j.LocalContainerEntityManagerFactoryBean [] - Closing JPA EntityManagerFactory for persistence unit 'default'
2025-11-18 17:17:43 [SpringApplicationShutdownHook] INFO  com.zaxxer.hikari.HikariDataSource [] - HikariPool-1 - Shutdown initiated...
2025-11-18 17:17:43 [SpringApplicationShutdownHook] INFO  com.zaxxer.hikari.HikariDataSource [] - HikariPool-1 - Shutdown completed.
2025-11-18 17:24:12 [restartedMain] INFO  c.u.U.UsersMicroserviceApplication [] - Starting UsersMicroserviceApplication using Java 17.0.1 with PID 12456 (D:\Documents\micro_backend\UsersMicroservice\target\classes started by rober in D:\Documents\micro_backend\UsersMicroservice)
2025-11-18 17:24:12 [restartedMain] DEBUG c.u.U.UsersMicroserviceApplication [] - Running with Spring Boot v3.5.5, Spring v6.2.10
2025-11-18 17:24:12 [restartedMain] INFO  c.u.U.UsersMicroserviceApplication [] - The following 1 profile is active: "local"
2025-11-18 17:24:12 [restartedMain] INFO  o.s.b.d.e.DevToolsPropertyDefaultsPostProcessor [] - Devtools property defaults active! Set 'spring.devtools.add-properties' to 'false' to disable
2025-11-18 17:24:12 [restartedMain] INFO  o.s.b.d.e.DevToolsPropertyDefaultsPostProcessor [] - For additional web related logging consider setting the 'logging.level.web' property to 'DEBUG'
2025-11-18 17:24:14 [restartedMain] INFO  o.s.d.r.c.RepositoryConfigurationDelegate [] - Multiple Spring Data modules found, entering strict repository configuration mode
2025-11-18 17:24:14 [restartedMain] INFO  o.s.d.r.c.RepositoryConfigurationDelegate [] - Bootstrapping Spring Data JDBC repositories in DEFAULT mode.
2025-11-18 17:24:14 [restartedMain] INFO  o.s.d.r.c.RepositoryConfigurationExtensionSupport [] - Spring Data JDBC - Could not safely identify store assignment for repository candidate interface com.users.UsersMicroservice.repositories.BookListRepository; If you want this repository to be a JDBC repository, consider annotating your entities with one of these annotations: org.springframework.data.relational.core.mapping.Table.
2025-11-18 17:24:14 [restartedMain] INFO  o.s.d.r.c.RepositoryConfigurationExtensionSupport [] - Spring Data JDBC - Could not safely identify store assignment for repository candidate interface com.users.UsersMicroservice.repositories.UserEntityRepository; If you want this repository to be a JDBC repository, consider annotating your entities with one of these annotations: org.springframework.data.relational.core.mapping.Table.
2025-11-18 17:24:14 [restartedMain] INFO  o.s.d.r.c.RepositoryConfigurationExtensionSupport [] - Spring Data JDBC - Could not safely identify store assignment for repository candidate interface com.users.UsersMicroservice.repositories.UserListRepository; If you want this repository to be a JDBC repository, consider annotating your entities with one of these annotations: org.springframework.data.relational.core.mapping.Table.
2025-11-18 17:24:14 [restartedMain] INFO  o.s.d.r.c.RepositoryConfigurationDelegate [] - Finished Spring Data repository scanning in 56 ms. Found 0 JDBC repository interfaces.
2025-11-18 17:24:14 [restartedMain] INFO  o.s.d.r.c.RepositoryConfigurationDelegate [] - Multiple Spring Data modules found, entering strict repository configuration mode
2025-11-18 17:24:14 [restartedMain] INFO  o.s.d.r.c.RepositoryConfigurationDelegate [] - Bootstrapping Spring Data JPA repositories in DEFAULT mode.
2025-11-18 17:24:14 [restartedMain] INFO  o.s.d.r.c.RepositoryConfigurationDelegate [] - Finished Spring Data repository scanning in 45 ms. Found 3 JPA repository interfaces.
2025-11-18 17:24:15 [restartedMain] WARN  o.s.c.s.PostProcessorRegistrationDelegate$BeanPostProcessorChecker [] - Bean 'net.bull.javamelody.JavaMelodyAutoConfiguration' of type [net.bull.javamelody.JavaMelodyAutoConfiguration$$SpringCGLIB$$0] is not eligible for getting processed by all BeanPostProcessors (for example: not eligible for auto-proxying). The currently created BeanPostProcessor [monitoringDataSourceBeanPostProcessor] is declared through a non-static factory method on that class; consider declaring it as static instead.
2025-11-18 17:24:15 [restartedMain] WARN  o.s.c.s.PostProcessorRegistrationDelegate$BeanPostProcessorChecker [] - Bean 'monitoringSpringAdvisor' of type [net.bull.javamelody.MonitoringSpringAdvisor] is not eligible for getting processed by all BeanPostProcessors (for example: not eligible for auto-proxying). Is this bean getting eagerly injected/applied to a currently created BeanPostProcessor [projectingArgumentResolverBeanPostProcessor]? Check the corresponding BeanPostProcessor declaration and its dependencies/advisors. If this bean does not have to be post-processed, declare it with ROLE_INFRASTRUCTURE.
2025-11-18 17:24:15 [restartedMain] WARN  o.s.c.s.PostProcessorRegistrationDelegate$BeanPostProcessorChecker [] - Bean 'monitoringSpringServiceAdvisor' of type [net.bull.javamelody.MonitoringSpringAdvisor] is not eligible for getting processed by all BeanPostProcessors (for example: not eligible for auto-proxying). Is this bean getting eagerly injected/applied to a currently created BeanPostProcessor [projectingArgumentResolverBeanPostProcessor]? Check the corresponding BeanPostProcessor declaration and its dependencies/advisors. If this bean does not have to be post-processed, declare it with ROLE_INFRASTRUCTURE.
2025-11-18 17:24:15 [restartedMain] WARN  o.s.c.s.PostProcessorRegistrationDelegate$BeanPostProcessorChecker [] - Bean 'monitoringSpringControllerAdvisor' of type [net.bull.javamelody.MonitoringSpringAdvisor] is not eligible for getting processed by all BeanPostProcessors (for example: not eligible for auto-proxying). Is this bean getting eagerly injected/applied to a currently created BeanPostProcessor [projectingArgumentResolverBeanPostProcessor]? Check the corresponding BeanPostProcessor declaration and its dependencies/advisors. If this bean does not have to be post-processed, declare it with ROLE_INFRASTRUCTURE.
2025-11-18 17:24:15 [restartedMain] WARN  o.s.c.s.PostProcessorRegistrationDelegate$BeanPostProcessorChecker [] - Bean 'monitoringSpringRestControllerAdvisor' of type [net.bull.javamelody.MonitoringSpringAdvisor] is not eligible for getting processed by all BeanPostProcessors (for example: not eligible for auto-proxying). Is this bean getting eagerly injected/applied to a currently created BeanPostProcessor [projectingArgumentResolverBeanPostProcessor]? Check the corresponding BeanPostProcessor declaration and its dependencies/advisors. If this bean does not have to be post-processed, declare it with ROLE_INFRASTRUCTURE.
2025-11-18 17:24:15 [restartedMain] WARN  o.s.c.s.PostProcessorRegistrationDelegate$BeanPostProcessorChecker [] - Bean 'monitoringSpringAsyncAdvisor' of type [net.bull.javamelody.MonitoringSpringAdvisor] is not eligible for getting processed by all BeanPostProcessors (for example: not eligible for auto-proxying). Is this bean getting eagerly injected/applied to a currently created BeanPostProcessor [projectingArgumentResolverBeanPostProcessor]? Check the corresponding BeanPostProcessor declaration and its dependencies/advisors. If this bean does not have to be post-processed, declare it with ROLE_INFRASTRUCTURE.
2025-11-18 17:24:15 [restartedMain] WARN  o.s.c.s.PostProcessorRegistrationDelegate$BeanPostProcessorChecker [] - Bean 'monitoringSpringScheduledAdvisor' of type [net.bull.javamelody.MonitoringSpringAdvisor] is not eligible for getting processed by all BeanPostProcessors (for example: not eligible for auto-proxying). Is this bean getting eagerly injected/applied to a currently created BeanPostProcessor [projectingArgumentResolverBeanPostProcessor]? Check the corresponding BeanPostProcessor declaration and its dependencies/advisors. If this bean does not have to be post-processed, declare it with ROLE_INFRASTRUCTURE.
2025-11-18 17:24:16 [restartedMain] INFO  o.s.b.w.e.tomcat.TomcatWebServer [] - Tomcat initialized with port 9001 (http)
2025-11-18 17:24:16 [restartedMain] INFO  o.a.coyote.http11.Http11NioProtocol [] - Initializing ProtocolHandler ["http-nio-9001"]
2025-11-18 17:24:16 [restartedMain] INFO  o.a.catalina.core.StandardService [] - Starting service [Tomcat]
2025-11-18 17:24:16 [restartedMain] INFO  o.a.catalina.core.StandardEngine [] - Starting Servlet engine: [Apache Tomcat/10.1.44]
2025-11-18 17:24:16 [restartedMain] INFO  o.a.c.c.C.[Tomcat].[localhost].[/] [] - Initializing Spring embedded WebApplicationContext
2025-11-18 17:24:16 [restartedMain] INFO  o.s.b.w.s.c.ServletWebServerApplicationContext [] - Root WebApplicationContext: initialization completed in 3899 ms
2025-11-18 17:24:18 [restartedMain] DEBUG c.u.U.security.JwtRequestFilter [] - Filter 'jwtRequestFilter' configured for use
2025-11-18 17:24:18 [restartedMain] DEBUG c.u.U.security.ApiFilter [] - Filter 'apiFilter' configured for use
2025-11-18 17:24:18 [restartedMain] INFO  o.h.jpa.internal.util.LogHelper [] - HHH000204: Processing PersistenceUnitInfo [name: default]
2025-11-18 17:24:18 [restartedMain] INFO  org.hibernate.Version [] - HHH000412: Hibernate ORM core version 6.6.26.Final
2025-11-18 17:24:18 [restartedMain] INFO  o.h.c.i.RegionFactoryInitiator [] - HHH000026: Second-level cache disabled
2025-11-18 17:24:18 [restartedMain] INFO  o.s.o.j.p.SpringPersistenceUnitInfo [] - No LoadTimeWeaver setup: ignoring JPA class transformer
2025-11-18 17:24:19 [restartedMain] INFO  com.zaxxer.hikari.HikariDataSource [] - HikariPool-1 - Starting...
2025-11-18 17:24:19 [restartedMain] INFO  com.zaxxer.hikari.pool.HikariPool [] - HikariPool-1 - Added connection com.mysql.cj.jdbc.ConnectionImpl@25b9372a
2025-11-18 17:24:19 [restartedMain] INFO  com.zaxxer.hikari.HikariDataSource [] - HikariPool-1 - Start completed.
2025-11-18 17:24:19 [restartedMain] WARN  org.hibernate.orm.deprecation [] - HHH90000025: MySQL8Dialect does not need to be specified explicitly using 'hibernate.dialect' (remove the property setting and it will be selected by default)
2025-11-18 17:24:19 [restartedMain] WARN  org.hibernate.orm.deprecation [] - HHH90000026: MySQL8Dialect has been deprecated; use org.hibernate.dialect.MySQLDialect instead
2025-11-18 17:24:20 [restartedMain] INFO  o.hibernate.orm.connections.pooling [] - HHH10001005: Database info:
	Database JDBC URL [Connecting through datasource 'HikariDataSource (HikariPool-1)']
	Database driver: undefined/unknown
	Database version: 8.0
	Autocommit mode: undefined/unknown
	Isolation level: undefined/unknown
	Minimum pool size: undefined/unknown
	Maximum pool size: undefined/unknown
2025-11-18 17:24:20 [restartedMain] DEBUG o.h.t.d.sql.spi.DdlTypeRegistry [] - addDescriptor(12, org.hibernate.type.descriptor.sql.internal.CapacityDependentDdlType@3259c2a5) replaced previous registration(org.hibernate.type.descriptor.sql.internal.CapacityDependentDdlType@6391049)
2025-11-18 17:24:20 [restartedMain] DEBUG o.h.t.d.sql.spi.DdlTypeRegistry [] - addDescriptor(-9, org.hibernate.type.descriptor.sql.internal.CapacityDependentDdlType@116a4106) replaced previous registration(org.hibernate.type.descriptor.sql.internal.CapacityDependentDdlType@fb8bfbd)
2025-11-18 17:24:20 [restartedMain] DEBUG o.h.t.d.sql.spi.DdlTypeRegistry [] - addDescriptor(-3, org.hibernate.type.descriptor.sql.internal.CapacityDependentDdlType@73881805) replaced previous registration(org.hibernate.type.descriptor.sql.internal.CapacityDependentDdlType@3d7df565)
2025-11-18 17:24:20 [restartedMain] DEBUG o.h.t.d.sql.spi.DdlTypeRegistry [] - addDescriptor(4003, org.hibernate.type.descriptor.sql.internal.DdlTypeImpl@7edce1bd) replaced previous registration(org.hibernate.type.descriptor.sql.internal.DdlTypeImpl@3453ec8c)
2025-11-18 17:24:20 [restartedMain] DEBUG o.h.t.d.sql.spi.DdlTypeRegistry [] - addDescriptor(4001, org.hibernate.type.descriptor.sql.internal.DdlTypeImpl@7289233) replaced previous registration(org.hibernate.type.descriptor.sql.internal.DdlTypeImpl@552c996e)
2025-11-18 17:24:20 [restartedMain] DEBUG o.h.t.d.sql.spi.DdlTypeRegistry [] - addDescriptor(4002, org.hibernate.type.descriptor.sql.internal.DdlTypeImpl@4ce45b7f) replaced previous registration(org.hibernate.type.descriptor.sql.internal.DdlTypeImpl@6778f9e3)
2025-11-18 17:24:20 [restartedMain] DEBUG o.h.t.d.sql.spi.DdlTypeRegistry [] - addDescriptor(2004, org.hibernate.type.descriptor.sql.internal.CapacityDependentDdlType@24824635) replaced previous registration(org.hibernate.type.descriptor.sql.internal.DdlTypeImpl@15d44c22)
2025-11-18 17:24:20 [restartedMain] DEBUG o.h.t.d.sql.spi.DdlTypeRegistry [] - addDescriptor(2005, org.hibernate.type.descriptor.sql.internal.CapacityDependentDdlType@7b05c244) replaced previous registration(org.hibernate.type.descriptor.sql.internal.DdlTypeImpl@5b129b26)
2025-11-18 17:24:20 [restartedMain] DEBUG o.h.t.d.sql.spi.DdlTypeRegistry [] - addDescriptor(2011, org.hibernate.type.descriptor.sql.internal.CapacityDependentDdlType@6d97dd9f) replaced previous registration(org.hibernate.type.descriptor.sql.internal.DdlTypeImpl@5a152953)
2025-11-18 17:24:22 [restartedMain] INFO  o.h.e.t.j.p.i.JtaPlatformInitiator [] - HHH000489: No JTA platform available (set 'hibernate.transaction.jta.platform' to enable JTA platform integration)
2025-11-18 17:24:22 [restartedMain] INFO  o.s.o.j.LocalContainerEntityManagerFactoryBean [] - Initialized JPA EntityManagerFactory for persistence unit 'default'
2025-11-18 17:24:24 [restartedMain] WARN  o.s.b.a.o.j.JpaBaseConfiguration$JpaWebConfiguration [] - spring.jpa.open-in-view is enabled by default. Therefore, database queries may be performed during view rendering. Explicitly configure spring.jpa.open-in-view to disable this warning
2025-11-18 17:24:25 [restartedMain] INFO  o.s.v.b.OptionalValidatorFactoryBean [] - Failed to set up a Bean Validation provider: jakarta.validation.NoProviderFoundException: Unable to create a Configuration, because no Jakarta Bean Validation provider could be found. Add a provider like Hibernate Validator (RI) to your classpath.
2025-11-18 17:24:26 [restartedMain] INFO  o.s.b.d.a.OptionalLiveReloadServer [] - LiveReload server is running on port 35729
2025-11-18 17:24:26 [restartedMain] INFO  o.a.coyote.http11.Http11NioProtocol [] - Starting ProtocolHandler ["http-nio-9001"]
2025-11-18 17:24:26 [restartedMain] INFO  o.s.b.w.e.tomcat.TomcatWebServer [] - Tomcat started on port 9001 (http) with context path '/'
2025-11-18 17:24:26 [restartedMain] INFO  c.u.U.UsersMicroserviceApplication [] - Started UsersMicroserviceApplication in 15.058 seconds (process running for 16.306)
2025-11-18 17:24:38 [http-nio-9001-exec-1] INFO  o.a.c.c.C.[Tomcat].[localhost].[/] [] - Initializing Spring DispatcherServlet 'dispatcherServlet'
2025-11-18 17:24:38 [http-nio-9001-exec-1] DEBUG c.u.U.controllers.UserController [] - DTO recibido - username: null, email: test@test.com
2025-11-18 17:24:48 [http-nio-9001-exec-1] TRACE c.u.U.controllers.UserController [] - POST /user/register email: test@test.com
2025-11-18 17:24:50 [http-nio-9001-exec-1] TRACE c.u.U.service.UserEntityService [] - UserEntityService - createUser - Entrando en método
2025-11-18 17:24:52 [http-nio-9001-exec-1] TRACE c.u.U.service.UserEntityService [] - UserEntityService - createUser - Entrando en if ...
2025-11-18 17:24:52 [SpringApplicationShutdownHook] INFO  o.s.b.w.e.tomcat.GracefulShutdown [] - Commencing graceful shutdown. Waiting for active requests to complete
2025-11-18 17:24:52 [http-nio-9001-exec-1] WARN  c.u.U.service.UserEntityService [] - Data Integrity Violation Exception
2025-11-18 17:24:52 [http-nio-9001-exec-1] WARN  o.s.w.s.m.m.a.ExceptionHandlerExceptionResolver [] - Resolved [com.users.UsersMicroservice.exception.DataIntegrityException: Failed to save User in data base: Username probably already exists or some params ara wrong]
2025-11-18 17:24:52 [http-nio-9001-exec-1] INFO  javamelody [] - remoteAddr = 0:0:0:0:0:0:0:1, request = /user/register?new POST: 14607 ms, error 400, 0 Kb
2025-11-18 17:24:52 [tomcat-shutdown] INFO  o.s.b.w.e.tomcat.GracefulShutdown [] - Graceful shutdown complete
2025-11-18 17:24:52 [SpringApplicationShutdownHook] INFO  o.s.o.j.LocalContainerEntityManagerFactoryBean [] - Closing JPA EntityManagerFactory for persistence unit 'default'
2025-11-18 17:24:52 [SpringApplicationShutdownHook] INFO  com.zaxxer.hikari.HikariDataSource [] - HikariPool-1 - Shutdown initiated...
2025-11-18 17:24:52 [SpringApplicationShutdownHook] INFO  com.zaxxer.hikari.HikariDataSource [] - HikariPool-1 - Shutdown completed.
2025-11-18 17:27:05 [restartedMain] INFO  c.u.U.UsersMicroserviceApplication [] - Starting UsersMicroserviceApplication using Java 17.0.1 with PID 1780 (D:\Documents\micro_backend\UsersMicroservice\target\classes started by rober in D:\Documents\micro_backend\UsersMicroservice)
2025-11-18 17:27:05 [restartedMain] DEBUG c.u.U.UsersMicroserviceApplication [] - Running with Spring Boot v3.5.5, Spring v6.2.10
2025-11-18 17:27:05 [restartedMain] INFO  c.u.U.UsersMicroserviceApplication [] - The following 1 profile is active: "local"
2025-11-18 17:27:05 [restartedMain] INFO  o.s.b.d.e.DevToolsPropertyDefaultsPostProcessor [] - Devtools property defaults active! Set 'spring.devtools.add-properties' to 'false' to disable
2025-11-18 17:27:05 [restartedMain] INFO  o.s.b.d.e.DevToolsPropertyDefaultsPostProcessor [] - For additional web related logging consider setting the 'logging.level.web' property to 'DEBUG'
2025-11-18 17:27:09 [restartedMain] INFO  o.s.d.r.c.RepositoryConfigurationDelegate [] - Multiple Spring Data modules found, entering strict repository configuration mode
2025-11-18 17:27:09 [restartedMain] INFO  o.s.d.r.c.RepositoryConfigurationDelegate [] - Bootstrapping Spring Data JDBC repositories in DEFAULT mode.
2025-11-18 17:27:09 [restartedMain] INFO  o.s.d.r.c.RepositoryConfigurationExtensionSupport [] - Spring Data JDBC - Could not safely identify store assignment for repository candidate interface com.users.UsersMicroservice.repositories.BookListRepository; If you want this repository to be a JDBC repository, consider annotating your entities with one of these annotations: org.springframework.data.relational.core.mapping.Table.
2025-11-18 17:27:09 [restartedMain] INFO  o.s.d.r.c.RepositoryConfigurationExtensionSupport [] - Spring Data JDBC - Could not safely identify store assignment for repository candidate interface com.users.UsersMicroservice.repositories.UserEntityRepository; If you want this repository to be a JDBC repository, consider annotating your entities with one of these annotations: org.springframework.data.relational.core.mapping.Table.
2025-11-18 17:27:09 [restartedMain] INFO  o.s.d.r.c.RepositoryConfigurationExtensionSupport [] - Spring Data JDBC - Could not safely identify store assignment for repository candidate interface com.users.UsersMicroservice.repositories.UserListRepository; If you want this repository to be a JDBC repository, consider annotating your entities with one of these annotations: org.springframework.data.relational.core.mapping.Table.
2025-11-18 17:27:09 [restartedMain] INFO  o.s.d.r.c.RepositoryConfigurationDelegate [] - Finished Spring Data repository scanning in 169 ms. Found 0 JDBC repository interfaces.
2025-11-18 17:27:09 [restartedMain] INFO  o.s.d.r.c.RepositoryConfigurationDelegate [] - Multiple Spring Data modules found, entering strict repository configuration mode
2025-11-18 17:27:09 [restartedMain] INFO  o.s.d.r.c.RepositoryConfigurationDelegate [] - Bootstrapping Spring Data JPA repositories in DEFAULT mode.
2025-11-18 17:27:09 [restartedMain] INFO  o.s.d.r.c.RepositoryConfigurationDelegate [] - Finished Spring Data repository scanning in 93 ms. Found 3 JPA repository interfaces.
2025-11-18 17:27:10 [restartedMain] WARN  o.s.c.s.PostProcessorRegistrationDelegate$BeanPostProcessorChecker [] - Bean 'net.bull.javamelody.JavaMelodyAutoConfiguration' of type [net.bull.javamelody.JavaMelodyAutoConfiguration$$SpringCGLIB$$0] is not eligible for getting processed by all BeanPostProcessors (for example: not eligible for auto-proxying). The currently created BeanPostProcessor [monitoringDataSourceBeanPostProcessor] is declared through a non-static factory method on that class; consider declaring it as static instead.
2025-11-18 17:27:10 [restartedMain] WARN  o.s.c.s.PostProcessorRegistrationDelegate$BeanPostProcessorChecker [] - Bean 'monitoringSpringAdvisor' of type [net.bull.javamelody.MonitoringSpringAdvisor] is not eligible for getting processed by all BeanPostProcessors (for example: not eligible for auto-proxying). Is this bean getting eagerly injected/applied to a currently created BeanPostProcessor [projectingArgumentResolverBeanPostProcessor]? Check the corresponding BeanPostProcessor declaration and its dependencies/advisors. If this bean does not have to be post-processed, declare it with ROLE_INFRASTRUCTURE.
2025-11-18 17:27:10 [restartedMain] WARN  o.s.c.s.PostProcessorRegistrationDelegate$BeanPostProcessorChecker [] - Bean 'monitoringSpringServiceAdvisor' of type [net.bull.javamelody.MonitoringSpringAdvisor] is not eligible for getting processed by all BeanPostProcessors (for example: not eligible for auto-proxying). Is this bean getting eagerly injected/applied to a currently created BeanPostProcessor [projectingArgumentResolverBeanPostProcessor]? Check the corresponding BeanPostProcessor declaration and its dependencies/advisors. If this bean does not have to be post-processed, declare it with ROLE_INFRASTRUCTURE.
2025-11-18 17:27:10 [restartedMain] WARN  o.s.c.s.PostProcessorRegistrationDelegate$BeanPostProcessorChecker [] - Bean 'monitoringSpringControllerAdvisor' of type [net.bull.javamelody.MonitoringSpringAdvisor] is not eligible for getting processed by all BeanPostProcessors (for example: not eligible for auto-proxying). Is this bean getting eagerly injected/applied to a currently created BeanPostProcessor [projectingArgumentResolverBeanPostProcessor]? Check the corresponding BeanPostProcessor declaration and its dependencies/advisors. If this bean does not have to be post-processed, declare it with ROLE_INFRASTRUCTURE.
2025-11-18 17:27:10 [restartedMain] WARN  o.s.c.s.PostProcessorRegistrationDelegate$BeanPostProcessorChecker [] - Bean 'monitoringSpringRestControllerAdvisor' of type [net.bull.javamelody.MonitoringSpringAdvisor] is not eligible for getting processed by all BeanPostProcessors (for example: not eligible for auto-proxying). Is this bean getting eagerly injected/applied to a currently created BeanPostProcessor [projectingArgumentResolverBeanPostProcessor]? Check the corresponding BeanPostProcessor declaration and its dependencies/advisors. If this bean does not have to be post-processed, declare it with ROLE_INFRASTRUCTURE.
2025-11-18 17:27:10 [restartedMain] WARN  o.s.c.s.PostProcessorRegistrationDelegate$BeanPostProcessorChecker [] - Bean 'monitoringSpringAsyncAdvisor' of type [net.bull.javamelody.MonitoringSpringAdvisor] is not eligible for getting processed by all BeanPostProcessors (for example: not eligible for auto-proxying). Is this bean getting eagerly injected/applied to a currently created BeanPostProcessor [projectingArgumentResolverBeanPostProcessor]? Check the corresponding BeanPostProcessor declaration and its dependencies/advisors. If this bean does not have to be post-processed, declare it with ROLE_INFRASTRUCTURE.
2025-11-18 17:27:10 [restartedMain] WARN  o.s.c.s.PostProcessorRegistrationDelegate$BeanPostProcessorChecker [] - Bean 'monitoringSpringScheduledAdvisor' of type [net.bull.javamelody.MonitoringSpringAdvisor] is not eligible for getting processed by all BeanPostProcessors (for example: not eligible for auto-proxying). Is this bean getting eagerly injected/applied to a currently created BeanPostProcessor [projectingArgumentResolverBeanPostProcessor]? Check the corresponding BeanPostProcessor declaration and its dependencies/advisors. If this bean does not have to be post-processed, declare it with ROLE_INFRASTRUCTURE.
2025-11-18 17:27:12 [restartedMain] INFO  o.s.b.w.e.tomcat.TomcatWebServer [] - Tomcat initialized with port 9001 (http)
2025-11-18 17:27:12 [restartedMain] INFO  o.a.coyote.http11.Http11NioProtocol [] - Initializing ProtocolHandler ["http-nio-9001"]
2025-11-18 17:27:12 [restartedMain] INFO  o.a.catalina.core.StandardService [] - Starting service [Tomcat]
2025-11-18 17:27:12 [restartedMain] INFO  o.a.catalina.core.StandardEngine [] - Starting Servlet engine: [Apache Tomcat/10.1.44]
2025-11-18 17:27:12 [restartedMain] INFO  o.a.c.c.C.[Tomcat].[localhost].[/] [] - Initializing Spring embedded WebApplicationContext
2025-11-18 17:27:12 [restartedMain] INFO  o.s.b.w.s.c.ServletWebServerApplicationContext [] - Root WebApplicationContext: initialization completed in 7455 ms
2025-11-18 17:27:13 [restartedMain] INFO  net.bull.javamelody [] - Do not use the same storage directory with multiple instances or it will cause data loss. Configure the storage-directory parameter if needed.
2025-11-18 17:27:15 [restartedMain] DEBUG c.u.U.security.JwtRequestFilter [] - Filter 'jwtRequestFilter' configured for use
2025-11-18 17:27:15 [restartedMain] DEBUG c.u.U.security.ApiFilter [] - Filter 'apiFilter' configured for use
2025-11-18 17:27:16 [restartedMain] INFO  o.h.jpa.internal.util.LogHelper [] - HHH000204: Processing PersistenceUnitInfo [name: default]
2025-11-18 17:27:17 [restartedMain] INFO  org.hibernate.Version [] - HHH000412: Hibernate ORM core version 6.6.26.Final
2025-11-18 17:27:17 [restartedMain] INFO  o.h.c.i.RegionFactoryInitiator [] - HHH000026: Second-level cache disabled
2025-11-18 17:27:18 [restartedMain] INFO  o.s.o.j.p.SpringPersistenceUnitInfo [] - No LoadTimeWeaver setup: ignoring JPA class transformer
2025-11-18 17:27:18 [restartedMain] INFO  com.zaxxer.hikari.HikariDataSource [] - HikariPool-1 - Starting...
2025-11-18 17:27:19 [restartedMain] INFO  com.zaxxer.hikari.pool.HikariPool [] - HikariPool-1 - Added connection com.mysql.cj.jdbc.ConnectionImpl@9574d96
2025-11-18 17:27:19 [restartedMain] INFO  com.zaxxer.hikari.HikariDataSource [] - HikariPool-1 - Start completed.
2025-11-18 17:27:19 [restartedMain] WARN  org.hibernate.orm.deprecation [] - HHH90000025: MySQL8Dialect does not need to be specified explicitly using 'hibernate.dialect' (remove the property setting and it will be selected by default)
2025-11-18 17:27:19 [restartedMain] WARN  org.hibernate.orm.deprecation [] - HHH90000026: MySQL8Dialect has been deprecated; use org.hibernate.dialect.MySQLDialect instead
2025-11-18 17:27:19 [restartedMain] INFO  o.hibernate.orm.connections.pooling [] - HHH10001005: Database info:
	Database JDBC URL [Connecting through datasource 'HikariDataSource (HikariPool-1)']
	Database driver: undefined/unknown
	Database version: 8.0
	Autocommit mode: undefined/unknown
	Isolation level: undefined/unknown
	Minimum pool size: undefined/unknown
	Maximum pool size: undefined/unknown
2025-11-18 17:27:19 [restartedMain] DEBUG o.h.t.d.sql.spi.DdlTypeRegistry [] - addDescriptor(12, org.hibernate.type.descriptor.sql.internal.CapacityDependentDdlType@6747a366) replaced previous registration(org.hibernate.type.descriptor.sql.internal.CapacityDependentDdlType@363f028d)
2025-11-18 17:27:19 [restartedMain] DEBUG o.h.t.d.sql.spi.DdlTypeRegistry [] - addDescriptor(-9, org.hibernate.type.descriptor.sql.internal.CapacityDependentDdlType@36fb9719) replaced previous registration(org.hibernate.type.descriptor.sql.internal.CapacityDependentDdlType@380487a9)
2025-11-18 17:27:19 [restartedMain] DEBUG o.h.t.d.sql.spi.DdlTypeRegistry [] - addDescriptor(-3, org.hibernate.type.descriptor.sql.internal.CapacityDependentDdlType@62024f5c) replaced previous registration(org.hibernate.type.descriptor.sql.internal.CapacityDependentDdlType@2ce702fb)
2025-11-18 17:27:19 [restartedMain] DEBUG o.h.t.d.sql.spi.DdlTypeRegistry [] - addDescriptor(4003, org.hibernate.type.descriptor.sql.internal.DdlTypeImpl@464e0b21) replaced previous registration(org.hibernate.type.descriptor.sql.internal.DdlTypeImpl@5a6bf58e)
2025-11-18 17:27:19 [restartedMain] DEBUG o.h.t.d.sql.spi.DdlTypeRegistry [] - addDescriptor(4001, org.hibernate.type.descriptor.sql.internal.DdlTypeImpl@2a632930) replaced previous registration(org.hibernate.type.descriptor.sql.internal.DdlTypeImpl@3e07065d)
2025-11-18 17:27:19 [restartedMain] DEBUG o.h.t.d.sql.spi.DdlTypeRegistry [] - addDescriptor(4002, org.hibernate.type.descriptor.sql.internal.DdlTypeImpl@82605bf) replaced previous registration(org.hibernate.type.descriptor.sql.internal.DdlTypeImpl@de456b0)
2025-11-18 17:27:19 [restartedMain] DEBUG o.h.t.d.sql.spi.DdlTypeRegistry [] - addDescriptor(2004, org.hibernate.type.descriptor.sql.internal.CapacityDependentDdlType@3efdc495) replaced previous registration(org.hibernate.type.descriptor.sql.internal.DdlTypeImpl@384e08f9)
2025-11-18 17:27:19 [restartedMain] DEBUG o.h.t.d.sql.spi.DdlTypeRegistry [] - addDescriptor(2005, org.hibernate.type.descriptor.sql.internal.CapacityDependentDdlType@fdf9b2) replaced previous registration(org.hibernate.type.descriptor.sql.internal.DdlTypeImpl@2f036ecb)
2025-11-18 17:27:19 [restartedMain] DEBUG o.h.t.d.sql.spi.DdlTypeRegistry [] - addDescriptor(2011, org.hibernate.type.descriptor.sql.internal.CapacityDependentDdlType@7f8aded2) replaced previous registration(org.hibernate.type.descriptor.sql.internal.DdlTypeImpl@37cb181a)
2025-11-18 17:27:21 [restartedMain] INFO  o.h.e.t.j.p.i.JtaPlatformInitiator [] - HHH000489: No JTA platform available (set 'hibernate.transaction.jta.platform' to enable JTA platform integration)
2025-11-18 17:27:21 [restartedMain] INFO  o.s.o.j.LocalContainerEntityManagerFactoryBean [] - Initialized JPA EntityManagerFactory for persistence unit 'default'
2025-11-18 17:27:23 [restartedMain] WARN  o.s.b.a.o.j.JpaBaseConfiguration$JpaWebConfiguration [] - spring.jpa.open-in-view is enabled by default. Therefore, database queries may be performed during view rendering. Explicitly configure spring.jpa.open-in-view to disable this warning
2025-11-18 17:27:24 [restartedMain] INFO  o.s.v.b.OptionalValidatorFactoryBean [] - Failed to set up a Bean Validation provider: jakarta.validation.NoProviderFoundException: Unable to create a Configuration, because no Jakarta Bean Validation provider could be found. Add a provider like Hibernate Validator (RI) to your classpath.
2025-11-18 17:27:25 [restartedMain] WARN  o.s.b.d.a.OptionalLiveReloadServer [] - Unable to start LiveReload server
2025-11-18 17:27:25 [restartedMain] INFO  o.a.coyote.http11.Http11NioProtocol [] - Starting ProtocolHandler ["http-nio-9001"]
2025-11-18 17:27:25 [restartedMain] INFO  o.s.b.w.e.tomcat.TomcatWebServer [] - Tomcat started on port 9001 (http) with context path '/'
2025-11-18 17:27:26 [restartedMain] INFO  c.u.U.UsersMicroserviceApplication [] - Started UsersMicroserviceApplication in 22.508 seconds (process running for 24.783)
2025-11-18 17:31:51 [http-nio-9001-exec-1] INFO  o.a.c.c.C.[Tomcat].[localhost].[/] [] - Initializing Spring DispatcherServlet 'dispatcherServlet'
2025-11-18 17:31:51 [http-nio-9001-exec-1] TRACE c.u.U.controllers.UserController [] - POST /auth/ Entering controller with email: roykent@outlook.com
2025-11-18 17:31:52 [http-nio-9001-exec-1] DEBUG org.hibernate.SQL [] - select ue1_0.id,ue1_0.birthday,ue1_0.created_at,ue1_0.email,ue1_0.fullname,ue1_0.gender,ue1_0.last_password_change_at,ue1_0.password,ue1_0.profile_image,ue1_0.username from users ue1_0 where ue1_0.email=?
2025-11-18 17:31:52 [http-nio-9001-exec-1] DEBUG org.hibernate.SQL [] - select r1_0.user_entity_id,r1_0.roles from user_entity_roles r1_0 where r1_0.user_entity_id=?
2025-11-18 17:31:52 [http-nio-9001-exec-1] TRACE c.u.U.service.UserEntityService [] - Entrando en userLogin
2025-11-18 17:31:52 [http-nio-9001-exec-1] TRACE c.u.U.service.UserEntityService [] - Id del usuario: 0cfd2af7-d344-4476-ac71-d0e81d786b0a
2025-11-18 17:31:52 [http-nio-9001-exec-1] INFO  javamelody [] - remoteAddr = 127.0.0.1, request = /user/auth/roykent%40outlook.com GET: 1217 ms, 0 Kb
2025-11-18 17:31:53 [http-nio-9001-exec-2] INFO  javamelody [] - remoteAddr = 127.0.0.1, request = /files/1761830678918_roy.png GET: 16 ms, 126 Kb
2025-11-18 17:34:32 [http-nio-9001-exec-10] TRACE c.u.U.controllers.UserController [] - POST /newlist controller: null
2025-11-18 17:34:32 [http-nio-9001-exec-10] WARN  c.u.U.service.UserEntityService [] - Wrong data for new list
2025-11-18 17:34:32 [http-nio-9001-exec-10] WARN  o.s.w.s.m.m.a.ExceptionHandlerExceptionResolver [] - Resolved [com.users.UsersMicroservice.exception.BadNewListRequestException: Valid list name required]
2025-11-18 17:34:32 [http-nio-9001-exec-10] INFO  javamelody [] - remoteAddr = 0:0:0:0:0:0:0:1, request = /user/auth/newlist POST: 229 ms, error 400, 0 Kb
2025-11-18 17:34:56 [SpringApplicationShutdownHook] INFO  o.s.b.w.e.tomcat.GracefulShutdown [] - Commencing graceful shutdown. Waiting for active requests to complete
2025-11-18 17:34:56 [tomcat-shutdown] INFO  o.s.b.w.e.tomcat.GracefulShutdown [] - Graceful shutdown complete
2025-11-18 17:34:56 [SpringApplicationShutdownHook] INFO  o.s.o.j.LocalContainerEntityManagerFactoryBean [] - Closing JPA EntityManagerFactory for persistence unit 'default'
2025-11-18 17:34:56 [SpringApplicationShutdownHook] INFO  com.zaxxer.hikari.HikariDataSource [] - HikariPool-1 - Shutdown initiated...
2025-11-18 17:34:56 [SpringApplicationShutdownHook] INFO  com.zaxxer.hikari.HikariDataSource [] - HikariPool-1 - Shutdown completed.
2025-11-18 17:35:05 [restartedMain] INFO  c.u.U.UsersMicroserviceApplication [] - Starting UsersMicroserviceApplication using Java 17.0.1 with PID 4448 (D:\Documents\micro_backend\UsersMicroservice\target\classes started by rober in D:\Documents\micro_backend\UsersMicroservice)
2025-11-18 17:35:05 [restartedMain] DEBUG c.u.U.UsersMicroserviceApplication [] - Running with Spring Boot v3.5.5, Spring v6.2.10
2025-11-18 17:35:05 [restartedMain] INFO  c.u.U.UsersMicroserviceApplication [] - The following 1 profile is active: "local"
2025-11-18 17:35:06 [restartedMain] INFO  o.s.b.d.e.DevToolsPropertyDefaultsPostProcessor [] - Devtools property defaults active! Set 'spring.devtools.add-properties' to 'false' to disable
2025-11-18 17:35:06 [restartedMain] INFO  o.s.b.d.e.DevToolsPropertyDefaultsPostProcessor [] - For additional web related logging consider setting the 'logging.level.web' property to 'DEBUG'
2025-11-18 17:35:08 [restartedMain] INFO  o.s.d.r.c.RepositoryConfigurationDelegate [] - Multiple Spring Data modules found, entering strict repository configuration mode
2025-11-18 17:35:08 [restartedMain] INFO  o.s.d.r.c.RepositoryConfigurationDelegate [] - Bootstrapping Spring Data JDBC repositories in DEFAULT mode.
2025-11-18 17:35:08 [restartedMain] INFO  o.s.d.r.c.RepositoryConfigurationExtensionSupport [] - Spring Data JDBC - Could not safely identify store assignment for repository candidate interface com.users.UsersMicroservice.repositories.BookListRepository; If you want this repository to be a JDBC repository, consider annotating your entities with one of these annotations: org.springframework.data.relational.core.mapping.Table.
2025-11-18 17:35:08 [restartedMain] INFO  o.s.d.r.c.RepositoryConfigurationExtensionSupport [] - Spring Data JDBC - Could not safely identify store assignment for repository candidate interface com.users.UsersMicroservice.repositories.UserEntityRepository; If you want this repository to be a JDBC repository, consider annotating your entities with one of these annotations: org.springframework.data.relational.core.mapping.Table.
2025-11-18 17:35:08 [restartedMain] INFO  o.s.d.r.c.RepositoryConfigurationExtensionSupport [] - Spring Data JDBC - Could not safely identify store assignment for repository candidate interface com.users.UsersMicroservice.repositories.UserListRepository; If you want this repository to be a JDBC repository, consider annotating your entities with one of these annotations: org.springframework.data.relational.core.mapping.Table.
2025-11-18 17:35:08 [restartedMain] INFO  o.s.d.r.c.RepositoryConfigurationDelegate [] - Finished Spring Data repository scanning in 87 ms. Found 0 JDBC repository interfaces.
2025-11-18 17:35:08 [restartedMain] INFO  o.s.d.r.c.RepositoryConfigurationDelegate [] - Multiple Spring Data modules found, entering strict repository configuration mode
2025-11-18 17:35:08 [restartedMain] INFO  o.s.d.r.c.RepositoryConfigurationDelegate [] - Bootstrapping Spring Data JPA repositories in DEFAULT mode.
2025-11-18 17:35:08 [restartedMain] INFO  o.s.d.r.c.RepositoryConfigurationDelegate [] - Finished Spring Data repository scanning in 58 ms. Found 3 JPA repository interfaces.
2025-11-18 17:35:09 [restartedMain] WARN  o.s.c.s.PostProcessorRegistrationDelegate$BeanPostProcessorChecker [] - Bean 'net.bull.javamelody.JavaMelodyAutoConfiguration' of type [net.bull.javamelody.JavaMelodyAutoConfiguration$$SpringCGLIB$$0] is not eligible for getting processed by all BeanPostProcessors (for example: not eligible for auto-proxying). The currently created BeanPostProcessor [monitoringDataSourceBeanPostProcessor] is declared through a non-static factory method on that class; consider declaring it as static instead.
2025-11-18 17:35:09 [restartedMain] WARN  o.s.c.s.PostProcessorRegistrationDelegate$BeanPostProcessorChecker [] - Bean 'monitoringSpringAdvisor' of type [net.bull.javamelody.MonitoringSpringAdvisor] is not eligible for getting processed by all BeanPostProcessors (for example: not eligible for auto-proxying). Is this bean getting eagerly injected/applied to a currently created BeanPostProcessor [projectingArgumentResolverBeanPostProcessor]? Check the corresponding BeanPostProcessor declaration and its dependencies/advisors. If this bean does not have to be post-processed, declare it with ROLE_INFRASTRUCTURE.
2025-11-18 17:35:09 [restartedMain] WARN  o.s.c.s.PostProcessorRegistrationDelegate$BeanPostProcessorChecker [] - Bean 'monitoringSpringServiceAdvisor' of type [net.bull.javamelody.MonitoringSpringAdvisor] is not eligible for getting processed by all BeanPostProcessors (for example: not eligible for auto-proxying). Is this bean getting eagerly injected/applied to a currently created BeanPostProcessor [projectingArgumentResolverBeanPostProcessor]? Check the corresponding BeanPostProcessor declaration and its dependencies/advisors. If this bean does not have to be post-processed, declare it with ROLE_INFRASTRUCTURE.
2025-11-18 17:35:09 [restartedMain] WARN  o.s.c.s.PostProcessorRegistrationDelegate$BeanPostProcessorChecker [] - Bean 'monitoringSpringControllerAdvisor' of type [net.bull.javamelody.MonitoringSpringAdvisor] is not eligible for getting processed by all BeanPostProcessors (for example: not eligible for auto-proxying). Is this bean getting eagerly injected/applied to a currently created BeanPostProcessor [projectingArgumentResolverBeanPostProcessor]? Check the corresponding BeanPostProcessor declaration and its dependencies/advisors. If this bean does not have to be post-processed, declare it with ROLE_INFRASTRUCTURE.
2025-11-18 17:35:09 [restartedMain] WARN  o.s.c.s.PostProcessorRegistrationDelegate$BeanPostProcessorChecker [] - Bean 'monitoringSpringRestControllerAdvisor' of type [net.bull.javamelody.MonitoringSpringAdvisor] is not eligible for getting processed by all BeanPostProcessors (for example: not eligible for auto-proxying). Is this bean getting eagerly injected/applied to a currently created BeanPostProcessor [projectingArgumentResolverBeanPostProcessor]? Check the corresponding BeanPostProcessor declaration and its dependencies/advisors. If this bean does not have to be post-processed, declare it with ROLE_INFRASTRUCTURE.
2025-11-18 17:35:09 [restartedMain] WARN  o.s.c.s.PostProcessorRegistrationDelegate$BeanPostProcessorChecker [] - Bean 'monitoringSpringAsyncAdvisor' of type [net.bull.javamelody.MonitoringSpringAdvisor] is not eligible for getting processed by all BeanPostProcessors (for example: not eligible for auto-proxying). Is this bean getting eagerly injected/applied to a currently created BeanPostProcessor [projectingArgumentResolverBeanPostProcessor]? Check the corresponding BeanPostProcessor declaration and its dependencies/advisors. If this bean does not have to be post-processed, declare it with ROLE_INFRASTRUCTURE.
2025-11-18 17:35:09 [restartedMain] WARN  o.s.c.s.PostProcessorRegistrationDelegate$BeanPostProcessorChecker [] - Bean 'monitoringSpringScheduledAdvisor' of type [net.bull.javamelody.MonitoringSpringAdvisor] is not eligible for getting processed by all BeanPostProcessors (for example: not eligible for auto-proxying). Is this bean getting eagerly injected/applied to a currently created BeanPostProcessor [projectingArgumentResolverBeanPostProcessor]? Check the corresponding BeanPostProcessor declaration and its dependencies/advisors. If this bean does not have to be post-processed, declare it with ROLE_INFRASTRUCTURE.
2025-11-18 17:35:10 [restartedMain] INFO  o.s.b.w.e.tomcat.TomcatWebServer [] - Tomcat initialized with port 9001 (http)
2025-11-18 17:35:10 [restartedMain] INFO  o.a.coyote.http11.Http11NioProtocol [] - Initializing ProtocolHandler ["http-nio-9001"]
2025-11-18 17:35:10 [restartedMain] INFO  o.a.catalina.core.StandardService [] - Starting service [Tomcat]
2025-11-18 17:35:10 [restartedMain] INFO  o.a.catalina.core.StandardEngine [] - Starting Servlet engine: [Apache Tomcat/10.1.44]
2025-11-18 17:35:10 [restartedMain] INFO  o.a.c.c.C.[Tomcat].[localhost].[/] [] - Initializing Spring embedded WebApplicationContext
2025-11-18 17:35:10 [restartedMain] INFO  o.s.b.w.s.c.ServletWebServerApplicationContext [] - Root WebApplicationContext: initialization completed in 4793 ms
2025-11-18 17:35:11 [restartedMain] INFO  net.bull.javamelody [] - Do not use the same storage directory with multiple instances or it will cause data loss. Configure the storage-directory parameter if needed.
2025-11-18 17:35:12 [restartedMain] DEBUG c.u.U.security.JwtRequestFilter [] - Filter 'jwtRequestFilter' configured for use
2025-11-18 17:35:12 [restartedMain] DEBUG c.u.U.security.ApiFilter [] - Filter 'apiFilter' configured for use
2025-11-18 17:35:12 [restartedMain] INFO  o.h.jpa.internal.util.LogHelper [] - HHH000204: Processing PersistenceUnitInfo [name: default]
2025-11-18 17:35:12 [restartedMain] INFO  org.hibernate.Version [] - HHH000412: Hibernate ORM core version 6.6.26.Final
2025-11-18 17:35:12 [restartedMain] INFO  o.h.c.i.RegionFactoryInitiator [] - HHH000026: Second-level cache disabled
2025-11-18 17:35:13 [restartedMain] INFO  o.s.o.j.p.SpringPersistenceUnitInfo [] - No LoadTimeWeaver setup: ignoring JPA class transformer
2025-11-18 17:35:13 [restartedMain] INFO  com.zaxxer.hikari.HikariDataSource [] - HikariPool-1 - Starting...
2025-11-18 17:35:14 [restartedMain] INFO  com.zaxxer.hikari.pool.HikariPool [] - HikariPool-1 - Added connection com.mysql.cj.jdbc.ConnectionImpl@563b9e2b
2025-11-18 17:35:14 [restartedMain] INFO  com.zaxxer.hikari.HikariDataSource [] - HikariPool-1 - Start completed.
2025-11-18 17:35:14 [restartedMain] WARN  org.hibernate.orm.deprecation [] - HHH90000025: MySQL8Dialect does not need to be specified explicitly using 'hibernate.dialect' (remove the property setting and it will be selected by default)
2025-11-18 17:35:14 [restartedMain] WARN  org.hibernate.orm.deprecation [] - HHH90000026: MySQL8Dialect has been deprecated; use org.hibernate.dialect.MySQLDialect instead
2025-11-18 17:35:14 [restartedMain] INFO  o.hibernate.orm.connections.pooling [] - HHH10001005: Database info:
	Database JDBC URL [Connecting through datasource 'HikariDataSource (HikariPool-1)']
	Database driver: undefined/unknown
	Database version: 8.0
	Autocommit mode: undefined/unknown
	Isolation level: undefined/unknown
	Minimum pool size: undefined/unknown
	Maximum pool size: undefined/unknown
2025-11-18 17:35:14 [restartedMain] DEBUG o.h.t.d.sql.spi.DdlTypeRegistry [] - addDescriptor(12, org.hibernate.type.descriptor.sql.internal.CapacityDependentDdlType@456886c8) replaced previous registration(org.hibernate.type.descriptor.sql.internal.CapacityDependentDdlType@19139823)
2025-11-18 17:35:14 [restartedMain] DEBUG o.h.t.d.sql.spi.DdlTypeRegistry [] - addDescriptor(-9, org.hibernate.type.descriptor.sql.internal.CapacityDependentDdlType@5631e4bb) replaced previous registration(org.hibernate.type.descriptor.sql.internal.CapacityDependentDdlType@59f8288e)
2025-11-18 17:35:14 [restartedMain] DEBUG o.h.t.d.sql.spi.DdlTypeRegistry [] - addDescriptor(-3, org.hibernate.type.descriptor.sql.internal.CapacityDependentDdlType@5827abbf) replaced previous registration(org.hibernate.type.descriptor.sql.internal.CapacityDependentDdlType@5d70f218)
2025-11-18 17:35:14 [restartedMain] DEBUG o.h.t.d.sql.spi.DdlTypeRegistry [] - addDescriptor(4003, org.hibernate.type.descriptor.sql.internal.DdlTypeImpl@43dc131) replaced previous registration(org.hibernate.type.descriptor.sql.internal.DdlTypeImpl@1c993560)
2025-11-18 17:35:14 [restartedMain] DEBUG o.h.t.d.sql.spi.DdlTypeRegistry [] - addDescriptor(4001, org.hibernate.type.descriptor.sql.internal.DdlTypeImpl@79860f1f) replaced previous registration(org.hibernate.type.descriptor.sql.internal.DdlTypeImpl@233cc205)
2025-11-18 17:35:14 [restartedMain] DEBUG o.h.t.d.sql.spi.DdlTypeRegistry [] - addDescriptor(4002, org.hibernate.type.descriptor.sql.internal.DdlTypeImpl@4962ab1a) replaced previous registration(org.hibernate.type.descriptor.sql.internal.DdlTypeImpl@1c05b563)
2025-11-18 17:35:14 [restartedMain] DEBUG o.h.t.d.sql.spi.DdlTypeRegistry [] - addDescriptor(2004, org.hibernate.type.descriptor.sql.internal.CapacityDependentDdlType@5532af0b) replaced previous registration(org.hibernate.type.descriptor.sql.internal.DdlTypeImpl@105b6342)
2025-11-18 17:35:14 [restartedMain] DEBUG o.h.t.d.sql.spi.DdlTypeRegistry [] - addDescriptor(2005, org.hibernate.type.descriptor.sql.internal.CapacityDependentDdlType@4cbd2028) replaced previous registration(org.hibernate.type.descriptor.sql.internal.DdlTypeImpl@7da23a71)
2025-11-18 17:35:14 [restartedMain] DEBUG o.h.t.d.sql.spi.DdlTypeRegistry [] - addDescriptor(2011, org.hibernate.type.descriptor.sql.internal.CapacityDependentDdlType@3d288839) replaced previous registration(org.hibernate.type.descriptor.sql.internal.DdlTypeImpl@76a2adad)
2025-11-18 17:35:16 [restartedMain] INFO  o.h.e.t.j.p.i.JtaPlatformInitiator [] - HHH000489: No JTA platform available (set 'hibernate.transaction.jta.platform' to enable JTA platform integration)
2025-11-18 17:35:16 [restartedMain] INFO  o.s.o.j.LocalContainerEntityManagerFactoryBean [] - Initialized JPA EntityManagerFactory for persistence unit 'default'
2025-11-18 17:35:18 [restartedMain] WARN  o.s.b.a.o.j.JpaBaseConfiguration$JpaWebConfiguration [] - spring.jpa.open-in-view is enabled by default. Therefore, database queries may be performed during view rendering. Explicitly configure spring.jpa.open-in-view to disable this warning
2025-11-18 17:35:19 [restartedMain] INFO  o.s.v.b.OptionalValidatorFactoryBean [] - Failed to set up a Bean Validation provider: jakarta.validation.NoProviderFoundException: Unable to create a Configuration, because no Jakarta Bean Validation provider could be found. Add a provider like Hibernate Validator (RI) to your classpath.
2025-11-18 17:35:28 [restartedMain] WARN  o.s.b.d.a.OptionalLiveReloadServer [] - Unable to start LiveReload server
2025-11-18 17:35:28 [restartedMain] INFO  o.a.coyote.http11.Http11NioProtocol [] - Starting ProtocolHandler ["http-nio-9001"]
2025-11-18 17:35:28 [restartedMain] INFO  o.s.b.w.e.tomcat.TomcatWebServer [] - Tomcat started on port 9001 (http) with context path '/'
2025-11-18 17:35:28 [restartedMain] INFO  c.u.U.UsersMicroserviceApplication [] - Started UsersMicroserviceApplication in 23.992 seconds (process running for 26.042)
2025-11-18 17:35:58 [http-nio-9001-exec-1] INFO  o.a.c.c.C.[Tomcat].[localhost].[/] [] - Initializing Spring DispatcherServlet 'dispatcherServlet'
2025-11-18 17:36:05 [http-nio-9001-exec-1] TRACE c.u.U.controllers.UserController [] - POST /newlist controller: null
2025-11-18 17:37:00 [HikariPool-1:housekeeper] WARN  com.zaxxer.hikari.pool.HikariPool [] - HikariPool-1 - Thread starvation or clock leap detected (housekeeper delta=1m16s26ms623µs600ns).
2025-11-18 17:37:08 [http-nio-9001-exec-1] WARN  c.u.U.service.UserEntityService [] - Wrong data for new list
2025-11-18 17:37:10 [http-nio-9001-exec-1] WARN  o.s.w.s.m.m.a.ExceptionHandlerExceptionResolver [] - Resolved [com.users.UsersMicroservice.exception.BadNewListRequestException: Valid list name required]
2025-11-18 17:37:10 [http-nio-9001-exec-1] INFO  javamelody [] - remoteAddr = 0:0:0:0:0:0:0:1, request = /user/auth/newlist POST: 71458 ms, error 400, 0 Kb
2025-11-18 17:37:46 [SpringApplicationShutdownHook] INFO  o.s.b.w.e.tomcat.GracefulShutdown [] - Commencing graceful shutdown. Waiting for active requests to complete
2025-11-18 17:37:47 [tomcat-shutdown] INFO  o.s.b.w.e.tomcat.GracefulShutdown [] - Graceful shutdown complete
2025-11-18 17:37:47 [SpringApplicationShutdownHook] INFO  o.s.o.j.LocalContainerEntityManagerFactoryBean [] - Closing JPA EntityManagerFactory for persistence unit 'default'
2025-11-18 17:37:47 [SpringApplicationShutdownHook] INFO  com.zaxxer.hikari.HikariDataSource [] - HikariPool-1 - Shutdown initiated...
2025-11-18 17:37:47 [SpringApplicationShutdownHook] INFO  com.zaxxer.hikari.HikariDataSource [] - HikariPool-1 - Shutdown completed.
2025-11-18 17:37:53 [restartedMain] INFO  c.u.U.UsersMicroserviceApplication [] - Starting UsersMicroserviceApplication using Java 17.0.1 with PID 13824 (D:\Documents\micro_backend\UsersMicroservice\target\classes started by rober in D:\Documents\micro_backend\UsersMicroservice)
2025-11-18 17:37:53 [restartedMain] DEBUG c.u.U.UsersMicroserviceApplication [] - Running with Spring Boot v3.5.5, Spring v6.2.10
2025-11-18 17:37:53 [restartedMain] INFO  c.u.U.UsersMicroserviceApplication [] - The following 1 profile is active: "local"
2025-11-18 17:37:53 [restartedMain] INFO  o.s.b.d.e.DevToolsPropertyDefaultsPostProcessor [] - Devtools property defaults active! Set 'spring.devtools.add-properties' to 'false' to disable
2025-11-18 17:37:53 [restartedMain] INFO  o.s.b.d.e.DevToolsPropertyDefaultsPostProcessor [] - For additional web related logging consider setting the 'logging.level.web' property to 'DEBUG'
2025-11-18 17:37:55 [restartedMain] INFO  o.s.d.r.c.RepositoryConfigurationDelegate [] - Multiple Spring Data modules found, entering strict repository configuration mode
2025-11-18 17:37:55 [restartedMain] INFO  o.s.d.r.c.RepositoryConfigurationDelegate [] - Bootstrapping Spring Data JDBC repositories in DEFAULT mode.
2025-11-18 17:37:55 [restartedMain] INFO  o.s.d.r.c.RepositoryConfigurationExtensionSupport [] - Spring Data JDBC - Could not safely identify store assignment for repository candidate interface com.users.UsersMicroservice.repositories.BookListRepository; If you want this repository to be a JDBC repository, consider annotating your entities with one of these annotations: org.springframework.data.relational.core.mapping.Table.
2025-11-18 17:37:55 [restartedMain] INFO  o.s.d.r.c.RepositoryConfigurationExtensionSupport [] - Spring Data JDBC - Could not safely identify store assignment for repository candidate interface com.users.UsersMicroservice.repositories.UserEntityRepository; If you want this repository to be a JDBC repository, consider annotating your entities with one of these annotations: org.springframework.data.relational.core.mapping.Table.
2025-11-18 17:37:55 [restartedMain] INFO  o.s.d.r.c.RepositoryConfigurationExtensionSupport [] - Spring Data JDBC - Could not safely identify store assignment for repository candidate interface com.users.UsersMicroservice.repositories.UserListRepository; If you want this repository to be a JDBC repository, consider annotating your entities with one of these annotations: org.springframework.data.relational.core.mapping.Table.
2025-11-18 17:37:55 [restartedMain] INFO  o.s.d.r.c.RepositoryConfigurationDelegate [] - Finished Spring Data repository scanning in 68 ms. Found 0 JDBC repository interfaces.
2025-11-18 17:37:55 [restartedMain] INFO  o.s.d.r.c.RepositoryConfigurationDelegate [] - Multiple Spring Data modules found, entering strict repository configuration mode
2025-11-18 17:37:55 [restartedMain] INFO  o.s.d.r.c.RepositoryConfigurationDelegate [] - Bootstrapping Spring Data JPA repositories in DEFAULT mode.
2025-11-18 17:37:55 [restartedMain] INFO  o.s.d.r.c.RepositoryConfigurationDelegate [] - Finished Spring Data repository scanning in 50 ms. Found 3 JPA repository interfaces.
2025-11-18 17:37:56 [restartedMain] WARN  o.s.c.s.PostProcessorRegistrationDelegate$BeanPostProcessorChecker [] - Bean 'net.bull.javamelody.JavaMelodyAutoConfiguration' of type [net.bull.javamelody.JavaMelodyAutoConfiguration$$SpringCGLIB$$0] is not eligible for getting processed by all BeanPostProcessors (for example: not eligible for auto-proxying). The currently created BeanPostProcessor [monitoringDataSourceBeanPostProcessor] is declared through a non-static factory method on that class; consider declaring it as static instead.
2025-11-18 17:37:56 [restartedMain] WARN  o.s.c.s.PostProcessorRegistrationDelegate$BeanPostProcessorChecker [] - Bean 'monitoringSpringAdvisor' of type [net.bull.javamelody.MonitoringSpringAdvisor] is not eligible for getting processed by all BeanPostProcessors (for example: not eligible for auto-proxying). Is this bean getting eagerly injected/applied to a currently created BeanPostProcessor [projectingArgumentResolverBeanPostProcessor]? Check the corresponding BeanPostProcessor declaration and its dependencies/advisors. If this bean does not have to be post-processed, declare it with ROLE_INFRASTRUCTURE.
2025-11-18 17:37:56 [restartedMain] WARN  o.s.c.s.PostProcessorRegistrationDelegate$BeanPostProcessorChecker [] - Bean 'monitoringSpringServiceAdvisor' of type [net.bull.javamelody.MonitoringSpringAdvisor] is not eligible for getting processed by all BeanPostProcessors (for example: not eligible for auto-proxying). Is this bean getting eagerly injected/applied to a currently created BeanPostProcessor [projectingArgumentResolverBeanPostProcessor]? Check the corresponding BeanPostProcessor declaration and its dependencies/advisors. If this bean does not have to be post-processed, declare it with ROLE_INFRASTRUCTURE.
2025-11-18 17:37:56 [restartedMain] WARN  o.s.c.s.PostProcessorRegistrationDelegate$BeanPostProcessorChecker [] - Bean 'monitoringSpringControllerAdvisor' of type [net.bull.javamelody.MonitoringSpringAdvisor] is not eligible for getting processed by all BeanPostProcessors (for example: not eligible for auto-proxying). Is this bean getting eagerly injected/applied to a currently created BeanPostProcessor [projectingArgumentResolverBeanPostProcessor]? Check the corresponding BeanPostProcessor declaration and its dependencies/advisors. If this bean does not have to be post-processed, declare it with ROLE_INFRASTRUCTURE.
2025-11-18 17:37:56 [restartedMain] WARN  o.s.c.s.PostProcessorRegistrationDelegate$BeanPostProcessorChecker [] - Bean 'monitoringSpringRestControllerAdvisor' of type [net.bull.javamelody.MonitoringSpringAdvisor] is not eligible for getting processed by all BeanPostProcessors (for example: not eligible for auto-proxying). Is this bean getting eagerly injected/applied to a currently created BeanPostProcessor [projectingArgumentResolverBeanPostProcessor]? Check the corresponding BeanPostProcessor declaration and its dependencies/advisors. If this bean does not have to be post-processed, declare it with ROLE_INFRASTRUCTURE.
2025-11-18 17:37:56 [restartedMain] WARN  o.s.c.s.PostProcessorRegistrationDelegate$BeanPostProcessorChecker [] - Bean 'monitoringSpringAsyncAdvisor' of type [net.bull.javamelody.MonitoringSpringAdvisor] is not eligible for getting processed by all BeanPostProcessors (for example: not eligible for auto-proxying). Is this bean getting eagerly injected/applied to a currently created BeanPostProcessor [projectingArgumentResolverBeanPostProcessor]? Check the corresponding BeanPostProcessor declaration and its dependencies/advisors. If this bean does not have to be post-processed, declare it with ROLE_INFRASTRUCTURE.
2025-11-18 17:37:56 [restartedMain] WARN  o.s.c.s.PostProcessorRegistrationDelegate$BeanPostProcessorChecker [] - Bean 'monitoringSpringScheduledAdvisor' of type [net.bull.javamelody.MonitoringSpringAdvisor] is not eligible for getting processed by all BeanPostProcessors (for example: not eligible for auto-proxying). Is this bean getting eagerly injected/applied to a currently created BeanPostProcessor [projectingArgumentResolverBeanPostProcessor]? Check the corresponding BeanPostProcessor declaration and its dependencies/advisors. If this bean does not have to be post-processed, declare it with ROLE_INFRASTRUCTURE.
2025-11-18 17:37:57 [restartedMain] INFO  o.s.b.w.e.tomcat.TomcatWebServer [] - Tomcat initialized with port 9001 (http)
2025-11-18 17:37:57 [restartedMain] INFO  o.a.coyote.http11.Http11NioProtocol [] - Initializing ProtocolHandler ["http-nio-9001"]
2025-11-18 17:37:57 [restartedMain] INFO  o.a.catalina.core.StandardService [] - Starting service [Tomcat]
2025-11-18 17:37:57 [restartedMain] INFO  o.a.catalina.core.StandardEngine [] - Starting Servlet engine: [Apache Tomcat/10.1.44]
2025-11-18 17:37:57 [restartedMain] INFO  o.a.c.c.C.[Tomcat].[localhost].[/] [] - Initializing Spring embedded WebApplicationContext
2025-11-18 17:37:57 [restartedMain] INFO  o.s.b.w.s.c.ServletWebServerApplicationContext [] - Root WebApplicationContext: initialization completed in 3731 ms
2025-11-18 17:37:58 [restartedMain] INFO  net.bull.javamelody [] - Do not use the same storage directory with multiple instances or it will cause data loss. Configure the storage-directory parameter if needed.
2025-11-18 17:37:59 [restartedMain] DEBUG c.u.U.security.JwtRequestFilter [] - Filter 'jwtRequestFilter' configured for use
2025-11-18 17:37:59 [restartedMain] DEBUG c.u.U.security.ApiFilter [] - Filter 'apiFilter' configured for use
2025-11-18 17:37:59 [restartedMain] INFO  o.h.jpa.internal.util.LogHelper [] - HHH000204: Processing PersistenceUnitInfo [name: default]
2025-11-18 17:37:59 [restartedMain] INFO  org.hibernate.Version [] - HHH000412: Hibernate ORM core version 6.6.26.Final
2025-11-18 17:37:59 [restartedMain] INFO  o.h.c.i.RegionFactoryInitiator [] - HHH000026: Second-level cache disabled
2025-11-18 17:38:00 [restartedMain] INFO  o.s.o.j.p.SpringPersistenceUnitInfo [] - No LoadTimeWeaver setup: ignoring JPA class transformer
2025-11-18 17:38:00 [restartedMain] INFO  com.zaxxer.hikari.HikariDataSource [] - HikariPool-1 - Starting...
2025-11-18 17:38:01 [restartedMain] INFO  com.zaxxer.hikari.pool.HikariPool [] - HikariPool-1 - Added connection com.mysql.cj.jdbc.ConnectionImpl@4fd6881c
2025-11-18 17:38:01 [restartedMain] INFO  com.zaxxer.hikari.HikariDataSource [] - HikariPool-1 - Start completed.
2025-11-18 17:38:01 [restartedMain] WARN  org.hibernate.orm.deprecation [] - HHH90000025: MySQL8Dialect does not need to be specified explicitly using 'hibernate.dialect' (remove the property setting and it will be selected by default)
2025-11-18 17:38:01 [restartedMain] WARN  org.hibernate.orm.deprecation [] - HHH90000026: MySQL8Dialect has been deprecated; use org.hibernate.dialect.MySQLDialect instead
2025-11-18 17:38:01 [restartedMain] INFO  o.hibernate.orm.connections.pooling [] - HHH10001005: Database info:
	Database JDBC URL [Connecting through datasource 'HikariDataSource (HikariPool-1)']
	Database driver: undefined/unknown
	Database version: 8.0
	Autocommit mode: undefined/unknown
	Isolation level: undefined/unknown
	Minimum pool size: undefined/unknown
	Maximum pool size: undefined/unknown
2025-11-18 17:38:01 [restartedMain] DEBUG o.h.t.d.sql.spi.DdlTypeRegistry [] - addDescriptor(12, org.hibernate.type.descriptor.sql.internal.CapacityDependentDdlType@24f2f7ee) replaced previous registration(org.hibernate.type.descriptor.sql.internal.CapacityDependentDdlType@c54ce90)
2025-11-18 17:38:01 [restartedMain] DEBUG o.h.t.d.sql.spi.DdlTypeRegistry [] - addDescriptor(-9, org.hibernate.type.descriptor.sql.internal.CapacityDependentDdlType@6aedb25a) replaced previous registration(org.hibernate.type.descriptor.sql.internal.CapacityDependentDdlType@5b56758c)
2025-11-18 17:38:01 [restartedMain] DEBUG o.h.t.d.sql.spi.DdlTypeRegistry [] - addDescriptor(-3, org.hibernate.type.descriptor.sql.internal.CapacityDependentDdlType@68a8a48f) replaced previous registration(org.hibernate.type.descriptor.sql.internal.CapacityDependentDdlType@42a2c744)
2025-11-18 17:38:01 [restartedMain] DEBUG o.h.t.d.sql.spi.DdlTypeRegistry [] - addDescriptor(4003, org.hibernate.type.descriptor.sql.internal.DdlTypeImpl@455ad228) replaced previous registration(org.hibernate.type.descriptor.sql.internal.DdlTypeImpl@2dc8251a)
2025-11-18 17:38:01 [restartedMain] DEBUG o.h.t.d.sql.spi.DdlTypeRegistry [] - addDescriptor(4001, org.hibernate.type.descriptor.sql.internal.DdlTypeImpl@6960f0) replaced previous registration(org.hibernate.type.descriptor.sql.internal.DdlTypeImpl@54a50f5e)
2025-11-18 17:38:01 [restartedMain] DEBUG o.h.t.d.sql.spi.DdlTypeRegistry [] - addDescriptor(4002, org.hibernate.type.descriptor.sql.internal.DdlTypeImpl@477d4c70) replaced previous registration(org.hibernate.type.descriptor.sql.internal.DdlTypeImpl@2b714170)
2025-11-18 17:38:01 [restartedMain] DEBUG o.h.t.d.sql.spi.DdlTypeRegistry [] - addDescriptor(2004, org.hibernate.type.descriptor.sql.internal.CapacityDependentDdlType@60d4ca0e) replaced previous registration(org.hibernate.type.descriptor.sql.internal.DdlTypeImpl@1cf7f6b5)
2025-11-18 17:38:01 [restartedMain] DEBUG o.h.t.d.sql.spi.DdlTypeRegistry [] - addDescriptor(2005, org.hibernate.type.descriptor.sql.internal.CapacityDependentDdlType@31c42797) replaced previous registration(org.hibernate.type.descriptor.sql.internal.DdlTypeImpl@101f9a1e)
2025-11-18 17:38:01 [restartedMain] DEBUG o.h.t.d.sql.spi.DdlTypeRegistry [] - addDescriptor(2011, org.hibernate.type.descriptor.sql.internal.CapacityDependentDdlType@56ddb6a9) replaced previous registration(org.hibernate.type.descriptor.sql.internal.DdlTypeImpl@753cb099)
2025-11-18 17:38:03 [restartedMain] INFO  o.h.e.t.j.p.i.JtaPlatformInitiator [] - HHH000489: No JTA platform available (set 'hibernate.transaction.jta.platform' to enable JTA platform integration)
2025-11-18 17:38:03 [restartedMain] INFO  o.s.o.j.LocalContainerEntityManagerFactoryBean [] - Initialized JPA EntityManagerFactory for persistence unit 'default'
2025-11-18 17:38:05 [restartedMain] WARN  o.s.b.a.o.j.JpaBaseConfiguration$JpaWebConfiguration [] - spring.jpa.open-in-view is enabled by default. Therefore, database queries may be performed during view rendering. Explicitly configure spring.jpa.open-in-view to disable this warning
2025-11-18 17:38:06 [restartedMain] INFO  o.s.v.b.OptionalValidatorFactoryBean [] - Failed to set up a Bean Validation provider: jakarta.validation.NoProviderFoundException: Unable to create a Configuration, because no Jakarta Bean Validation provider could be found. Add a provider like Hibernate Validator (RI) to your classpath.
2025-11-18 17:38:07 [restartedMain] WARN  o.s.b.d.a.OptionalLiveReloadServer [] - Unable to start LiveReload server
2025-11-18 17:38:07 [restartedMain] INFO  o.a.coyote.http11.Http11NioProtocol [] - Starting ProtocolHandler ["http-nio-9001"]
2025-11-18 17:38:07 [restartedMain] INFO  o.s.b.w.e.tomcat.TomcatWebServer [] - Tomcat started on port 9001 (http) with context path '/'
2025-11-18 17:38:07 [restartedMain] INFO  c.u.U.UsersMicroserviceApplication [] - Started UsersMicroserviceApplication in 14.565 seconds (process running for 15.608)
2025-11-18 17:38:18 [http-nio-9001-exec-1] INFO  o.a.c.c.C.[Tomcat].[localhost].[/] [] - Initializing Spring DispatcherServlet 'dispatcherServlet'
2025-11-18 17:38:20 [http-nio-9001-exec-1] TRACE c.u.U.controllers.UserController [] - POST /newlist controller: null
2025-11-18 17:38:24 [http-nio-9001-exec-1] WARN  c.u.U.service.UserEntityService [] - Wrong data for new list
2025-11-18 17:38:25 [http-nio-9001-exec-1] WARN  o.s.w.s.m.m.a.ExceptionHandlerExceptionResolver [] - Resolved [com.users.UsersMicroservice.exception.BadNewListRequestException: Valid list name required]
2025-11-18 17:38:25 [http-nio-9001-exec-1] INFO  javamelody [] - remoteAddr = 0:0:0:0:0:0:0:1, request = /user/auth/newlist POST: 7168 ms, error 400, 0 Kb
2025-11-18 17:38:27 [SpringApplicationShutdownHook] INFO  o.s.b.w.e.tomcat.GracefulShutdown [] - Commencing graceful shutdown. Waiting for active requests to complete
2025-11-18 17:38:27 [tomcat-shutdown] INFO  o.s.b.w.e.tomcat.GracefulShutdown [] - Graceful shutdown complete
2025-11-18 17:38:27 [SpringApplicationShutdownHook] INFO  o.s.o.j.LocalContainerEntityManagerFactoryBean [] - Closing JPA EntityManagerFactory for persistence unit 'default'
2025-11-18 17:38:27 [SpringApplicationShutdownHook] INFO  com.zaxxer.hikari.HikariDataSource [] - HikariPool-1 - Shutdown initiated...
2025-11-18 17:38:27 [SpringApplicationShutdownHook] INFO  com.zaxxer.hikari.HikariDataSource [] - HikariPool-1 - Shutdown completed.
2025-11-18 17:41:39 [background-preinit] INFO  o.h.validator.internal.util.Version [] - HV000001: Hibernate Validator 8.0.3.Final
2025-11-18 17:41:40 [restartedMain] INFO  c.u.U.UsersMicroserviceApplication [] - Starting UsersMicroserviceApplication using Java 17.0.1 with PID 23668 (D:\Documents\micro_backend\UsersMicroservice\target\classes started by rober in D:\Documents\micro_backend\UsersMicroservice)
2025-11-18 17:41:40 [restartedMain] DEBUG c.u.U.UsersMicroserviceApplication [] - Running with Spring Boot v3.5.5, Spring v6.2.10
2025-11-18 17:41:40 [restartedMain] INFO  c.u.U.UsersMicroserviceApplication [] - The following 1 profile is active: "local"
2025-11-18 17:41:40 [restartedMain] INFO  o.s.b.d.e.DevToolsPropertyDefaultsPostProcessor [] - Devtools property defaults active! Set 'spring.devtools.add-properties' to 'false' to disable
2025-11-18 17:41:40 [restartedMain] INFO  o.s.b.d.e.DevToolsPropertyDefaultsPostProcessor [] - For additional web related logging consider setting the 'logging.level.web' property to 'DEBUG'
2025-11-18 17:41:42 [restartedMain] INFO  o.s.d.r.c.RepositoryConfigurationDelegate [] - Multiple Spring Data modules found, entering strict repository configuration mode
2025-11-18 17:41:42 [restartedMain] INFO  o.s.d.r.c.RepositoryConfigurationDelegate [] - Bootstrapping Spring Data JDBC repositories in DEFAULT mode.
2025-11-18 17:41:42 [restartedMain] INFO  o.s.d.r.c.RepositoryConfigurationExtensionSupport [] - Spring Data JDBC - Could not safely identify store assignment for repository candidate interface com.users.UsersMicroservice.repositories.BookListRepository; If you want this repository to be a JDBC repository, consider annotating your entities with one of these annotations: org.springframework.data.relational.core.mapping.Table.
2025-11-18 17:41:42 [restartedMain] INFO  o.s.d.r.c.RepositoryConfigurationExtensionSupport [] - Spring Data JDBC - Could not safely identify store assignment for repository candidate interface com.users.UsersMicroservice.repositories.UserEntityRepository; If you want this repository to be a JDBC repository, consider annotating your entities with one of these annotations: org.springframework.data.relational.core.mapping.Table.
2025-11-18 17:41:42 [restartedMain] INFO  o.s.d.r.c.RepositoryConfigurationExtensionSupport [] - Spring Data JDBC - Could not safely identify store assignment for repository candidate interface com.users.UsersMicroservice.repositories.UserListRepository; If you want this repository to be a JDBC repository, consider annotating your entities with one of these annotations: org.springframework.data.relational.core.mapping.Table.
2025-11-18 17:41:42 [restartedMain] INFO  o.s.d.r.c.RepositoryConfigurationDelegate [] - Finished Spring Data repository scanning in 68 ms. Found 0 JDBC repository interfaces.
2025-11-18 17:41:42 [restartedMain] INFO  o.s.d.r.c.RepositoryConfigurationDelegate [] - Multiple Spring Data modules found, entering strict repository configuration mode
2025-11-18 17:41:42 [restartedMain] INFO  o.s.d.r.c.RepositoryConfigurationDelegate [] - Bootstrapping Spring Data JPA repositories in DEFAULT mode.
2025-11-18 17:41:42 [restartedMain] INFO  o.s.d.r.c.RepositoryConfigurationDelegate [] - Finished Spring Data repository scanning in 54 ms. Found 3 JPA repository interfaces.
2025-11-18 17:41:43 [restartedMain] WARN  o.s.c.s.PostProcessorRegistrationDelegate$BeanPostProcessorChecker [] - Bean 'net.bull.javamelody.JavaMelodyAutoConfiguration' of type [net.bull.javamelody.JavaMelodyAutoConfiguration$$SpringCGLIB$$0] is not eligible for getting processed by all BeanPostProcessors (for example: not eligible for auto-proxying). The currently created BeanPostProcessor [monitoringDataSourceBeanPostProcessor] is declared through a non-static factory method on that class; consider declaring it as static instead.
2025-11-18 17:41:43 [restartedMain] WARN  o.s.c.s.PostProcessorRegistrationDelegate$BeanPostProcessorChecker [] - Bean 'monitoringSpringAdvisor' of type [net.bull.javamelody.MonitoringSpringAdvisor] is not eligible for getting processed by all BeanPostProcessors (for example: not eligible for auto-proxying). Is this bean getting eagerly injected/applied to a currently created BeanPostProcessor [projectingArgumentResolverBeanPostProcessor]? Check the corresponding BeanPostProcessor declaration and its dependencies/advisors. If this bean does not have to be post-processed, declare it with ROLE_INFRASTRUCTURE.
2025-11-18 17:41:43 [restartedMain] WARN  o.s.c.s.PostProcessorRegistrationDelegate$BeanPostProcessorChecker [] - Bean 'monitoringSpringServiceAdvisor' of type [net.bull.javamelody.MonitoringSpringAdvisor] is not eligible for getting processed by all BeanPostProcessors (for example: not eligible for auto-proxying). Is this bean getting eagerly injected/applied to a currently created BeanPostProcessor [projectingArgumentResolverBeanPostProcessor]? Check the corresponding BeanPostProcessor declaration and its dependencies/advisors. If this bean does not have to be post-processed, declare it with ROLE_INFRASTRUCTURE.
2025-11-18 17:41:43 [restartedMain] WARN  o.s.c.s.PostProcessorRegistrationDelegate$BeanPostProcessorChecker [] - Bean 'monitoringSpringControllerAdvisor' of type [net.bull.javamelody.MonitoringSpringAdvisor] is not eligible for getting processed by all BeanPostProcessors (for example: not eligible for auto-proxying). Is this bean getting eagerly injected/applied to a currently created BeanPostProcessor [projectingArgumentResolverBeanPostProcessor]? Check the corresponding BeanPostProcessor declaration and its dependencies/advisors. If this bean does not have to be post-processed, declare it with ROLE_INFRASTRUCTURE.
2025-11-18 17:41:43 [restartedMain] WARN  o.s.c.s.PostProcessorRegistrationDelegate$BeanPostProcessorChecker [] - Bean 'monitoringSpringRestControllerAdvisor' of type [net.bull.javamelody.MonitoringSpringAdvisor] is not eligible for getting processed by all BeanPostProcessors (for example: not eligible for auto-proxying). Is this bean getting eagerly injected/applied to a currently created BeanPostProcessor [projectingArgumentResolverBeanPostProcessor]? Check the corresponding BeanPostProcessor declaration and its dependencies/advisors. If this bean does not have to be post-processed, declare it with ROLE_INFRASTRUCTURE.
2025-11-18 17:41:43 [restartedMain] WARN  o.s.c.s.PostProcessorRegistrationDelegate$BeanPostProcessorChecker [] - Bean 'monitoringSpringAsyncAdvisor' of type [net.bull.javamelody.MonitoringSpringAdvisor] is not eligible for getting processed by all BeanPostProcessors (for example: not eligible for auto-proxying). Is this bean getting eagerly injected/applied to a currently created BeanPostProcessor [projectingArgumentResolverBeanPostProcessor]? Check the corresponding BeanPostProcessor declaration and its dependencies/advisors. If this bean does not have to be post-processed, declare it with ROLE_INFRASTRUCTURE.
2025-11-18 17:41:43 [restartedMain] WARN  o.s.c.s.PostProcessorRegistrationDelegate$BeanPostProcessorChecker [] - Bean 'monitoringSpringScheduledAdvisor' of type [net.bull.javamelody.MonitoringSpringAdvisor] is not eligible for getting processed by all BeanPostProcessors (for example: not eligible for auto-proxying). Is this bean getting eagerly injected/applied to a currently created BeanPostProcessor [projectingArgumentResolverBeanPostProcessor]? Check the corresponding BeanPostProcessor declaration and its dependencies/advisors. If this bean does not have to be post-processed, declare it with ROLE_INFRASTRUCTURE.
2025-11-18 17:41:44 [restartedMain] INFO  o.s.b.w.e.tomcat.TomcatWebServer [] - Tomcat initialized with port 9001 (http)
2025-11-18 17:41:44 [restartedMain] INFO  o.a.coyote.http11.Http11NioProtocol [] - Initializing ProtocolHandler ["http-nio-9001"]
2025-11-18 17:41:44 [restartedMain] INFO  o.a.catalina.core.StandardService [] - Starting service [Tomcat]
2025-11-18 17:41:44 [restartedMain] INFO  o.a.catalina.core.StandardEngine [] - Starting Servlet engine: [Apache Tomcat/10.1.44]
2025-11-18 17:41:45 [restartedMain] INFO  o.a.c.c.C.[Tomcat].[localhost].[/] [] - Initializing Spring embedded WebApplicationContext
2025-11-18 17:41:45 [restartedMain] INFO  o.s.b.w.s.c.ServletWebServerApplicationContext [] - Root WebApplicationContext: initialization completed in 4918 ms
2025-11-18 17:41:45 [restartedMain] INFO  net.bull.javamelody [] - Do not use the same storage directory with multiple instances or it will cause data loss. Configure the storage-directory parameter if needed.
2025-11-18 17:41:46 [restartedMain] DEBUG c.u.U.security.JwtRequestFilter [] - Filter 'jwtRequestFilter' configured for use
2025-11-18 17:41:46 [restartedMain] DEBUG c.u.U.security.ApiFilter [] - Filter 'apiFilter' configured for use
2025-11-18 17:41:47 [restartedMain] INFO  o.h.jpa.internal.util.LogHelper [] - HHH000204: Processing PersistenceUnitInfo [name: default]
2025-11-18 17:41:47 [restartedMain] INFO  org.hibernate.Version [] - HHH000412: Hibernate ORM core version 6.6.26.Final
2025-11-18 17:41:47 [restartedMain] INFO  o.h.c.i.RegionFactoryInitiator [] - HHH000026: Second-level cache disabled
2025-11-18 17:41:48 [restartedMain] INFO  o.s.o.j.p.SpringPersistenceUnitInfo [] - No LoadTimeWeaver setup: ignoring JPA class transformer
2025-11-18 17:41:48 [restartedMain] INFO  com.zaxxer.hikari.HikariDataSource [] - HikariPool-1 - Starting...
2025-11-18 17:41:49 [restartedMain] INFO  com.zaxxer.hikari.pool.HikariPool [] - HikariPool-1 - Added connection com.mysql.cj.jdbc.ConnectionImpl@5db9a29c
2025-11-18 17:41:49 [restartedMain] INFO  com.zaxxer.hikari.HikariDataSource [] - HikariPool-1 - Start completed.
2025-11-18 17:41:50 [restartedMain] WARN  org.hibernate.orm.deprecation [] - HHH90000025: MySQL8Dialect does not need to be specified explicitly using 'hibernate.dialect' (remove the property setting and it will be selected by default)
2025-11-18 17:41:50 [restartedMain] WARN  org.hibernate.orm.deprecation [] - HHH90000026: MySQL8Dialect has been deprecated; use org.hibernate.dialect.MySQLDialect instead
2025-11-18 17:41:50 [restartedMain] INFO  o.hibernate.orm.connections.pooling [] - HHH10001005: Database info:
	Database JDBC URL [Connecting through datasource 'HikariDataSource (HikariPool-1)']
	Database driver: undefined/unknown
	Database version: 8.0
	Autocommit mode: undefined/unknown
	Isolation level: undefined/unknown
	Minimum pool size: undefined/unknown
	Maximum pool size: undefined/unknown
2025-11-18 17:41:50 [restartedMain] DEBUG o.h.t.d.sql.spi.DdlTypeRegistry [] - addDescriptor(12, org.hibernate.type.descriptor.sql.internal.CapacityDependentDdlType@79860f1f) replaced previous registration(org.hibernate.type.descriptor.sql.internal.CapacityDependentDdlType@233cc205)
2025-11-18 17:41:50 [restartedMain] DEBUG o.h.t.d.sql.spi.DdlTypeRegistry [] - addDescriptor(-9, org.hibernate.type.descriptor.sql.internal.CapacityDependentDdlType@4962ab1a) replaced previous registration(org.hibernate.type.descriptor.sql.internal.CapacityDependentDdlType@1c05b563)
2025-11-18 17:41:50 [restartedMain] DEBUG o.h.t.d.sql.spi.DdlTypeRegistry [] - addDescriptor(-3, org.hibernate.type.descriptor.sql.internal.CapacityDependentDdlType@5532af0b) replaced previous registration(org.hibernate.type.descriptor.sql.internal.CapacityDependentDdlType@105b6342)
2025-11-18 17:41:50 [restartedMain] DEBUG o.h.t.d.sql.spi.DdlTypeRegistry [] - addDescriptor(4003, org.hibernate.type.descriptor.sql.internal.DdlTypeImpl@4cbd2028) replaced previous registration(org.hibernate.type.descriptor.sql.internal.DdlTypeImpl@7da23a71)
2025-11-18 17:41:50 [restartedMain] DEBUG o.h.t.d.sql.spi.DdlTypeRegistry [] - addDescriptor(4001, org.hibernate.type.descriptor.sql.internal.DdlTypeImpl@3d288839) replaced previous registration(org.hibernate.type.descriptor.sql.internal.DdlTypeImpl@76a2adad)
2025-11-18 17:41:50 [restartedMain] DEBUG o.h.t.d.sql.spi.DdlTypeRegistry [] - addDescriptor(4002, org.hibernate.type.descriptor.sql.internal.DdlTypeImpl@533b7f31) replaced previous registration(org.hibernate.type.descriptor.sql.internal.DdlTypeImpl@3f26b695)
2025-11-18 17:41:50 [restartedMain] DEBUG o.h.t.d.sql.spi.DdlTypeRegistry [] - addDescriptor(2004, org.hibernate.type.descriptor.sql.internal.CapacityDependentDdlType@46b69808) replaced previous registration(org.hibernate.type.descriptor.sql.internal.DdlTypeImpl@251a8ab6)
2025-11-18 17:41:50 [restartedMain] DEBUG o.h.t.d.sql.spi.DdlTypeRegistry [] - addDescriptor(2005, org.hibernate.type.descriptor.sql.internal.CapacityDependentDdlType@2d50abd3) replaced previous registration(org.hibernate.type.descriptor.sql.internal.DdlTypeImpl@27c822f2)
2025-11-18 17:41:50 [restartedMain] DEBUG o.h.t.d.sql.spi.DdlTypeRegistry [] - addDescriptor(2011, org.hibernate.type.descriptor.sql.internal.CapacityDependentDdlType@55cc88db) replaced previous registration(org.hibernate.type.descriptor.sql.internal.DdlTypeImpl@24f2f7ee)
2025-11-18 17:41:52 [restartedMain] INFO  o.h.e.t.j.p.i.JtaPlatformInitiator [] - HHH000489: No JTA platform available (set 'hibernate.transaction.jta.platform' to enable JTA platform integration)
2025-11-18 17:41:52 [restartedMain] INFO  o.s.o.j.LocalContainerEntityManagerFactoryBean [] - Initialized JPA EntityManagerFactory for persistence unit 'default'
2025-11-18 17:41:54 [restartedMain] WARN  o.s.b.a.o.j.JpaBaseConfiguration$JpaWebConfiguration [] - spring.jpa.open-in-view is enabled by default. Therefore, database queries may be performed during view rendering. Explicitly configure spring.jpa.open-in-view to disable this warning
2025-11-18 17:41:56 [restartedMain] WARN  o.s.b.d.a.OptionalLiveReloadServer [] - Unable to start LiveReload server
2025-11-18 17:41:56 [restartedMain] INFO  o.a.coyote.http11.Http11NioProtocol [] - Starting ProtocolHandler ["http-nio-9001"]
2025-11-18 17:41:56 [restartedMain] INFO  o.s.b.w.e.tomcat.TomcatWebServer [] - Tomcat started on port 9001 (http) with context path '/'
2025-11-18 17:41:56 [restartedMain] INFO  c.u.U.UsersMicroserviceApplication [] - Started UsersMicroserviceApplication in 17.896 seconds (process running for 19.642)
2025-11-18 17:42:13 [http-nio-9001-exec-2] INFO  o.a.c.c.C.[Tomcat].[localhost].[/] [] - Initializing Spring DispatcherServlet 'dispatcherServlet'
2025-11-18 17:42:25 [http-nio-9001-exec-2] WARN  o.s.w.s.m.m.a.ExceptionHandlerExceptionResolver [] - Resolved [org.springframework.web.bind.MethodArgumentNotValidException: Validation failed for argument [0] in public org.springframework.http.ResponseEntity<?> com.users.UsersMicroservice.controllers.UserController.createList(com.users.UsersMicroservice.dto.CreateListRequestDTO,org.springframework.security.core.Authentication) with 2 errors: [Field error in object 'createListRequestDTO' on field 'listName': rejected value [null]; codes [NotBlank.createListRequestDTO.listName,NotBlank.listName,NotBlank.java.lang.String,NotBlank]; arguments [org.springframework.context.support.DefaultMessageSourceResolvable: codes [createListRequestDTO.listName,listName]; arguments []; default message [listName]]; default message [no debe estar vacío]] [Field error in object 'createListRequestDTO' on field 'listName': rejected value [null]; codes [NotNull.createListRequestDTO.listName,NotNull.listName,NotNull.java.lang.String,NotNull]; arguments [org.springframework.context.support.DefaultMessageSourceResolvable: codes [createListRequestDTO.listName,listName]; arguments []; default message [listName]]; default message [no debe ser nulo]] ]
2025-11-18 17:42:25 [http-nio-9001-exec-2] INFO  javamelody [] - remoteAddr = 0:0:0:0:0:0:0:1, request = /user/auth/newlist POST: 11518 ms, error 400, 0 Kb
2025-11-18 17:45:27 [http-nio-9001-exec-3] WARN  o.s.w.s.m.m.a.ExceptionHandlerExceptionResolver [] - Resolved [org.springframework.web.bind.MethodArgumentNotValidException: Validation failed for argument [0] in public org.springframework.http.ResponseEntity<com.users.UsersMicroservice.dto.ResponseUserDTO> com.users.UsersMicroservice.controllers.UserController.newUser(com.users.UsersMicroservice.dto.RequestUserRegisterDTO,org.springframework.web.multipart.MultipartFile) with 2 errors: [Field error in object 'new' on field 'username': rejected value [null]; codes [NotNull.new.username,NotNull.username,NotNull.java.lang.String,NotNull]; arguments [org.springframework.context.support.DefaultMessageSourceResolvable: codes [new.username,username]; arguments []; default message [username]]; default message [no debe ser nulo]] [Field error in object 'new' on field 'username': rejected value [null]; codes [NotBlank.new.username,NotBlank.username,NotBlank.java.lang.String,NotBlank]; arguments [org.springframework.context.support.DefaultMessageSourceResolvable: codes [new.username,username]; arguments []; default message [username]]; default message [no debe estar vacío]] ]
2025-11-18 17:45:27 [http-nio-9001-exec-3] INFO  javamelody [] - remoteAddr = 0:0:0:0:0:0:0:1, request = /user/register POST: 9880 ms, error 400, 0 Kb
2025-11-18 17:45:36 [SpringApplicationShutdownHook] INFO  o.s.b.w.e.tomcat.GracefulShutdown [] - Commencing graceful shutdown. Waiting for active requests to complete
2025-11-18 17:45:37 [tomcat-shutdown] INFO  o.s.b.w.e.tomcat.GracefulShutdown [] - Graceful shutdown complete
2025-11-18 17:45:37 [SpringApplicationShutdownHook] INFO  o.s.o.j.LocalContainerEntityManagerFactoryBean [] - Closing JPA EntityManagerFactory for persistence unit 'default'
2025-11-18 17:45:37 [SpringApplicationShutdownHook] INFO  com.zaxxer.hikari.HikariDataSource [] - HikariPool-1 - Shutdown initiated...
2025-11-18 17:45:37 [SpringApplicationShutdownHook] INFO  com.zaxxer.hikari.HikariDataSource [] - HikariPool-1 - Shutdown completed.
