2025-11-10 10:53:18 [restartedMain] INFO  c.b.B.BookMicroserviceApplication [] - Starting BookMicroserviceApplication using Java 17.0.1 with PID 15412 (D:\Documents\micro_backend\BookMicroservice\BookMicroservice\target\classes started by rober in D:\Documents\micro_backend\BookMicroservice\BookMicroservice)
2025-11-10 10:53:18 [restartedMain] DEBUG c.b.B.BookMicroserviceApplication [] - Running with Spring Boot v3.5.5, Spring v6.2.10
2025-11-10 10:53:18 [restartedMain] INFO  c.b.B.BookMicroserviceApplication [] - The following 1 profile is active: "local"
2025-11-10 10:53:18 [restartedMain] INFO  o.s.b.d.e.DevToolsPropertyDefaultsPostProcessor [] - Devtools property defaults active! Set 'spring.devtools.add-properties' to 'false' to disable
2025-11-10 10:53:18 [restartedMain] INFO  o.s.b.d.e.DevToolsPropertyDefaultsPostProcessor [] - For additional web related logging consider setting the 'logging.level.web' property to 'DEBUG'
2025-11-10 10:53:20 [restartedMain] INFO  o.s.d.r.c.RepositoryConfigurationDelegate [] - Multiple Spring Data modules found, entering strict repository configuration mode
2025-11-10 10:53:20 [restartedMain] INFO  o.s.d.r.c.RepositoryConfigurationDelegate [] - Bootstrapping Spring Data JDBC repositories in DEFAULT mode.
2025-11-10 10:53:20 [restartedMain] INFO  o.s.d.r.c.RepositoryConfigurationExtensionSupport [] - Spring Data JDBC - Could not safely identify store assignment for repository candidate interface com.book.BookMicroservice.repositories.BookRepository; If you want this repository to be a JDBC repository, consider annotating your entities with one of these annotations: org.springframework.data.relational.core.mapping.Table.
2025-11-10 10:53:20 [restartedMain] INFO  o.s.d.r.c.RepositoryConfigurationExtensionSupport [] - Spring Data JDBC - Could not safely identify store assignment for repository candidate interface com.book.BookMicroservice.repositories.RatingRepository; If you want this repository to be a JDBC repository, consider annotating your entities with one of these annotations: org.springframework.data.relational.core.mapping.Table.
2025-11-10 10:53:20 [restartedMain] INFO  o.s.d.r.c.RepositoryConfigurationDelegate [] - Finished Spring Data repository scanning in 61 ms. Found 0 JDBC repository interfaces.
2025-11-10 10:53:20 [restartedMain] INFO  o.s.d.r.c.RepositoryConfigurationDelegate [] - Multiple Spring Data modules found, entering strict repository configuration mode
2025-11-10 10:53:20 [restartedMain] INFO  o.s.d.r.c.RepositoryConfigurationDelegate [] - Bootstrapping Spring Data JPA repositories in DEFAULT mode.
2025-11-10 10:53:20 [restartedMain] INFO  o.s.d.r.c.RepositoryConfigurationDelegate [] - Finished Spring Data repository scanning in 41 ms. Found 2 JPA repository interfaces.
2025-11-10 10:53:20 [restartedMain] WARN  o.s.c.s.PostProcessorRegistrationDelegate$BeanPostProcessorChecker [] - Bean 'net.bull.javamelody.JavaMelodyAutoConfiguration' of type [net.bull.javamelody.JavaMelodyAutoConfiguration$$SpringCGLIB$$0] is not eligible for getting processed by all BeanPostProcessors (for example: not eligible for auto-proxying). The currently created BeanPostProcessor [monitoringDataSourceBeanPostProcessor] is declared through a non-static factory method on that class; consider declaring it as static instead.
2025-11-10 10:53:20 [restartedMain] WARN  o.s.c.s.PostProcessorRegistrationDelegate$BeanPostProcessorChecker [] - Bean 'monitoringSpringAdvisor' of type [net.bull.javamelody.MonitoringSpringAdvisor] is not eligible for getting processed by all BeanPostProcessors (for example: not eligible for auto-proxying). Is this bean getting eagerly injected/applied to a currently created BeanPostProcessor [projectingArgumentResolverBeanPostProcessor]? Check the corresponding BeanPostProcessor declaration and its dependencies/advisors. If this bean does not have to be post-processed, declare it with ROLE_INFRASTRUCTURE.
2025-11-10 10:53:20 [restartedMain] WARN  o.s.c.s.PostProcessorRegistrationDelegate$BeanPostProcessorChecker [] - Bean 'monitoringSpringServiceAdvisor' of type [net.bull.javamelody.MonitoringSpringAdvisor] is not eligible for getting processed by all BeanPostProcessors (for example: not eligible for auto-proxying). Is this bean getting eagerly injected/applied to a currently created BeanPostProcessor [projectingArgumentResolverBeanPostProcessor]? Check the corresponding BeanPostProcessor declaration and its dependencies/advisors. If this bean does not have to be post-processed, declare it with ROLE_INFRASTRUCTURE.
2025-11-10 10:53:20 [restartedMain] WARN  o.s.c.s.PostProcessorRegistrationDelegate$BeanPostProcessorChecker [] - Bean 'monitoringSpringControllerAdvisor' of type [net.bull.javamelody.MonitoringSpringAdvisor] is not eligible for getting processed by all BeanPostProcessors (for example: not eligible for auto-proxying). Is this bean getting eagerly injected/applied to a currently created BeanPostProcessor [projectingArgumentResolverBeanPostProcessor]? Check the corresponding BeanPostProcessor declaration and its dependencies/advisors. If this bean does not have to be post-processed, declare it with ROLE_INFRASTRUCTURE.
2025-11-10 10:53:20 [restartedMain] WARN  o.s.c.s.PostProcessorRegistrationDelegate$BeanPostProcessorChecker [] - Bean 'monitoringSpringRestControllerAdvisor' of type [net.bull.javamelody.MonitoringSpringAdvisor] is not eligible for getting processed by all BeanPostProcessors (for example: not eligible for auto-proxying). Is this bean getting eagerly injected/applied to a currently created BeanPostProcessor [projectingArgumentResolverBeanPostProcessor]? Check the corresponding BeanPostProcessor declaration and its dependencies/advisors. If this bean does not have to be post-processed, declare it with ROLE_INFRASTRUCTURE.
2025-11-10 10:53:20 [restartedMain] WARN  o.s.c.s.PostProcessorRegistrationDelegate$BeanPostProcessorChecker [] - Bean 'monitoringSpringAsyncAdvisor' of type [net.bull.javamelody.MonitoringSpringAdvisor] is not eligible for getting processed by all BeanPostProcessors (for example: not eligible for auto-proxying). Is this bean getting eagerly injected/applied to a currently created BeanPostProcessor [projectingArgumentResolverBeanPostProcessor]? Check the corresponding BeanPostProcessor declaration and its dependencies/advisors. If this bean does not have to be post-processed, declare it with ROLE_INFRASTRUCTURE.
2025-11-10 10:53:20 [restartedMain] WARN  o.s.c.s.PostProcessorRegistrationDelegate$BeanPostProcessorChecker [] - Bean 'monitoringSpringScheduledAdvisor' of type [net.bull.javamelody.MonitoringSpringAdvisor] is not eligible for getting processed by all BeanPostProcessors (for example: not eligible for auto-proxying). Is this bean getting eagerly injected/applied to a currently created BeanPostProcessor [projectingArgumentResolverBeanPostProcessor]? Check the corresponding BeanPostProcessor declaration and its dependencies/advisors. If this bean does not have to be post-processed, declare it with ROLE_INFRASTRUCTURE.
2025-11-10 10:53:21 [restartedMain] INFO  o.s.b.w.e.tomcat.TomcatWebServer [] - Tomcat initialized with port 9002 (http)
2025-11-10 10:53:21 [restartedMain] INFO  o.a.coyote.http11.Http11NioProtocol [] - Initializing ProtocolHandler ["http-nio-9002"]
2025-11-10 10:53:21 [restartedMain] INFO  o.a.catalina.core.StandardService [] - Starting service [Tomcat]
2025-11-10 10:53:21 [restartedMain] INFO  o.a.catalina.core.StandardEngine [] - Starting Servlet engine: [Apache Tomcat/10.1.44]
2025-11-10 10:53:21 [restartedMain] INFO  o.a.c.c.C.[Tomcat].[localhost].[/] [] - Initializing Spring embedded WebApplicationContext
2025-11-10 10:53:21 [restartedMain] INFO  o.s.b.w.s.c.ServletWebServerApplicationContext [] - Root WebApplicationContext: initialization completed in 2864 ms
2025-11-10 10:53:22 [restartedMain] DEBUG c.b.B.security.JwtRequestFilter [] - Filter 'jwtRequestFilter' configured for use
2025-11-10 10:53:22 [restartedMain] DEBUG c.b.B.security.ApiFilter [] - Filter 'apiFilter' configured for use
2025-11-10 10:53:23 [restartedMain] INFO  o.h.jpa.internal.util.LogHelper [] - HHH000204: Processing PersistenceUnitInfo [name: default]
2025-11-10 10:53:23 [restartedMain] INFO  org.hibernate.Version [] - HHH000412: Hibernate ORM core version 6.6.26.Final
2025-11-10 10:53:23 [restartedMain] INFO  o.h.c.i.RegionFactoryInitiator [] - HHH000026: Second-level cache disabled
2025-11-10 10:53:23 [restartedMain] INFO  o.s.o.j.p.SpringPersistenceUnitInfo [] - No LoadTimeWeaver setup: ignoring JPA class transformer
2025-11-10 10:53:23 [restartedMain] INFO  com.zaxxer.hikari.HikariDataSource [] - HikariPool-1 - Starting...
2025-11-10 10:53:24 [restartedMain] INFO  com.zaxxer.hikari.pool.HikariPool [] - HikariPool-1 - Added connection com.mysql.cj.jdbc.ConnectionImpl@2c2003f5
2025-11-10 10:53:24 [restartedMain] INFO  com.zaxxer.hikari.HikariDataSource [] - HikariPool-1 - Start completed.
2025-11-10 10:53:24 [restartedMain] WARN  org.hibernate.orm.deprecation [] - HHH90000025: MySQL8Dialect does not need to be specified explicitly using 'hibernate.dialect' (remove the property setting and it will be selected by default)
2025-11-10 10:53:24 [restartedMain] WARN  org.hibernate.orm.deprecation [] - HHH90000026: MySQL8Dialect has been deprecated; use org.hibernate.dialect.MySQLDialect instead
2025-11-10 10:53:24 [restartedMain] INFO  o.hibernate.orm.connections.pooling [] - HHH10001005: Database info:
	Database JDBC URL [Connecting through datasource 'HikariDataSource (HikariPool-1)']
	Database driver: undefined/unknown
	Database version: 8.0
	Autocommit mode: undefined/unknown
	Isolation level: undefined/unknown
	Minimum pool size: undefined/unknown
	Maximum pool size: undefined/unknown
2025-11-10 10:53:24 [restartedMain] DEBUG o.h.t.d.sql.spi.DdlTypeRegistry [] - addDescriptor(12, org.hibernate.type.descriptor.sql.internal.CapacityDependentDdlType@31a3f26a) replaced previous registration(org.hibernate.type.descriptor.sql.internal.CapacityDependentDdlType@2a414f5b)
2025-11-10 10:53:24 [restartedMain] DEBUG o.h.t.d.sql.spi.DdlTypeRegistry [] - addDescriptor(-9, org.hibernate.type.descriptor.sql.internal.CapacityDependentDdlType@2dadf4d9) replaced previous registration(org.hibernate.type.descriptor.sql.internal.CapacityDependentDdlType@12f2eb7a)
2025-11-10 10:53:24 [restartedMain] DEBUG o.h.t.d.sql.spi.DdlTypeRegistry [] - addDescriptor(-3, org.hibernate.type.descriptor.sql.internal.CapacityDependentDdlType@3c6c6bec) replaced previous registration(org.hibernate.type.descriptor.sql.internal.CapacityDependentDdlType@1c77c0ad)
2025-11-10 10:53:24 [restartedMain] DEBUG o.h.t.d.sql.spi.DdlTypeRegistry [] - addDescriptor(4003, org.hibernate.type.descriptor.sql.internal.DdlTypeImpl@5e3ef4c6) replaced previous registration(org.hibernate.type.descriptor.sql.internal.DdlTypeImpl@5b926d40)
2025-11-10 10:53:24 [restartedMain] DEBUG o.h.t.d.sql.spi.DdlTypeRegistry [] - addDescriptor(4001, org.hibernate.type.descriptor.sql.internal.DdlTypeImpl@4fe5ed5) replaced previous registration(org.hibernate.type.descriptor.sql.internal.DdlTypeImpl@262e844f)
2025-11-10 10:53:24 [restartedMain] DEBUG o.h.t.d.sql.spi.DdlTypeRegistry [] - addDescriptor(4002, org.hibernate.type.descriptor.sql.internal.DdlTypeImpl@f1fcc88) replaced previous registration(org.hibernate.type.descriptor.sql.internal.DdlTypeImpl@472f5846)
2025-11-10 10:53:24 [restartedMain] DEBUG o.h.t.d.sql.spi.DdlTypeRegistry [] - addDescriptor(2004, org.hibernate.type.descriptor.sql.internal.CapacityDependentDdlType@31d1be80) replaced previous registration(org.hibernate.type.descriptor.sql.internal.DdlTypeImpl@630f4809)
2025-11-10 10:53:24 [restartedMain] DEBUG o.h.t.d.sql.spi.DdlTypeRegistry [] - addDescriptor(2005, org.hibernate.type.descriptor.sql.internal.CapacityDependentDdlType@1285a36c) replaced previous registration(org.hibernate.type.descriptor.sql.internal.DdlTypeImpl@2fd52412)
2025-11-10 10:53:24 [restartedMain] DEBUG o.h.t.d.sql.spi.DdlTypeRegistry [] - addDescriptor(2011, org.hibernate.type.descriptor.sql.internal.CapacityDependentDdlType@134caad6) replaced previous registration(org.hibernate.type.descriptor.sql.internal.DdlTypeImpl@a9ae7b6)
2025-11-10 10:53:25 [restartedMain] INFO  o.h.e.t.j.p.i.JtaPlatformInitiator [] - HHH000489: No JTA platform available (set 'hibernate.transaction.jta.platform' to enable JTA platform integration)
2025-11-10 10:53:26 [restartedMain] INFO  o.s.o.j.LocalContainerEntityManagerFactoryBean [] - Initialized JPA EntityManagerFactory for persistence unit 'default'
2025-11-10 10:53:26 [restartedMain] INFO  o.s.d.j.r.query.QueryEnhancerFactory [] - Hibernate is in classpath; If applicable, HQL parser will be used.
2025-11-10 10:53:27 [restartedMain] WARN  o.s.b.a.o.j.JpaBaseConfiguration$JpaWebConfiguration [] - spring.jpa.open-in-view is enabled by default. Therefore, database queries may be performed during view rendering. Explicitly configure spring.jpa.open-in-view to disable this warning
2025-11-10 10:53:28 [restartedMain] INFO  o.s.v.b.OptionalValidatorFactoryBean [] - Failed to set up a Bean Validation provider: jakarta.validation.NoProviderFoundException: Unable to create a Configuration, because no Jakarta Bean Validation provider could be found. Add a provider like Hibernate Validator (RI) to your classpath.
2025-11-10 10:53:28 [restartedMain] INFO  o.s.b.d.a.OptionalLiveReloadServer [] - LiveReload server is running on port 35729
2025-11-10 10:53:28 [restartedMain] INFO  o.a.coyote.http11.Http11NioProtocol [] - Starting ProtocolHandler ["http-nio-9002"]
2025-11-10 10:53:28 [restartedMain] INFO  o.s.b.w.e.tomcat.TomcatWebServer [] - Tomcat started on port 9002 (http) with context path '/'
2025-11-10 10:53:29 [restartedMain] INFO  c.b.B.BookMicroserviceApplication [] - Started BookMicroserviceApplication in 11.301 seconds (process running for 12.048)
2025-11-10 10:53:33 [SpringApplicationShutdownHook] INFO  o.s.b.w.e.tomcat.GracefulShutdown [] - Commencing graceful shutdown. Waiting for active requests to complete
2025-11-10 10:53:34 [tomcat-shutdown] INFO  o.s.b.w.e.tomcat.GracefulShutdown [] - Graceful shutdown complete
2025-11-10 10:53:34 [SpringApplicationShutdownHook] INFO  o.s.o.j.LocalContainerEntityManagerFactoryBean [] - Closing JPA EntityManagerFactory for persistence unit 'default'
2025-11-10 10:53:34 [SpringApplicationShutdownHook] INFO  com.zaxxer.hikari.HikariDataSource [] - HikariPool-1 - Shutdown initiated...
2025-11-10 10:53:34 [SpringApplicationShutdownHook] INFO  com.zaxxer.hikari.HikariDataSource [] - HikariPool-1 - Shutdown completed.
2025-11-10 11:11:28 [restartedMain] INFO  c.b.B.BookMicroserviceApplication [] - Starting BookMicroserviceApplication using Java 17.0.1 with PID 24160 (D:\Documents\micro_backend\BookMicroservice\BookMicroservice\target\classes started by rober in D:\Documents\micro_backend\BookMicroservice\BookMicroservice)
2025-11-10 11:11:28 [restartedMain] DEBUG c.b.B.BookMicroserviceApplication [] - Running with Spring Boot v3.5.5, Spring v6.2.10
2025-11-10 11:11:28 [restartedMain] INFO  c.b.B.BookMicroserviceApplication [] - The following 1 profile is active: "local"
2025-11-10 11:11:28 [restartedMain] INFO  o.s.b.d.e.DevToolsPropertyDefaultsPostProcessor [] - Devtools property defaults active! Set 'spring.devtools.add-properties' to 'false' to disable
2025-11-10 11:11:28 [restartedMain] INFO  o.s.b.d.e.DevToolsPropertyDefaultsPostProcessor [] - For additional web related logging consider setting the 'logging.level.web' property to 'DEBUG'
2025-11-10 11:11:30 [restartedMain] INFO  o.s.d.r.c.RepositoryConfigurationDelegate [] - Multiple Spring Data modules found, entering strict repository configuration mode
2025-11-10 11:11:30 [restartedMain] INFO  o.s.d.r.c.RepositoryConfigurationDelegate [] - Bootstrapping Spring Data JDBC repositories in DEFAULT mode.
2025-11-10 11:11:30 [restartedMain] INFO  o.s.d.r.c.RepositoryConfigurationExtensionSupport [] - Spring Data JDBC - Could not safely identify store assignment for repository candidate interface com.book.BookMicroservice.repositories.BookRepository; If you want this repository to be a JDBC repository, consider annotating your entities with one of these annotations: org.springframework.data.relational.core.mapping.Table.
2025-11-10 11:11:30 [restartedMain] INFO  o.s.d.r.c.RepositoryConfigurationExtensionSupport [] - Spring Data JDBC - Could not safely identify store assignment for repository candidate interface com.book.BookMicroservice.repositories.RatingRepository; If you want this repository to be a JDBC repository, consider annotating your entities with one of these annotations: org.springframework.data.relational.core.mapping.Table.
2025-11-10 11:11:30 [restartedMain] INFO  o.s.d.r.c.RepositoryConfigurationDelegate [] - Finished Spring Data repository scanning in 56 ms. Found 0 JDBC repository interfaces.
2025-11-10 11:11:30 [restartedMain] INFO  o.s.d.r.c.RepositoryConfigurationDelegate [] - Multiple Spring Data modules found, entering strict repository configuration mode
2025-11-10 11:11:30 [restartedMain] INFO  o.s.d.r.c.RepositoryConfigurationDelegate [] - Bootstrapping Spring Data JPA repositories in DEFAULT mode.
2025-11-10 11:11:30 [restartedMain] INFO  o.s.d.r.c.RepositoryConfigurationDelegate [] - Finished Spring Data repository scanning in 36 ms. Found 2 JPA repository interfaces.
2025-11-10 11:11:30 [restartedMain] WARN  o.s.c.s.PostProcessorRegistrationDelegate$BeanPostProcessorChecker [] - Bean 'net.bull.javamelody.JavaMelodyAutoConfiguration' of type [net.bull.javamelody.JavaMelodyAutoConfiguration$$SpringCGLIB$$0] is not eligible for getting processed by all BeanPostProcessors (for example: not eligible for auto-proxying). The currently created BeanPostProcessor [monitoringDataSourceBeanPostProcessor] is declared through a non-static factory method on that class; consider declaring it as static instead.
2025-11-10 11:11:30 [restartedMain] WARN  o.s.c.s.PostProcessorRegistrationDelegate$BeanPostProcessorChecker [] - Bean 'monitoringSpringAdvisor' of type [net.bull.javamelody.MonitoringSpringAdvisor] is not eligible for getting processed by all BeanPostProcessors (for example: not eligible for auto-proxying). Is this bean getting eagerly injected/applied to a currently created BeanPostProcessor [projectingArgumentResolverBeanPostProcessor]? Check the corresponding BeanPostProcessor declaration and its dependencies/advisors. If this bean does not have to be post-processed, declare it with ROLE_INFRASTRUCTURE.
2025-11-10 11:11:30 [restartedMain] WARN  o.s.c.s.PostProcessorRegistrationDelegate$BeanPostProcessorChecker [] - Bean 'monitoringSpringServiceAdvisor' of type [net.bull.javamelody.MonitoringSpringAdvisor] is not eligible for getting processed by all BeanPostProcessors (for example: not eligible for auto-proxying). Is this bean getting eagerly injected/applied to a currently created BeanPostProcessor [projectingArgumentResolverBeanPostProcessor]? Check the corresponding BeanPostProcessor declaration and its dependencies/advisors. If this bean does not have to be post-processed, declare it with ROLE_INFRASTRUCTURE.
2025-11-10 11:11:30 [restartedMain] WARN  o.s.c.s.PostProcessorRegistrationDelegate$BeanPostProcessorChecker [] - Bean 'monitoringSpringControllerAdvisor' of type [net.bull.javamelody.MonitoringSpringAdvisor] is not eligible for getting processed by all BeanPostProcessors (for example: not eligible for auto-proxying). Is this bean getting eagerly injected/applied to a currently created BeanPostProcessor [projectingArgumentResolverBeanPostProcessor]? Check the corresponding BeanPostProcessor declaration and its dependencies/advisors. If this bean does not have to be post-processed, declare it with ROLE_INFRASTRUCTURE.
2025-11-10 11:11:30 [restartedMain] WARN  o.s.c.s.PostProcessorRegistrationDelegate$BeanPostProcessorChecker [] - Bean 'monitoringSpringRestControllerAdvisor' of type [net.bull.javamelody.MonitoringSpringAdvisor] is not eligible for getting processed by all BeanPostProcessors (for example: not eligible for auto-proxying). Is this bean getting eagerly injected/applied to a currently created BeanPostProcessor [projectingArgumentResolverBeanPostProcessor]? Check the corresponding BeanPostProcessor declaration and its dependencies/advisors. If this bean does not have to be post-processed, declare it with ROLE_INFRASTRUCTURE.
2025-11-10 11:11:30 [restartedMain] WARN  o.s.c.s.PostProcessorRegistrationDelegate$BeanPostProcessorChecker [] - Bean 'monitoringSpringAsyncAdvisor' of type [net.bull.javamelody.MonitoringSpringAdvisor] is not eligible for getting processed by all BeanPostProcessors (for example: not eligible for auto-proxying). Is this bean getting eagerly injected/applied to a currently created BeanPostProcessor [projectingArgumentResolverBeanPostProcessor]? Check the corresponding BeanPostProcessor declaration and its dependencies/advisors. If this bean does not have to be post-processed, declare it with ROLE_INFRASTRUCTURE.
2025-11-10 11:11:30 [restartedMain] WARN  o.s.c.s.PostProcessorRegistrationDelegate$BeanPostProcessorChecker [] - Bean 'monitoringSpringScheduledAdvisor' of type [net.bull.javamelody.MonitoringSpringAdvisor] is not eligible for getting processed by all BeanPostProcessors (for example: not eligible for auto-proxying). Is this bean getting eagerly injected/applied to a currently created BeanPostProcessor [projectingArgumentResolverBeanPostProcessor]? Check the corresponding BeanPostProcessor declaration and its dependencies/advisors. If this bean does not have to be post-processed, declare it with ROLE_INFRASTRUCTURE.
2025-11-10 11:11:31 [restartedMain] INFO  o.s.b.w.e.tomcat.TomcatWebServer [] - Tomcat initialized with port 9002 (http)
2025-11-10 11:11:31 [restartedMain] INFO  o.a.coyote.http11.Http11NioProtocol [] - Initializing ProtocolHandler ["http-nio-9002"]
2025-11-10 11:11:31 [restartedMain] INFO  o.a.catalina.core.StandardService [] - Starting service [Tomcat]
2025-11-10 11:11:31 [restartedMain] INFO  o.a.catalina.core.StandardEngine [] - Starting Servlet engine: [Apache Tomcat/10.1.44]
2025-11-10 11:11:31 [restartedMain] INFO  o.a.c.c.C.[Tomcat].[localhost].[/] [] - Initializing Spring embedded WebApplicationContext
2025-11-10 11:11:31 [restartedMain] INFO  o.s.b.w.s.c.ServletWebServerApplicationContext [] - Root WebApplicationContext: initialization completed in 2619 ms
2025-11-10 11:11:32 [restartedMain] DEBUG c.b.B.security.JwtRequestFilter [] - Filter 'jwtRequestFilter' configured for use
2025-11-10 11:11:32 [restartedMain] DEBUG c.b.B.security.ApiFilter [] - Filter 'apiFilter' configured for use
2025-11-10 11:11:32 [restartedMain] INFO  o.h.jpa.internal.util.LogHelper [] - HHH000204: Processing PersistenceUnitInfo [name: default]
2025-11-10 11:11:32 [restartedMain] INFO  org.hibernate.Version [] - HHH000412: Hibernate ORM core version 6.6.26.Final
2025-11-10 11:11:32 [restartedMain] INFO  o.h.c.i.RegionFactoryInitiator [] - HHH000026: Second-level cache disabled
2025-11-10 11:11:33 [restartedMain] INFO  o.s.o.j.p.SpringPersistenceUnitInfo [] - No LoadTimeWeaver setup: ignoring JPA class transformer
2025-11-10 11:11:33 [restartedMain] INFO  com.zaxxer.hikari.HikariDataSource [] - HikariPool-1 - Starting...
2025-11-10 11:11:33 [restartedMain] INFO  com.zaxxer.hikari.pool.HikariPool [] - HikariPool-1 - Added connection com.mysql.cj.jdbc.ConnectionImpl@1ddac0d8
2025-11-10 11:11:33 [restartedMain] INFO  com.zaxxer.hikari.HikariDataSource [] - HikariPool-1 - Start completed.
2025-11-10 11:11:33 [restartedMain] WARN  org.hibernate.orm.deprecation [] - HHH90000025: MySQL8Dialect does not need to be specified explicitly using 'hibernate.dialect' (remove the property setting and it will be selected by default)
2025-11-10 11:11:33 [restartedMain] WARN  org.hibernate.orm.deprecation [] - HHH90000026: MySQL8Dialect has been deprecated; use org.hibernate.dialect.MySQLDialect instead
2025-11-10 11:11:34 [restartedMain] INFO  o.hibernate.orm.connections.pooling [] - HHH10001005: Database info:
	Database JDBC URL [Connecting through datasource 'HikariDataSource (HikariPool-1)']
	Database driver: undefined/unknown
	Database version: 8.0
	Autocommit mode: undefined/unknown
	Isolation level: undefined/unknown
	Minimum pool size: undefined/unknown
	Maximum pool size: undefined/unknown
2025-11-10 11:11:34 [restartedMain] DEBUG o.h.t.d.sql.spi.DdlTypeRegistry [] - addDescriptor(12, org.hibernate.type.descriptor.sql.internal.CapacityDependentDdlType@42e04771) replaced previous registration(org.hibernate.type.descriptor.sql.internal.CapacityDependentDdlType@49ce41e2)
2025-11-10 11:11:34 [restartedMain] DEBUG o.h.t.d.sql.spi.DdlTypeRegistry [] - addDescriptor(-9, org.hibernate.type.descriptor.sql.internal.CapacityDependentDdlType@a87a7d8) replaced previous registration(org.hibernate.type.descriptor.sql.internal.CapacityDependentDdlType@557a51a)
2025-11-10 11:11:34 [restartedMain] DEBUG o.h.t.d.sql.spi.DdlTypeRegistry [] - addDescriptor(-3, org.hibernate.type.descriptor.sql.internal.CapacityDependentDdlType@454cb10e) replaced previous registration(org.hibernate.type.descriptor.sql.internal.CapacityDependentDdlType@7e363914)
2025-11-10 11:11:34 [restartedMain] DEBUG o.h.t.d.sql.spi.DdlTypeRegistry [] - addDescriptor(4003, org.hibernate.type.descriptor.sql.internal.DdlTypeImpl@4938e86d) replaced previous registration(org.hibernate.type.descriptor.sql.internal.DdlTypeImpl@71fffb25)
2025-11-10 11:11:34 [restartedMain] DEBUG o.h.t.d.sql.spi.DdlTypeRegistry [] - addDescriptor(4001, org.hibernate.type.descriptor.sql.internal.DdlTypeImpl@519bf0d5) replaced previous registration(org.hibernate.type.descriptor.sql.internal.DdlTypeImpl@1eaa8d6b)
2025-11-10 11:11:34 [restartedMain] DEBUG o.h.t.d.sql.spi.DdlTypeRegistry [] - addDescriptor(4002, org.hibernate.type.descriptor.sql.internal.DdlTypeImpl@10df7553) replaced previous registration(org.hibernate.type.descriptor.sql.internal.DdlTypeImpl@1e7782be)
2025-11-10 11:11:34 [restartedMain] DEBUG o.h.t.d.sql.spi.DdlTypeRegistry [] - addDescriptor(2004, org.hibernate.type.descriptor.sql.internal.CapacityDependentDdlType@1064d4fd) replaced previous registration(org.hibernate.type.descriptor.sql.internal.DdlTypeImpl@5aefd24f)
2025-11-10 11:11:34 [restartedMain] DEBUG o.h.t.d.sql.spi.DdlTypeRegistry [] - addDescriptor(2005, org.hibernate.type.descriptor.sql.internal.CapacityDependentDdlType@317151ac) replaced previous registration(org.hibernate.type.descriptor.sql.internal.DdlTypeImpl@1331474e)
2025-11-10 11:11:34 [restartedMain] DEBUG o.h.t.d.sql.spi.DdlTypeRegistry [] - addDescriptor(2011, org.hibernate.type.descriptor.sql.internal.CapacityDependentDdlType@2544bae9) replaced previous registration(org.hibernate.type.descriptor.sql.internal.DdlTypeImpl@19d79a4)
2025-11-10 11:11:35 [restartedMain] INFO  o.h.e.t.j.p.i.JtaPlatformInitiator [] - HHH000489: No JTA platform available (set 'hibernate.transaction.jta.platform' to enable JTA platform integration)
2025-11-10 11:11:35 [restartedMain] INFO  o.s.o.j.LocalContainerEntityManagerFactoryBean [] - Initialized JPA EntityManagerFactory for persistence unit 'default'
2025-11-10 11:11:35 [restartedMain] WARN  o.s.b.w.s.c.AnnotationConfigServletWebServerApplicationContext [] - Exception encountered during context initialization - cancelling refresh attempt: org.springframework.beans.factory.BeanCreationException: Error creating bean with name 'userServiceClient' defined in file [D:\Documents\micro_backend\BookMicroservice\BookMicroservice\target\classes\com\book\BookMicroservice\client\UserServiceClient.class]: Failed to instantiate [com.book.BookMicroservice.client.UserServiceClient]: No default constructor found
2025-11-10 11:11:35 [restartedMain] INFO  o.s.o.j.LocalContainerEntityManagerFactoryBean [] - Closing JPA EntityManagerFactory for persistence unit 'default'
2025-11-10 11:11:35 [restartedMain] INFO  com.zaxxer.hikari.HikariDataSource [] - HikariPool-1 - Shutdown initiated...
2025-11-10 11:11:35 [restartedMain] INFO  com.zaxxer.hikari.HikariDataSource [] - HikariPool-1 - Shutdown completed.
2025-11-10 11:11:35 [restartedMain] INFO  o.a.catalina.core.StandardService [] - Stopping service [Tomcat]
2025-11-10 11:11:35 [restartedMain] INFO  o.s.b.a.l.ConditionEvaluationReportLogger [] - 

Error starting ApplicationContext. To display the condition evaluation report re-run your application with 'debug' enabled.
2025-11-10 11:11:35 [restartedMain] ERROR o.s.boot.SpringApplication [] - Application run failed
org.springframework.beans.factory.BeanCreationException: Error creating bean with name 'userServiceClient' defined in file [D:\Documents\micro_backend\BookMicroservice\BookMicroservice\target\classes\com\book\BookMicroservice\client\UserServiceClient.class]: Failed to instantiate [com.book.BookMicroservice.client.UserServiceClient]: No default constructor found
	at org.springframework.beans.factory.support.AbstractAutowireCapableBeanFactory.instantiateBean(AbstractAutowireCapableBeanFactory.java:1357)
	at org.springframework.beans.factory.support.AbstractAutowireCapableBeanFactory.createBeanInstance(AbstractAutowireCapableBeanFactory.java:1242)
	at org.springframework.beans.factory.support.AbstractAutowireCapableBeanFactory.doCreateBean(AbstractAutowireCapableBeanFactory.java:569)
	at org.springframework.beans.factory.support.AbstractAutowireCapableBeanFactory.createBean(AbstractAutowireCapableBeanFactory.java:529)
	at org.springframework.beans.factory.support.AbstractBeanFactory.lambda$doGetBean$0(AbstractBeanFactory.java:339)
	at org.springframework.beans.factory.support.DefaultSingletonBeanRegistry.getSingleton(DefaultSingletonBeanRegistry.java:373)
	at org.springframework.beans.factory.support.AbstractBeanFactory.doGetBean(AbstractBeanFactory.java:337)
	at org.springframework.beans.factory.support.AbstractBeanFactory.getBean(AbstractBeanFactory.java:202)
	at org.springframework.beans.factory.support.DefaultListableBeanFactory.instantiateSingleton(DefaultListableBeanFactory.java:1222)
	at org.springframework.beans.factory.support.DefaultListableBeanFactory.preInstantiateSingleton(DefaultListableBeanFactory.java:1188)
	at org.springframework.beans.factory.support.DefaultListableBeanFactory.preInstantiateSingletons(DefaultListableBeanFactory.java:1123)
	at org.springframework.context.support.AbstractApplicationContext.finishBeanFactoryInitialization(AbstractApplicationContext.java:987)
	at org.springframework.context.support.AbstractApplicationContext.refresh(AbstractApplicationContext.java:627)
	at org.springframework.boot.web.servlet.context.ServletWebServerApplicationContext.refresh(ServletWebServerApplicationContext.java:146)
	at org.springframework.boot.SpringApplication.refresh(SpringApplication.java:752)
	at org.springframework.boot.SpringApplication.refreshContext(SpringApplication.java:439)
	at org.springframework.boot.SpringApplication.run(SpringApplication.java:318)
	at org.springframework.boot.SpringApplication.run(SpringApplication.java:1361)
	at org.springframework.boot.SpringApplication.run(SpringApplication.java:1350)
	at com.book.BookMicroservice.BookMicroserviceApplication.main(BookMicroserviceApplication.java:10)
	at java.base/jdk.internal.reflect.NativeMethodAccessorImpl.invoke0(Native Method)
	at java.base/jdk.internal.reflect.NativeMethodAccessorImpl.invoke(NativeMethodAccessorImpl.java:77)
	at java.base/jdk.internal.reflect.DelegatingMethodAccessorImpl.invoke(DelegatingMethodAccessorImpl.java:43)
	at java.base/java.lang.reflect.Method.invoke(Method.java:568)
	at org.springframework.boot.devtools.restart.RestartLauncher.run(RestartLauncher.java:50)
Caused by: org.springframework.beans.BeanInstantiationException: Failed to instantiate [com.book.BookMicroservice.client.UserServiceClient]: No default constructor found
	at org.springframework.beans.factory.support.SimpleInstantiationStrategy.instantiate(SimpleInstantiationStrategy.java:119)
	at org.springframework.beans.factory.support.AbstractAutowireCapableBeanFactory.instantiateBean(AbstractAutowireCapableBeanFactory.java:1351)
	... 24 common frames omitted
Caused by: java.lang.NoSuchMethodException: com.book.BookMicroservice.client.UserServiceClient.<init>()
	at java.base/java.lang.Class.getConstructor0(Class.java:3585)
	at java.base/java.lang.Class.getDeclaredConstructor(Class.java:2754)
	at org.springframework.beans.factory.support.SimpleInstantiationStrategy.instantiate(SimpleInstantiationStrategy.java:115)
	... 25 common frames omitted
2025-11-10 11:18:22 [restartedMain] INFO  c.b.B.BookMicroserviceApplication [] - Starting BookMicroserviceApplication using Java 17.0.1 with PID 23536 (D:\Documents\micro_backend\BookMicroservice\BookMicroservice\target\classes started by rober in D:\Documents\micro_backend\BookMicroservice\BookMicroservice)
2025-11-10 11:18:22 [restartedMain] DEBUG c.b.B.BookMicroserviceApplication [] - Running with Spring Boot v3.5.5, Spring v6.2.10
2025-11-10 11:18:22 [restartedMain] INFO  c.b.B.BookMicroserviceApplication [] - The following 1 profile is active: "local"
2025-11-10 11:18:22 [restartedMain] INFO  o.s.b.d.e.DevToolsPropertyDefaultsPostProcessor [] - Devtools property defaults active! Set 'spring.devtools.add-properties' to 'false' to disable
2025-11-10 11:18:22 [restartedMain] INFO  o.s.b.d.e.DevToolsPropertyDefaultsPostProcessor [] - For additional web related logging consider setting the 'logging.level.web' property to 'DEBUG'
2025-11-10 11:18:23 [restartedMain] INFO  o.s.d.r.c.RepositoryConfigurationDelegate [] - Multiple Spring Data modules found, entering strict repository configuration mode
2025-11-10 11:18:23 [restartedMain] INFO  o.s.d.r.c.RepositoryConfigurationDelegate [] - Bootstrapping Spring Data JDBC repositories in DEFAULT mode.
2025-11-10 11:18:23 [restartedMain] INFO  o.s.d.r.c.RepositoryConfigurationExtensionSupport [] - Spring Data JDBC - Could not safely identify store assignment for repository candidate interface com.book.BookMicroservice.repositories.BookRepository; If you want this repository to be a JDBC repository, consider annotating your entities with one of these annotations: org.springframework.data.relational.core.mapping.Table.
2025-11-10 11:18:23 [restartedMain] INFO  o.s.d.r.c.RepositoryConfigurationExtensionSupport [] - Spring Data JDBC - Could not safely identify store assignment for repository candidate interface com.book.BookMicroservice.repositories.RatingRepository; If you want this repository to be a JDBC repository, consider annotating your entities with one of these annotations: org.springframework.data.relational.core.mapping.Table.
2025-11-10 11:18:23 [restartedMain] INFO  o.s.d.r.c.RepositoryConfigurationDelegate [] - Finished Spring Data repository scanning in 55 ms. Found 0 JDBC repository interfaces.
2025-11-10 11:18:23 [restartedMain] INFO  o.s.d.r.c.RepositoryConfigurationDelegate [] - Multiple Spring Data modules found, entering strict repository configuration mode
2025-11-10 11:18:23 [restartedMain] INFO  o.s.d.r.c.RepositoryConfigurationDelegate [] - Bootstrapping Spring Data JPA repositories in DEFAULT mode.
2025-11-10 11:18:23 [restartedMain] INFO  o.s.d.r.c.RepositoryConfigurationDelegate [] - Finished Spring Data repository scanning in 33 ms. Found 2 JPA repository interfaces.
2025-11-10 11:18:24 [restartedMain] WARN  o.s.c.s.PostProcessorRegistrationDelegate$BeanPostProcessorChecker [] - Bean 'net.bull.javamelody.JavaMelodyAutoConfiguration' of type [net.bull.javamelody.JavaMelodyAutoConfiguration$$SpringCGLIB$$0] is not eligible for getting processed by all BeanPostProcessors (for example: not eligible for auto-proxying). The currently created BeanPostProcessor [monitoringDataSourceBeanPostProcessor] is declared through a non-static factory method on that class; consider declaring it as static instead.
2025-11-10 11:18:24 [restartedMain] WARN  o.s.c.s.PostProcessorRegistrationDelegate$BeanPostProcessorChecker [] - Bean 'monitoringSpringAdvisor' of type [net.bull.javamelody.MonitoringSpringAdvisor] is not eligible for getting processed by all BeanPostProcessors (for example: not eligible for auto-proxying). Is this bean getting eagerly injected/applied to a currently created BeanPostProcessor [projectingArgumentResolverBeanPostProcessor]? Check the corresponding BeanPostProcessor declaration and its dependencies/advisors. If this bean does not have to be post-processed, declare it with ROLE_INFRASTRUCTURE.
2025-11-10 11:18:24 [restartedMain] WARN  o.s.c.s.PostProcessorRegistrationDelegate$BeanPostProcessorChecker [] - Bean 'monitoringSpringServiceAdvisor' of type [net.bull.javamelody.MonitoringSpringAdvisor] is not eligible for getting processed by all BeanPostProcessors (for example: not eligible for auto-proxying). Is this bean getting eagerly injected/applied to a currently created BeanPostProcessor [projectingArgumentResolverBeanPostProcessor]? Check the corresponding BeanPostProcessor declaration and its dependencies/advisors. If this bean does not have to be post-processed, declare it with ROLE_INFRASTRUCTURE.
2025-11-10 11:18:24 [restartedMain] WARN  o.s.c.s.PostProcessorRegistrationDelegate$BeanPostProcessorChecker [] - Bean 'monitoringSpringControllerAdvisor' of type [net.bull.javamelody.MonitoringSpringAdvisor] is not eligible for getting processed by all BeanPostProcessors (for example: not eligible for auto-proxying). Is this bean getting eagerly injected/applied to a currently created BeanPostProcessor [projectingArgumentResolverBeanPostProcessor]? Check the corresponding BeanPostProcessor declaration and its dependencies/advisors. If this bean does not have to be post-processed, declare it with ROLE_INFRASTRUCTURE.
2025-11-10 11:18:24 [restartedMain] WARN  o.s.c.s.PostProcessorRegistrationDelegate$BeanPostProcessorChecker [] - Bean 'monitoringSpringRestControllerAdvisor' of type [net.bull.javamelody.MonitoringSpringAdvisor] is not eligible for getting processed by all BeanPostProcessors (for example: not eligible for auto-proxying). Is this bean getting eagerly injected/applied to a currently created BeanPostProcessor [projectingArgumentResolverBeanPostProcessor]? Check the corresponding BeanPostProcessor declaration and its dependencies/advisors. If this bean does not have to be post-processed, declare it with ROLE_INFRASTRUCTURE.
2025-11-10 11:18:24 [restartedMain] WARN  o.s.c.s.PostProcessorRegistrationDelegate$BeanPostProcessorChecker [] - Bean 'monitoringSpringAsyncAdvisor' of type [net.bull.javamelody.MonitoringSpringAdvisor] is not eligible for getting processed by all BeanPostProcessors (for example: not eligible for auto-proxying). Is this bean getting eagerly injected/applied to a currently created BeanPostProcessor [projectingArgumentResolverBeanPostProcessor]? Check the corresponding BeanPostProcessor declaration and its dependencies/advisors. If this bean does not have to be post-processed, declare it with ROLE_INFRASTRUCTURE.
2025-11-10 11:18:24 [restartedMain] WARN  o.s.c.s.PostProcessorRegistrationDelegate$BeanPostProcessorChecker [] - Bean 'monitoringSpringScheduledAdvisor' of type [net.bull.javamelody.MonitoringSpringAdvisor] is not eligible for getting processed by all BeanPostProcessors (for example: not eligible for auto-proxying). Is this bean getting eagerly injected/applied to a currently created BeanPostProcessor [projectingArgumentResolverBeanPostProcessor]? Check the corresponding BeanPostProcessor declaration and its dependencies/advisors. If this bean does not have to be post-processed, declare it with ROLE_INFRASTRUCTURE.
2025-11-10 11:18:24 [restartedMain] INFO  o.s.b.w.e.tomcat.TomcatWebServer [] - Tomcat initialized with port 9002 (http)
2025-11-10 11:18:24 [restartedMain] INFO  o.a.coyote.http11.Http11NioProtocol [] - Initializing ProtocolHandler ["http-nio-9002"]
2025-11-10 11:18:24 [restartedMain] INFO  o.a.catalina.core.StandardService [] - Starting service [Tomcat]
2025-11-10 11:18:24 [restartedMain] INFO  o.a.catalina.core.StandardEngine [] - Starting Servlet engine: [Apache Tomcat/10.1.44]
2025-11-10 11:18:25 [restartedMain] INFO  o.a.c.c.C.[Tomcat].[localhost].[/] [] - Initializing Spring embedded WebApplicationContext
2025-11-10 11:18:25 [restartedMain] INFO  o.s.b.w.s.c.ServletWebServerApplicationContext [] - Root WebApplicationContext: initialization completed in 2833 ms
2025-11-10 11:18:26 [restartedMain] DEBUG c.b.B.security.JwtRequestFilter [] - Filter 'jwtRequestFilter' configured for use
2025-11-10 11:18:26 [restartedMain] DEBUG c.b.B.security.ApiFilter [] - Filter 'apiFilter' configured for use
2025-11-10 11:18:26 [restartedMain] INFO  o.h.jpa.internal.util.LogHelper [] - HHH000204: Processing PersistenceUnitInfo [name: default]
2025-11-10 11:18:26 [restartedMain] INFO  org.hibernate.Version [] - HHH000412: Hibernate ORM core version 6.6.26.Final
2025-11-10 11:18:26 [restartedMain] INFO  o.h.c.i.RegionFactoryInitiator [] - HHH000026: Second-level cache disabled
2025-11-10 11:18:27 [restartedMain] INFO  o.s.o.j.p.SpringPersistenceUnitInfo [] - No LoadTimeWeaver setup: ignoring JPA class transformer
2025-11-10 11:18:27 [restartedMain] INFO  com.zaxxer.hikari.HikariDataSource [] - HikariPool-1 - Starting...
2025-11-10 11:18:27 [restartedMain] INFO  com.zaxxer.hikari.pool.HikariPool [] - HikariPool-1 - Added connection com.mysql.cj.jdbc.ConnectionImpl@5c03175f
2025-11-10 11:18:27 [restartedMain] INFO  com.zaxxer.hikari.HikariDataSource [] - HikariPool-1 - Start completed.
2025-11-10 11:18:27 [restartedMain] WARN  org.hibernate.orm.deprecation [] - HHH90000025: MySQL8Dialect does not need to be specified explicitly using 'hibernate.dialect' (remove the property setting and it will be selected by default)
2025-11-10 11:18:27 [restartedMain] WARN  org.hibernate.orm.deprecation [] - HHH90000026: MySQL8Dialect has been deprecated; use org.hibernate.dialect.MySQLDialect instead
2025-11-10 11:18:27 [restartedMain] INFO  o.hibernate.orm.connections.pooling [] - HHH10001005: Database info:
	Database JDBC URL [Connecting through datasource 'HikariDataSource (HikariPool-1)']
	Database driver: undefined/unknown
	Database version: 8.0
	Autocommit mode: undefined/unknown
	Isolation level: undefined/unknown
	Minimum pool size: undefined/unknown
	Maximum pool size: undefined/unknown
2025-11-10 11:18:27 [restartedMain] DEBUG o.h.t.d.sql.spi.DdlTypeRegistry [] - addDescriptor(12, org.hibernate.type.descriptor.sql.internal.CapacityDependentDdlType@d1792c8) replaced previous registration(org.hibernate.type.descriptor.sql.internal.CapacityDependentDdlType@60bf63d4)
2025-11-10 11:18:27 [restartedMain] DEBUG o.h.t.d.sql.spi.DdlTypeRegistry [] - addDescriptor(-9, org.hibernate.type.descriptor.sql.internal.CapacityDependentDdlType@3f8f0895) replaced previous registration(org.hibernate.type.descriptor.sql.internal.CapacityDependentDdlType@3d5bea3b)
2025-11-10 11:18:27 [restartedMain] DEBUG o.h.t.d.sql.spi.DdlTypeRegistry [] - addDescriptor(-3, org.hibernate.type.descriptor.sql.internal.CapacityDependentDdlType@c6bbe8a) replaced previous registration(org.hibernate.type.descriptor.sql.internal.CapacityDependentDdlType@17d1cd10)
2025-11-10 11:18:27 [restartedMain] DEBUG o.h.t.d.sql.spi.DdlTypeRegistry [] - addDescriptor(4003, org.hibernate.type.descriptor.sql.internal.DdlTypeImpl@50ddb4df) replaced previous registration(org.hibernate.type.descriptor.sql.internal.DdlTypeImpl@323586cd)
2025-11-10 11:18:27 [restartedMain] DEBUG o.h.t.d.sql.spi.DdlTypeRegistry [] - addDescriptor(4001, org.hibernate.type.descriptor.sql.internal.DdlTypeImpl@637be1ef) replaced previous registration(org.hibernate.type.descriptor.sql.internal.DdlTypeImpl@7adb19dd)
2025-11-10 11:18:27 [restartedMain] DEBUG o.h.t.d.sql.spi.DdlTypeRegistry [] - addDescriptor(4002, org.hibernate.type.descriptor.sql.internal.DdlTypeImpl@471d2115) replaced previous registration(org.hibernate.type.descriptor.sql.internal.DdlTypeImpl@5900d4d5)
2025-11-10 11:18:27 [restartedMain] DEBUG o.h.t.d.sql.spi.DdlTypeRegistry [] - addDescriptor(2004, org.hibernate.type.descriptor.sql.internal.CapacityDependentDdlType@65c82283) replaced previous registration(org.hibernate.type.descriptor.sql.internal.DdlTypeImpl@477fca16)
2025-11-10 11:18:27 [restartedMain] DEBUG o.h.t.d.sql.spi.DdlTypeRegistry [] - addDescriptor(2005, org.hibernate.type.descriptor.sql.internal.CapacityDependentDdlType@69444e65) replaced previous registration(org.hibernate.type.descriptor.sql.internal.DdlTypeImpl@363d89e4)
2025-11-10 11:18:27 [restartedMain] DEBUG o.h.t.d.sql.spi.DdlTypeRegistry [] - addDescriptor(2011, org.hibernate.type.descriptor.sql.internal.CapacityDependentDdlType@12c5699a) replaced previous registration(org.hibernate.type.descriptor.sql.internal.DdlTypeImpl@2bd33eae)
2025-11-10 11:18:28 [restartedMain] INFO  o.h.e.t.j.p.i.JtaPlatformInitiator [] - HHH000489: No JTA platform available (set 'hibernate.transaction.jta.platform' to enable JTA platform integration)
2025-11-10 11:18:29 [restartedMain] INFO  o.s.o.j.LocalContainerEntityManagerFactoryBean [] - Initialized JPA EntityManagerFactory for persistence unit 'default'
2025-11-10 11:18:29 [restartedMain] WARN  o.s.b.w.s.c.AnnotationConfigServletWebServerApplicationContext [] - Exception encountered during context initialization - cancelling refresh attempt: org.springframework.beans.factory.BeanCreationException: Error creating bean with name 'userServiceClient' defined in file [D:\Documents\micro_backend\BookMicroservice\BookMicroservice\target\classes\com\book\BookMicroservice\client\UserServiceClient.class]: Failed to instantiate [com.book.BookMicroservice.client.UserServiceClient]: No default constructor found
2025-11-10 11:18:29 [restartedMain] INFO  o.s.o.j.LocalContainerEntityManagerFactoryBean [] - Closing JPA EntityManagerFactory for persistence unit 'default'
2025-11-10 11:18:29 [restartedMain] INFO  com.zaxxer.hikari.HikariDataSource [] - HikariPool-1 - Shutdown initiated...
2025-11-10 11:18:29 [restartedMain] INFO  com.zaxxer.hikari.HikariDataSource [] - HikariPool-1 - Shutdown completed.
2025-11-10 11:18:29 [restartedMain] INFO  o.a.catalina.core.StandardService [] - Stopping service [Tomcat]
2025-11-10 11:18:29 [restartedMain] INFO  o.s.b.a.l.ConditionEvaluationReportLogger [] - 

Error starting ApplicationContext. To display the condition evaluation report re-run your application with 'debug' enabled.
2025-11-10 11:18:29 [restartedMain] ERROR o.s.boot.SpringApplication [] - Application run failed
org.springframework.beans.factory.BeanCreationException: Error creating bean with name 'userServiceClient' defined in file [D:\Documents\micro_backend\BookMicroservice\BookMicroservice\target\classes\com\book\BookMicroservice\client\UserServiceClient.class]: Failed to instantiate [com.book.BookMicroservice.client.UserServiceClient]: No default constructor found
	at org.springframework.beans.factory.support.AbstractAutowireCapableBeanFactory.instantiateBean(AbstractAutowireCapableBeanFactory.java:1357)
	at org.springframework.beans.factory.support.AbstractAutowireCapableBeanFactory.createBeanInstance(AbstractAutowireCapableBeanFactory.java:1242)
	at org.springframework.beans.factory.support.AbstractAutowireCapableBeanFactory.doCreateBean(AbstractAutowireCapableBeanFactory.java:569)
	at org.springframework.beans.factory.support.AbstractAutowireCapableBeanFactory.createBean(AbstractAutowireCapableBeanFactory.java:529)
	at org.springframework.beans.factory.support.AbstractBeanFactory.lambda$doGetBean$0(AbstractBeanFactory.java:339)
	at org.springframework.beans.factory.support.DefaultSingletonBeanRegistry.getSingleton(DefaultSingletonBeanRegistry.java:373)
	at org.springframework.beans.factory.support.AbstractBeanFactory.doGetBean(AbstractBeanFactory.java:337)
	at org.springframework.beans.factory.support.AbstractBeanFactory.getBean(AbstractBeanFactory.java:202)
	at org.springframework.beans.factory.support.DefaultListableBeanFactory.instantiateSingleton(DefaultListableBeanFactory.java:1222)
	at org.springframework.beans.factory.support.DefaultListableBeanFactory.preInstantiateSingleton(DefaultListableBeanFactory.java:1188)
	at org.springframework.beans.factory.support.DefaultListableBeanFactory.preInstantiateSingletons(DefaultListableBeanFactory.java:1123)
	at org.springframework.context.support.AbstractApplicationContext.finishBeanFactoryInitialization(AbstractApplicationContext.java:987)
	at org.springframework.context.support.AbstractApplicationContext.refresh(AbstractApplicationContext.java:627)
	at org.springframework.boot.web.servlet.context.ServletWebServerApplicationContext.refresh(ServletWebServerApplicationContext.java:146)
	at org.springframework.boot.SpringApplication.refresh(SpringApplication.java:752)
	at org.springframework.boot.SpringApplication.refreshContext(SpringApplication.java:439)
	at org.springframework.boot.SpringApplication.run(SpringApplication.java:318)
	at org.springframework.boot.SpringApplication.run(SpringApplication.java:1361)
	at org.springframework.boot.SpringApplication.run(SpringApplication.java:1350)
	at com.book.BookMicroservice.BookMicroserviceApplication.main(BookMicroserviceApplication.java:10)
	at java.base/jdk.internal.reflect.NativeMethodAccessorImpl.invoke0(Native Method)
	at java.base/jdk.internal.reflect.NativeMethodAccessorImpl.invoke(NativeMethodAccessorImpl.java:77)
	at java.base/jdk.internal.reflect.DelegatingMethodAccessorImpl.invoke(DelegatingMethodAccessorImpl.java:43)
	at java.base/java.lang.reflect.Method.invoke(Method.java:568)
	at org.springframework.boot.devtools.restart.RestartLauncher.run(RestartLauncher.java:50)
Caused by: org.springframework.beans.BeanInstantiationException: Failed to instantiate [com.book.BookMicroservice.client.UserServiceClient]: No default constructor found
	at org.springframework.beans.factory.support.SimpleInstantiationStrategy.instantiate(SimpleInstantiationStrategy.java:119)
	at org.springframework.beans.factory.support.AbstractAutowireCapableBeanFactory.instantiateBean(AbstractAutowireCapableBeanFactory.java:1351)
	... 24 common frames omitted
Caused by: java.lang.NoSuchMethodException: com.book.BookMicroservice.client.UserServiceClient.<init>()
	at java.base/java.lang.Class.getConstructor0(Class.java:3585)
	at java.base/java.lang.Class.getDeclaredConstructor(Class.java:2754)
	at org.springframework.beans.factory.support.SimpleInstantiationStrategy.instantiate(SimpleInstantiationStrategy.java:115)
	... 25 common frames omitted
2025-11-10 11:20:35 [restartedMain] INFO  c.b.B.BookMicroserviceApplication [] - Starting BookMicroserviceApplication using Java 17.0.1 with PID 19348 (D:\Documents\micro_backend\BookMicroservice\BookMicroservice\target\classes started by rober in D:\Documents\micro_backend\BookMicroservice\BookMicroservice)
2025-11-10 11:20:35 [restartedMain] DEBUG c.b.B.BookMicroserviceApplication [] - Running with Spring Boot v3.5.5, Spring v6.2.10
2025-11-10 11:20:35 [restartedMain] INFO  c.b.B.BookMicroserviceApplication [] - The following 1 profile is active: "local"
2025-11-10 11:20:35 [restartedMain] INFO  o.s.b.d.e.DevToolsPropertyDefaultsPostProcessor [] - Devtools property defaults active! Set 'spring.devtools.add-properties' to 'false' to disable
2025-11-10 11:20:35 [restartedMain] INFO  o.s.b.d.e.DevToolsPropertyDefaultsPostProcessor [] - For additional web related logging consider setting the 'logging.level.web' property to 'DEBUG'
2025-11-10 11:20:36 [restartedMain] INFO  o.s.d.r.c.RepositoryConfigurationDelegate [] - Multiple Spring Data modules found, entering strict repository configuration mode
2025-11-10 11:20:36 [restartedMain] INFO  o.s.d.r.c.RepositoryConfigurationDelegate [] - Bootstrapping Spring Data JDBC repositories in DEFAULT mode.
2025-11-10 11:20:36 [restartedMain] INFO  o.s.d.r.c.RepositoryConfigurationExtensionSupport [] - Spring Data JDBC - Could not safely identify store assignment for repository candidate interface com.book.BookMicroservice.repositories.BookRepository; If you want this repository to be a JDBC repository, consider annotating your entities with one of these annotations: org.springframework.data.relational.core.mapping.Table.
2025-11-10 11:20:36 [restartedMain] INFO  o.s.d.r.c.RepositoryConfigurationExtensionSupport [] - Spring Data JDBC - Could not safely identify store assignment for repository candidate interface com.book.BookMicroservice.repositories.RatingRepository; If you want this repository to be a JDBC repository, consider annotating your entities with one of these annotations: org.springframework.data.relational.core.mapping.Table.
2025-11-10 11:20:36 [restartedMain] INFO  o.s.d.r.c.RepositoryConfigurationDelegate [] - Finished Spring Data repository scanning in 69 ms. Found 0 JDBC repository interfaces.
2025-11-10 11:20:36 [restartedMain] INFO  o.s.d.r.c.RepositoryConfigurationDelegate [] - Multiple Spring Data modules found, entering strict repository configuration mode
2025-11-10 11:20:36 [restartedMain] INFO  o.s.d.r.c.RepositoryConfigurationDelegate [] - Bootstrapping Spring Data JPA repositories in DEFAULT mode.
2025-11-10 11:20:37 [restartedMain] INFO  o.s.d.r.c.RepositoryConfigurationDelegate [] - Finished Spring Data repository scanning in 44 ms. Found 2 JPA repository interfaces.
2025-11-10 11:20:37 [restartedMain] WARN  o.s.c.s.PostProcessorRegistrationDelegate$BeanPostProcessorChecker [] - Bean 'net.bull.javamelody.JavaMelodyAutoConfiguration' of type [net.bull.javamelody.JavaMelodyAutoConfiguration$$SpringCGLIB$$0] is not eligible for getting processed by all BeanPostProcessors (for example: not eligible for auto-proxying). The currently created BeanPostProcessor [monitoringDataSourceBeanPostProcessor] is declared through a non-static factory method on that class; consider declaring it as static instead.
2025-11-10 11:20:37 [restartedMain] WARN  o.s.c.s.PostProcessorRegistrationDelegate$BeanPostProcessorChecker [] - Bean 'monitoringSpringAdvisor' of type [net.bull.javamelody.MonitoringSpringAdvisor] is not eligible for getting processed by all BeanPostProcessors (for example: not eligible for auto-proxying). Is this bean getting eagerly injected/applied to a currently created BeanPostProcessor [projectingArgumentResolverBeanPostProcessor]? Check the corresponding BeanPostProcessor declaration and its dependencies/advisors. If this bean does not have to be post-processed, declare it with ROLE_INFRASTRUCTURE.
2025-11-10 11:20:37 [restartedMain] WARN  o.s.c.s.PostProcessorRegistrationDelegate$BeanPostProcessorChecker [] - Bean 'monitoringSpringServiceAdvisor' of type [net.bull.javamelody.MonitoringSpringAdvisor] is not eligible for getting processed by all BeanPostProcessors (for example: not eligible for auto-proxying). Is this bean getting eagerly injected/applied to a currently created BeanPostProcessor [projectingArgumentResolverBeanPostProcessor]? Check the corresponding BeanPostProcessor declaration and its dependencies/advisors. If this bean does not have to be post-processed, declare it with ROLE_INFRASTRUCTURE.
2025-11-10 11:20:37 [restartedMain] WARN  o.s.c.s.PostProcessorRegistrationDelegate$BeanPostProcessorChecker [] - Bean 'monitoringSpringControllerAdvisor' of type [net.bull.javamelody.MonitoringSpringAdvisor] is not eligible for getting processed by all BeanPostProcessors (for example: not eligible for auto-proxying). Is this bean getting eagerly injected/applied to a currently created BeanPostProcessor [projectingArgumentResolverBeanPostProcessor]? Check the corresponding BeanPostProcessor declaration and its dependencies/advisors. If this bean does not have to be post-processed, declare it with ROLE_INFRASTRUCTURE.
2025-11-10 11:20:37 [restartedMain] WARN  o.s.c.s.PostProcessorRegistrationDelegate$BeanPostProcessorChecker [] - Bean 'monitoringSpringRestControllerAdvisor' of type [net.bull.javamelody.MonitoringSpringAdvisor] is not eligible for getting processed by all BeanPostProcessors (for example: not eligible for auto-proxying). Is this bean getting eagerly injected/applied to a currently created BeanPostProcessor [projectingArgumentResolverBeanPostProcessor]? Check the corresponding BeanPostProcessor declaration and its dependencies/advisors. If this bean does not have to be post-processed, declare it with ROLE_INFRASTRUCTURE.
2025-11-10 11:20:37 [restartedMain] WARN  o.s.c.s.PostProcessorRegistrationDelegate$BeanPostProcessorChecker [] - Bean 'monitoringSpringAsyncAdvisor' of type [net.bull.javamelody.MonitoringSpringAdvisor] is not eligible for getting processed by all BeanPostProcessors (for example: not eligible for auto-proxying). Is this bean getting eagerly injected/applied to a currently created BeanPostProcessor [projectingArgumentResolverBeanPostProcessor]? Check the corresponding BeanPostProcessor declaration and its dependencies/advisors. If this bean does not have to be post-processed, declare it with ROLE_INFRASTRUCTURE.
2025-11-10 11:20:37 [restartedMain] WARN  o.s.c.s.PostProcessorRegistrationDelegate$BeanPostProcessorChecker [] - Bean 'monitoringSpringScheduledAdvisor' of type [net.bull.javamelody.MonitoringSpringAdvisor] is not eligible for getting processed by all BeanPostProcessors (for example: not eligible for auto-proxying). Is this bean getting eagerly injected/applied to a currently created BeanPostProcessor [projectingArgumentResolverBeanPostProcessor]? Check the corresponding BeanPostProcessor declaration and its dependencies/advisors. If this bean does not have to be post-processed, declare it with ROLE_INFRASTRUCTURE.
2025-11-10 11:20:38 [restartedMain] INFO  o.s.b.w.e.tomcat.TomcatWebServer [] - Tomcat initialized with port 9002 (http)
2025-11-10 11:20:38 [restartedMain] INFO  o.a.coyote.http11.Http11NioProtocol [] - Initializing ProtocolHandler ["http-nio-9002"]
2025-11-10 11:20:38 [restartedMain] INFO  o.a.catalina.core.StandardService [] - Starting service [Tomcat]
2025-11-10 11:20:38 [restartedMain] INFO  o.a.catalina.core.StandardEngine [] - Starting Servlet engine: [Apache Tomcat/10.1.44]
2025-11-10 11:20:38 [restartedMain] INFO  o.a.c.c.C.[Tomcat].[localhost].[/] [] - Initializing Spring embedded WebApplicationContext
2025-11-10 11:20:38 [restartedMain] INFO  o.s.b.w.s.c.ServletWebServerApplicationContext [] - Root WebApplicationContext: initialization completed in 2863 ms
2025-11-10 11:20:39 [restartedMain] DEBUG c.b.B.security.JwtRequestFilter [] - Filter 'jwtRequestFilter' configured for use
2025-11-10 11:20:39 [restartedMain] DEBUG c.b.B.security.ApiFilter [] - Filter 'apiFilter' configured for use
2025-11-10 11:20:39 [restartedMain] INFO  o.h.jpa.internal.util.LogHelper [] - HHH000204: Processing PersistenceUnitInfo [name: default]
2025-11-10 11:20:39 [restartedMain] INFO  org.hibernate.Version [] - HHH000412: Hibernate ORM core version 6.6.26.Final
2025-11-10 11:20:39 [restartedMain] INFO  o.h.c.i.RegionFactoryInitiator [] - HHH000026: Second-level cache disabled
2025-11-10 11:20:40 [restartedMain] INFO  o.s.o.j.p.SpringPersistenceUnitInfo [] - No LoadTimeWeaver setup: ignoring JPA class transformer
2025-11-10 11:20:40 [restartedMain] INFO  com.zaxxer.hikari.HikariDataSource [] - HikariPool-1 - Starting...
2025-11-10 11:20:40 [restartedMain] INFO  com.zaxxer.hikari.pool.HikariPool [] - HikariPool-1 - Added connection com.mysql.cj.jdbc.ConnectionImpl@17c65a91
2025-11-10 11:20:40 [restartedMain] INFO  com.zaxxer.hikari.HikariDataSource [] - HikariPool-1 - Start completed.
2025-11-10 11:20:40 [restartedMain] WARN  org.hibernate.orm.deprecation [] - HHH90000025: MySQL8Dialect does not need to be specified explicitly using 'hibernate.dialect' (remove the property setting and it will be selected by default)
2025-11-10 11:20:40 [restartedMain] WARN  org.hibernate.orm.deprecation [] - HHH90000026: MySQL8Dialect has been deprecated; use org.hibernate.dialect.MySQLDialect instead
2025-11-10 11:20:40 [restartedMain] INFO  o.hibernate.orm.connections.pooling [] - HHH10001005: Database info:
	Database JDBC URL [Connecting through datasource 'HikariDataSource (HikariPool-1)']
	Database driver: undefined/unknown
	Database version: 8.0
	Autocommit mode: undefined/unknown
	Isolation level: undefined/unknown
	Minimum pool size: undefined/unknown
	Maximum pool size: undefined/unknown
2025-11-10 11:20:40 [restartedMain] DEBUG o.h.t.d.sql.spi.DdlTypeRegistry [] - addDescriptor(12, org.hibernate.type.descriptor.sql.internal.CapacityDependentDdlType@50ddb4df) replaced previous registration(org.hibernate.type.descriptor.sql.internal.CapacityDependentDdlType@323586cd)
2025-11-10 11:20:40 [restartedMain] DEBUG o.h.t.d.sql.spi.DdlTypeRegistry [] - addDescriptor(-9, org.hibernate.type.descriptor.sql.internal.CapacityDependentDdlType@637be1ef) replaced previous registration(org.hibernate.type.descriptor.sql.internal.CapacityDependentDdlType@7adb19dd)
2025-11-10 11:20:40 [restartedMain] DEBUG o.h.t.d.sql.spi.DdlTypeRegistry [] - addDescriptor(-3, org.hibernate.type.descriptor.sql.internal.CapacityDependentDdlType@471d2115) replaced previous registration(org.hibernate.type.descriptor.sql.internal.CapacityDependentDdlType@5900d4d5)
2025-11-10 11:20:40 [restartedMain] DEBUG o.h.t.d.sql.spi.DdlTypeRegistry [] - addDescriptor(4003, org.hibernate.type.descriptor.sql.internal.DdlTypeImpl@65c82283) replaced previous registration(org.hibernate.type.descriptor.sql.internal.DdlTypeImpl@477fca16)
2025-11-10 11:20:40 [restartedMain] DEBUG o.h.t.d.sql.spi.DdlTypeRegistry [] - addDescriptor(4001, org.hibernate.type.descriptor.sql.internal.DdlTypeImpl@69444e65) replaced previous registration(org.hibernate.type.descriptor.sql.internal.DdlTypeImpl@363d89e4)
2025-11-10 11:20:40 [restartedMain] DEBUG o.h.t.d.sql.spi.DdlTypeRegistry [] - addDescriptor(4002, org.hibernate.type.descriptor.sql.internal.DdlTypeImpl@12c5699a) replaced previous registration(org.hibernate.type.descriptor.sql.internal.DdlTypeImpl@2bd33eae)
2025-11-10 11:20:40 [restartedMain] DEBUG o.h.t.d.sql.spi.DdlTypeRegistry [] - addDescriptor(2004, org.hibernate.type.descriptor.sql.internal.CapacityDependentDdlType@602f6ad7) replaced previous registration(org.hibernate.type.descriptor.sql.internal.DdlTypeImpl@3a87ad9f)
2025-11-10 11:20:40 [restartedMain] DEBUG o.h.t.d.sql.spi.DdlTypeRegistry [] - addDescriptor(2005, org.hibernate.type.descriptor.sql.internal.CapacityDependentDdlType@3379aec) replaced previous registration(org.hibernate.type.descriptor.sql.internal.DdlTypeImpl@31a3f26a)
2025-11-10 11:20:40 [restartedMain] DEBUG o.h.t.d.sql.spi.DdlTypeRegistry [] - addDescriptor(2011, org.hibernate.type.descriptor.sql.internal.CapacityDependentDdlType@2a414f5b) replaced previous registration(org.hibernate.type.descriptor.sql.internal.DdlTypeImpl@2dadf4d9)
2025-11-10 11:20:42 [restartedMain] INFO  o.h.e.t.j.p.i.JtaPlatformInitiator [] - HHH000489: No JTA platform available (set 'hibernate.transaction.jta.platform' to enable JTA platform integration)
2025-11-10 11:20:42 [restartedMain] INFO  o.s.o.j.LocalContainerEntityManagerFactoryBean [] - Initialized JPA EntityManagerFactory for persistence unit 'default'
2025-11-10 11:20:42 [restartedMain] INFO  o.s.d.j.r.query.QueryEnhancerFactory [] - Hibernate is in classpath; If applicable, HQL parser will be used.
2025-11-10 11:20:44 [restartedMain] WARN  o.s.b.a.o.j.JpaBaseConfiguration$JpaWebConfiguration [] - spring.jpa.open-in-view is enabled by default. Therefore, database queries may be performed during view rendering. Explicitly configure spring.jpa.open-in-view to disable this warning
2025-11-10 11:20:44 [restartedMain] INFO  o.s.v.b.OptionalValidatorFactoryBean [] - Failed to set up a Bean Validation provider: jakarta.validation.NoProviderFoundException: Unable to create a Configuration, because no Jakarta Bean Validation provider could be found. Add a provider like Hibernate Validator (RI) to your classpath.
2025-11-10 11:20:44 [restartedMain] INFO  o.s.b.d.a.OptionalLiveReloadServer [] - LiveReload server is running on port 35729
2025-11-10 11:20:44 [restartedMain] INFO  o.a.coyote.http11.Http11NioProtocol [] - Starting ProtocolHandler ["http-nio-9002"]
2025-11-10 11:20:44 [restartedMain] INFO  o.s.b.w.e.tomcat.TomcatWebServer [] - Tomcat started on port 9002 (http) with context path '/'
2025-11-10 11:20:45 [restartedMain] INFO  c.b.B.BookMicroserviceApplication [] - Started BookMicroserviceApplication in 10.512 seconds (process running for 11.385)
2025-11-10 11:20:56 [SpringApplicationShutdownHook] INFO  o.s.b.w.e.tomcat.GracefulShutdown [] - Commencing graceful shutdown. Waiting for active requests to complete
2025-11-10 11:20:56 [tomcat-shutdown] INFO  o.s.b.w.e.tomcat.GracefulShutdown [] - Graceful shutdown complete
2025-11-10 11:20:56 [SpringApplicationShutdownHook] INFO  o.s.o.j.LocalContainerEntityManagerFactoryBean [] - Closing JPA EntityManagerFactory for persistence unit 'default'
2025-11-10 11:20:56 [SpringApplicationShutdownHook] INFO  com.zaxxer.hikari.HikariDataSource [] - HikariPool-1 - Shutdown initiated...
2025-11-10 11:20:56 [SpringApplicationShutdownHook] INFO  com.zaxxer.hikari.HikariDataSource [] - HikariPool-1 - Shutdown completed.
2025-11-10 13:36:22 [restartedMain] INFO  c.b.B.BookMicroserviceApplication [] - Starting BookMicroserviceApplication using Java 17.0.1 with PID 2164 (D:\Documents\micro_backend\BookMicroservice\target\classes started by rober in D:\Documents\micro_backend\BookMicroservice)
2025-11-10 13:36:22 [restartedMain] DEBUG c.b.B.BookMicroserviceApplication [] - Running with Spring Boot v3.5.5, Spring v6.2.10
2025-11-10 13:36:22 [restartedMain] INFO  c.b.B.BookMicroserviceApplication [] - The following 1 profile is active: "local"
2025-11-10 13:36:22 [restartedMain] INFO  o.s.b.d.e.DevToolsPropertyDefaultsPostProcessor [] - Devtools property defaults active! Set 'spring.devtools.add-properties' to 'false' to disable
2025-11-10 13:36:22 [restartedMain] INFO  o.s.b.d.e.DevToolsPropertyDefaultsPostProcessor [] - For additional web related logging consider setting the 'logging.level.web' property to 'DEBUG'
2025-11-10 13:36:23 [restartedMain] INFO  o.s.d.r.c.RepositoryConfigurationDelegate [] - Multiple Spring Data modules found, entering strict repository configuration mode
2025-11-10 13:36:23 [restartedMain] INFO  o.s.d.r.c.RepositoryConfigurationDelegate [] - Bootstrapping Spring Data JDBC repositories in DEFAULT mode.
2025-11-10 13:36:24 [restartedMain] INFO  o.s.d.r.c.RepositoryConfigurationExtensionSupport [] - Spring Data JDBC - Could not safely identify store assignment for repository candidate interface com.book.BookMicroservice.repositories.BookRepository; If you want this repository to be a JDBC repository, consider annotating your entities with one of these annotations: org.springframework.data.relational.core.mapping.Table.
2025-11-10 13:36:24 [restartedMain] INFO  o.s.d.r.c.RepositoryConfigurationExtensionSupport [] - Spring Data JDBC - Could not safely identify store assignment for repository candidate interface com.book.BookMicroservice.repositories.RatingRepository; If you want this repository to be a JDBC repository, consider annotating your entities with one of these annotations: org.springframework.data.relational.core.mapping.Table.
2025-11-10 13:36:24 [restartedMain] INFO  o.s.d.r.c.RepositoryConfigurationDelegate [] - Finished Spring Data repository scanning in 68 ms. Found 0 JDBC repository interfaces.
2025-11-10 13:36:24 [restartedMain] INFO  o.s.d.r.c.RepositoryConfigurationDelegate [] - Multiple Spring Data modules found, entering strict repository configuration mode
2025-11-10 13:36:24 [restartedMain] INFO  o.s.d.r.c.RepositoryConfigurationDelegate [] - Bootstrapping Spring Data JPA repositories in DEFAULT mode.
2025-11-10 13:36:24 [restartedMain] INFO  o.s.d.r.c.RepositoryConfigurationDelegate [] - Finished Spring Data repository scanning in 48 ms. Found 2 JPA repository interfaces.
2025-11-10 13:36:24 [restartedMain] WARN  o.s.c.s.PostProcessorRegistrationDelegate$BeanPostProcessorChecker [] - Bean 'net.bull.javamelody.JavaMelodyAutoConfiguration' of type [net.bull.javamelody.JavaMelodyAutoConfiguration$$SpringCGLIB$$0] is not eligible for getting processed by all BeanPostProcessors (for example: not eligible for auto-proxying). The currently created BeanPostProcessor [monitoringDataSourceBeanPostProcessor] is declared through a non-static factory method on that class; consider declaring it as static instead.
2025-11-10 13:36:24 [restartedMain] WARN  o.s.c.s.PostProcessorRegistrationDelegate$BeanPostProcessorChecker [] - Bean 'monitoringSpringAdvisor' of type [net.bull.javamelody.MonitoringSpringAdvisor] is not eligible for getting processed by all BeanPostProcessors (for example: not eligible for auto-proxying). Is this bean getting eagerly injected/applied to a currently created BeanPostProcessor [projectingArgumentResolverBeanPostProcessor]? Check the corresponding BeanPostProcessor declaration and its dependencies/advisors. If this bean does not have to be post-processed, declare it with ROLE_INFRASTRUCTURE.
2025-11-10 13:36:24 [restartedMain] WARN  o.s.c.s.PostProcessorRegistrationDelegate$BeanPostProcessorChecker [] - Bean 'monitoringSpringServiceAdvisor' of type [net.bull.javamelody.MonitoringSpringAdvisor] is not eligible for getting processed by all BeanPostProcessors (for example: not eligible for auto-proxying). Is this bean getting eagerly injected/applied to a currently created BeanPostProcessor [projectingArgumentResolverBeanPostProcessor]? Check the corresponding BeanPostProcessor declaration and its dependencies/advisors. If this bean does not have to be post-processed, declare it with ROLE_INFRASTRUCTURE.
2025-11-10 13:36:24 [restartedMain] WARN  o.s.c.s.PostProcessorRegistrationDelegate$BeanPostProcessorChecker [] - Bean 'monitoringSpringControllerAdvisor' of type [net.bull.javamelody.MonitoringSpringAdvisor] is not eligible for getting processed by all BeanPostProcessors (for example: not eligible for auto-proxying). Is this bean getting eagerly injected/applied to a currently created BeanPostProcessor [projectingArgumentResolverBeanPostProcessor]? Check the corresponding BeanPostProcessor declaration and its dependencies/advisors. If this bean does not have to be post-processed, declare it with ROLE_INFRASTRUCTURE.
2025-11-10 13:36:24 [restartedMain] WARN  o.s.c.s.PostProcessorRegistrationDelegate$BeanPostProcessorChecker [] - Bean 'monitoringSpringRestControllerAdvisor' of type [net.bull.javamelody.MonitoringSpringAdvisor] is not eligible for getting processed by all BeanPostProcessors (for example: not eligible for auto-proxying). Is this bean getting eagerly injected/applied to a currently created BeanPostProcessor [projectingArgumentResolverBeanPostProcessor]? Check the corresponding BeanPostProcessor declaration and its dependencies/advisors. If this bean does not have to be post-processed, declare it with ROLE_INFRASTRUCTURE.
2025-11-10 13:36:24 [restartedMain] WARN  o.s.c.s.PostProcessorRegistrationDelegate$BeanPostProcessorChecker [] - Bean 'monitoringSpringAsyncAdvisor' of type [net.bull.javamelody.MonitoringSpringAdvisor] is not eligible for getting processed by all BeanPostProcessors (for example: not eligible for auto-proxying). Is this bean getting eagerly injected/applied to a currently created BeanPostProcessor [projectingArgumentResolverBeanPostProcessor]? Check the corresponding BeanPostProcessor declaration and its dependencies/advisors. If this bean does not have to be post-processed, declare it with ROLE_INFRASTRUCTURE.
2025-11-10 13:36:24 [restartedMain] WARN  o.s.c.s.PostProcessorRegistrationDelegate$BeanPostProcessorChecker [] - Bean 'monitoringSpringScheduledAdvisor' of type [net.bull.javamelody.MonitoringSpringAdvisor] is not eligible for getting processed by all BeanPostProcessors (for example: not eligible for auto-proxying). Is this bean getting eagerly injected/applied to a currently created BeanPostProcessor [projectingArgumentResolverBeanPostProcessor]? Check the corresponding BeanPostProcessor declaration and its dependencies/advisors. If this bean does not have to be post-processed, declare it with ROLE_INFRASTRUCTURE.
2025-11-10 13:36:25 [restartedMain] INFO  o.s.b.w.e.tomcat.TomcatWebServer [] - Tomcat initialized with port 9002 (http)
2025-11-10 13:36:25 [restartedMain] INFO  o.a.coyote.http11.Http11NioProtocol [] - Initializing ProtocolHandler ["http-nio-9002"]
2025-11-10 13:36:25 [restartedMain] INFO  o.a.catalina.core.StandardService [] - Starting service [Tomcat]
2025-11-10 13:36:25 [restartedMain] INFO  o.a.catalina.core.StandardEngine [] - Starting Servlet engine: [Apache Tomcat/10.1.44]
2025-11-10 13:36:25 [restartedMain] INFO  o.a.c.c.C.[Tomcat].[localhost].[/] [] - Initializing Spring embedded WebApplicationContext
2025-11-10 13:36:25 [restartedMain] INFO  o.s.b.w.s.c.ServletWebServerApplicationContext [] - Root WebApplicationContext: initialization completed in 2907 ms
2025-11-10 13:36:25 [restartedMain] DEBUG c.b.B.security.JwtRequestFilter [] - Filter 'jwtRequestFilter' configured for use
2025-11-10 13:36:25 [restartedMain] DEBUG c.b.B.security.ApiFilter [] - Filter 'apiFilter' configured for use
2025-11-10 13:36:25 [restartedMain] INFO  o.h.jpa.internal.util.LogHelper [] - HHH000204: Processing PersistenceUnitInfo [name: default]
2025-11-10 13:36:25 [restartedMain] INFO  org.hibernate.Version [] - HHH000412: Hibernate ORM core version 6.6.26.Final
2025-11-10 13:36:26 [restartedMain] INFO  o.h.c.i.RegionFactoryInitiator [] - HHH000026: Second-level cache disabled
2025-11-10 13:36:26 [restartedMain] INFO  o.s.o.j.p.SpringPersistenceUnitInfo [] - No LoadTimeWeaver setup: ignoring JPA class transformer
2025-11-10 13:36:26 [restartedMain] INFO  com.zaxxer.hikari.HikariDataSource [] - HikariPool-1 - Starting...
2025-11-10 13:36:27 [restartedMain] WARN  o.h.e.jdbc.spi.SqlExceptionHelper [] - SQL Error: 0, SQLState: 08S01
2025-11-10 13:36:27 [restartedMain] ERROR o.h.e.jdbc.spi.SqlExceptionHelper [] - Communications link failure

The last packet sent successfully to the server was 0 milliseconds ago. The driver has not received any packets from the server.
2025-11-10 13:36:27 [restartedMain] WARN  o.h.e.j.e.i.JdbcEnvironmentInitiator [] - HHH000342: Could not obtain connection to query metadata
org.hibernate.exception.JDBCConnectionException: unable to obtain isolated JDBC connection [Communications link failure

The last packet sent successfully to the server was 0 milliseconds ago. The driver has not received any packets from the server.] [n/a]
	at org.hibernate.exception.internal.SQLStateConversionDelegate.convert(SQLStateConversionDelegate.java:100)
	at org.hibernate.exception.internal.StandardSQLExceptionConverter.convert(StandardSQLExceptionConverter.java:58)
	at org.hibernate.engine.jdbc.spi.SqlExceptionHelper.convert(SqlExceptionHelper.java:108)
	at org.hibernate.engine.jdbc.spi.SqlExceptionHelper.convert(SqlExceptionHelper.java:94)
	at org.hibernate.resource.transaction.backend.jdbc.internal.JdbcIsolationDelegate.delegateWork(JdbcIsolationDelegate.java:116)
	at org.hibernate.engine.jdbc.env.internal.JdbcEnvironmentInitiator.getJdbcEnvironmentUsingJdbcMetadata(JdbcEnvironmentInitiator.java:334)
	at org.hibernate.engine.jdbc.env.internal.JdbcEnvironmentInitiator.initiateService(JdbcEnvironmentInitiator.java:129)
	at org.hibernate.engine.jdbc.env.internal.JdbcEnvironmentInitiator.initiateService(JdbcEnvironmentInitiator.java:81)
	at org.hibernate.boot.registry.internal.StandardServiceRegistryImpl.initiateService(StandardServiceRegistryImpl.java:130)
	at org.hibernate.service.internal.AbstractServiceRegistryImpl.createService(AbstractServiceRegistryImpl.java:263)
	at org.hibernate.service.internal.AbstractServiceRegistryImpl.initializeService(AbstractServiceRegistryImpl.java:238)
	at org.hibernate.service.internal.AbstractServiceRegistryImpl.getService(AbstractServiceRegistryImpl.java:215)
	at org.hibernate.boot.model.relational.Database.<init>(Database.java:45)
	at org.hibernate.boot.internal.InFlightMetadataCollectorImpl.getDatabase(InFlightMetadataCollectorImpl.java:226)
	at org.hibernate.boot.internal.InFlightMetadataCollectorImpl.<init>(InFlightMetadataCollectorImpl.java:194)
	at org.hibernate.boot.model.process.spi.MetadataBuildingProcess.complete(MetadataBuildingProcess.java:171)
	at org.hibernate.jpa.boot.internal.EntityManagerFactoryBuilderImpl.metadata(EntityManagerFactoryBuilderImpl.java:1442)
	at org.hibernate.jpa.boot.internal.EntityManagerFactoryBuilderImpl.build(EntityManagerFactoryBuilderImpl.java:1513)
	at org.springframework.orm.jpa.vendor.SpringHibernateJpaPersistenceProvider.createContainerEntityManagerFactory(SpringHibernateJpaPersistenceProvider.java:66)
	at org.springframework.orm.jpa.LocalContainerEntityManagerFactoryBean.createNativeEntityManagerFactory(LocalContainerEntityManagerFactoryBean.java:390)
	at org.springframework.orm.jpa.AbstractEntityManagerFactoryBean.buildNativeEntityManagerFactory(AbstractEntityManagerFactoryBean.java:419)
	at org.springframework.orm.jpa.AbstractEntityManagerFactoryBean.afterPropertiesSet(AbstractEntityManagerFactoryBean.java:400)
	at org.springframework.orm.jpa.LocalContainerEntityManagerFactoryBean.afterPropertiesSet(LocalContainerEntityManagerFactoryBean.java:366)
	at org.springframework.beans.factory.support.AbstractAutowireCapableBeanFactory.invokeInitMethods(AbstractAutowireCapableBeanFactory.java:1873)
	at org.springframework.beans.factory.support.AbstractAutowireCapableBeanFactory.initializeBean(AbstractAutowireCapableBeanFactory.java:1822)
	at org.springframework.beans.factory.support.AbstractAutowireCapableBeanFactory.doCreateBean(AbstractAutowireCapableBeanFactory.java:607)
	at org.springframework.beans.factory.support.AbstractAutowireCapableBeanFactory.createBean(AbstractAutowireCapableBeanFactory.java:529)
	at org.springframework.beans.factory.support.AbstractBeanFactory.lambda$doGetBean$0(AbstractBeanFactory.java:339)
	at org.springframework.beans.factory.support.DefaultSingletonBeanRegistry.getSingleton(DefaultSingletonBeanRegistry.java:373)
	at org.springframework.beans.factory.support.AbstractBeanFactory.doGetBean(AbstractBeanFactory.java:337)
	at org.springframework.beans.factory.support.AbstractBeanFactory.getBean(AbstractBeanFactory.java:207)
	at org.springframework.context.support.AbstractApplicationContext.finishBeanFactoryInitialization(AbstractApplicationContext.java:970)
	at org.springframework.context.support.AbstractApplicationContext.refresh(AbstractApplicationContext.java:627)
	at org.springframework.boot.web.servlet.context.ServletWebServerApplicationContext.refresh(ServletWebServerApplicationContext.java:146)
	at org.springframework.boot.SpringApplication.refresh(SpringApplication.java:752)
	at org.springframework.boot.SpringApplication.refreshContext(SpringApplication.java:439)
	at org.springframework.boot.SpringApplication.run(SpringApplication.java:318)
	at org.springframework.boot.SpringApplication.run(SpringApplication.java:1361)
	at org.springframework.boot.SpringApplication.run(SpringApplication.java:1350)
	at com.book.BookMicroservice.BookMicroserviceApplication.main(BookMicroserviceApplication.java:10)
	at java.base/jdk.internal.reflect.NativeMethodAccessorImpl.invoke0(Native Method)
	at java.base/jdk.internal.reflect.NativeMethodAccessorImpl.invoke(NativeMethodAccessorImpl.java:77)
	at java.base/jdk.internal.reflect.DelegatingMethodAccessorImpl.invoke(DelegatingMethodAccessorImpl.java:43)
	at java.base/java.lang.reflect.Method.invoke(Method.java:568)
	at org.springframework.boot.devtools.restart.RestartLauncher.run(RestartLauncher.java:50)
Caused by: com.mysql.cj.jdbc.exceptions.CommunicationsException: Communications link failure

The last packet sent successfully to the server was 0 milliseconds ago. The driver has not received any packets from the server.
	at com.mysql.cj.jdbc.exceptions.SQLError.createCommunicationsException(SQLError.java:165)
	at com.mysql.cj.jdbc.exceptions.SQLExceptionsMapping.translateException(SQLExceptionsMapping.java:55)
	at com.mysql.cj.jdbc.ConnectionImpl.createNewIO(ConnectionImpl.java:839)
	at com.mysql.cj.jdbc.ConnectionImpl.<init>(ConnectionImpl.java:415)
	at com.mysql.cj.jdbc.ConnectionImpl.getInstance(ConnectionImpl.java:237)
	at com.mysql.cj.jdbc.NonRegisteringDriver.connect(NonRegisteringDriver.java:180)
	at com.zaxxer.hikari.util.DriverDataSource.getConnection(DriverDataSource.java:144)
	at com.zaxxer.hikari.pool.PoolBase.newConnection(PoolBase.java:370)
	at com.zaxxer.hikari.pool.PoolBase.newPoolEntry(PoolBase.java:207)
	at com.zaxxer.hikari.pool.HikariPool.createPoolEntry(HikariPool.java:488)
	at com.zaxxer.hikari.pool.HikariPool.checkFailFast(HikariPool.java:576)
	at com.zaxxer.hikari.pool.HikariPool.<init>(HikariPool.java:97)
	at com.zaxxer.hikari.HikariDataSource.getConnection(HikariDataSource.java:111)
	at java.base/jdk.internal.reflect.NativeMethodAccessorImpl.invoke0(Native Method)
	at java.base/jdk.internal.reflect.NativeMethodAccessorImpl.invoke(NativeMethodAccessorImpl.java:77)
	at java.base/jdk.internal.reflect.DelegatingMethodAccessorImpl.invoke(DelegatingMethodAccessorImpl.java:43)
	at java.base/java.lang.reflect.Method.invoke(Method.java:568)
	at net.bull.javamelody.JdbcWrapper$3.invoke(JdbcWrapper.java:810)
	at net.bull.javamelody.JdbcWrapper$DelegatingInvocationHandler.invoke(JdbcWrapper.java:306)
	at jdk.proxy2/jdk.proxy2.$Proxy91.getConnection(Unknown Source)
	at org.hibernate.engine.jdbc.connections.internal.DatasourceConnectionProviderImpl.getConnection(DatasourceConnectionProviderImpl.java:126)
	at org.hibernate.engine.jdbc.env.internal.JdbcEnvironmentInitiator$ConnectionProviderJdbcConnectionAccess.obtainConnection(JdbcEnvironmentInitiator.java:485)
	at org.hibernate.resource.transaction.backend.jdbc.internal.JdbcIsolationDelegate.delegateWork(JdbcIsolationDelegate.java:61)
	... 40 common frames omitted
Caused by: com.mysql.cj.exceptions.CJCommunicationsException: Communications link failure

The last packet sent successfully to the server was 0 milliseconds ago. The driver has not received any packets from the server.
	at java.base/jdk.internal.reflect.NativeConstructorAccessorImpl.newInstance0(Native Method)
	at java.base/jdk.internal.reflect.NativeConstructorAccessorImpl.newInstance(NativeConstructorAccessorImpl.java:77)
	at java.base/jdk.internal.reflect.DelegatingConstructorAccessorImpl.newInstance(DelegatingConstructorAccessorImpl.java:45)
	at java.base/java.lang.reflect.Constructor.newInstanceWithCaller(Constructor.java:499)
	at java.base/java.lang.reflect.Constructor.newInstance(Constructor.java:480)
	at com.mysql.cj.exceptions.ExceptionFactory.createException(ExceptionFactory.java:52)
	at com.mysql.cj.exceptions.ExceptionFactory.createException(ExceptionFactory.java:95)
	at com.mysql.cj.exceptions.ExceptionFactory.createException(ExceptionFactory.java:140)
	at com.mysql.cj.exceptions.ExceptionFactory.createCommunicationsException(ExceptionFactory.java:156)
	at com.mysql.cj.protocol.a.NativeSocketConnection.connect(NativeSocketConnection.java:79)
	at com.mysql.cj.NativeSession.connect(NativeSession.java:142)
	at com.mysql.cj.jdbc.ConnectionImpl.connectOneTryOnly(ConnectionImpl.java:963)
	at com.mysql.cj.jdbc.ConnectionImpl.createNewIO(ConnectionImpl.java:827)
	... 60 common frames omitted
Caused by: java.net.ConnectException: Connection refused: no further information
	at java.base/sun.nio.ch.Net.pollConnect(Native Method)
	at java.base/sun.nio.ch.Net.pollConnectNow(Net.java:672)
	at java.base/sun.nio.ch.NioSocketImpl.timedFinishConnect(NioSocketImpl.java:542)
	at java.base/sun.nio.ch.NioSocketImpl.connect(NioSocketImpl.java:597)
	at java.base/java.net.SocksSocketImpl.connect(SocksSocketImpl.java:327)
	at java.base/java.net.Socket.connect(Socket.java:633)
	at com.mysql.cj.protocol.StandardSocketFactory.connect(StandardSocketFactory.java:144)
	at com.mysql.cj.protocol.a.NativeSocketConnection.connect(NativeSocketConnection.java:53)
	... 63 common frames omitted
2025-11-10 13:36:27 [restartedMain] WARN  org.hibernate.orm.deprecation [] - HHH90000025: MySQL8Dialect does not need to be specified explicitly using 'hibernate.dialect' (remove the property setting and it will be selected by default)
2025-11-10 13:36:27 [restartedMain] WARN  org.hibernate.orm.deprecation [] - HHH90000026: MySQL8Dialect has been deprecated; use org.hibernate.dialect.MySQLDialect instead
2025-11-10 13:36:27 [restartedMain] INFO  o.hibernate.orm.connections.pooling [] - HHH10001005: Database info:
	Database JDBC URL [Connecting through datasource 'HikariDataSource (null)']
	Database driver: undefined/unknown
	Database version: 8.0
	Autocommit mode: undefined/unknown
	Isolation level: undefined/unknown
	Minimum pool size: undefined/unknown
	Maximum pool size: undefined/unknown
2025-11-10 13:36:27 [restartedMain] DEBUG o.h.t.d.sql.spi.DdlTypeRegistry [] - addDescriptor(12, org.hibernate.type.descriptor.sql.internal.CapacityDependentDdlType@1ac2a87b) replaced previous registration(org.hibernate.type.descriptor.sql.internal.CapacityDependentDdlType@72234053)
2025-11-10 13:36:27 [restartedMain] DEBUG o.h.t.d.sql.spi.DdlTypeRegistry [] - addDescriptor(-9, org.hibernate.type.descriptor.sql.internal.CapacityDependentDdlType@6556032) replaced previous registration(org.hibernate.type.descriptor.sql.internal.CapacityDependentDdlType@10897dc)
2025-11-10 13:36:27 [restartedMain] DEBUG o.h.t.d.sql.spi.DdlTypeRegistry [] - addDescriptor(-3, org.hibernate.type.descriptor.sql.internal.CapacityDependentDdlType@e8666f6) replaced previous registration(org.hibernate.type.descriptor.sql.internal.CapacityDependentDdlType@66cf9ead)
2025-11-10 13:36:27 [restartedMain] DEBUG o.h.t.d.sql.spi.DdlTypeRegistry [] - addDescriptor(4003, org.hibernate.type.descriptor.sql.internal.DdlTypeImpl@4b3636b6) replaced previous registration(org.hibernate.type.descriptor.sql.internal.DdlTypeImpl@ec5ee7b)
2025-11-10 13:36:27 [restartedMain] DEBUG o.h.t.d.sql.spi.DdlTypeRegistry [] - addDescriptor(4001, org.hibernate.type.descriptor.sql.internal.DdlTypeImpl@33499883) replaced previous registration(org.hibernate.type.descriptor.sql.internal.DdlTypeImpl@296942b1)
2025-11-10 13:36:27 [restartedMain] DEBUG o.h.t.d.sql.spi.DdlTypeRegistry [] - addDescriptor(4002, org.hibernate.type.descriptor.sql.internal.DdlTypeImpl@539052ac) replaced previous registration(org.hibernate.type.descriptor.sql.internal.DdlTypeImpl@7287c893)
2025-11-10 13:36:27 [restartedMain] DEBUG o.h.t.d.sql.spi.DdlTypeRegistry [] - addDescriptor(2004, org.hibernate.type.descriptor.sql.internal.CapacityDependentDdlType@df5cbc0) replaced previous registration(org.hibernate.type.descriptor.sql.internal.DdlTypeImpl@6e6a6c05)
2025-11-10 13:36:27 [restartedMain] DEBUG o.h.t.d.sql.spi.DdlTypeRegistry [] - addDescriptor(2005, org.hibernate.type.descriptor.sql.internal.CapacityDependentDdlType@5039ac0f) replaced previous registration(org.hibernate.type.descriptor.sql.internal.DdlTypeImpl@6d0ee849)
2025-11-10 13:36:27 [restartedMain] DEBUG o.h.t.d.sql.spi.DdlTypeRegistry [] - addDescriptor(2011, org.hibernate.type.descriptor.sql.internal.CapacityDependentDdlType@204f8f58) replaced previous registration(org.hibernate.type.descriptor.sql.internal.DdlTypeImpl@5d106b71)
2025-11-10 13:36:28 [restartedMain] INFO  o.h.e.t.j.p.i.JtaPlatformInitiator [] - HHH000489: No JTA platform available (set 'hibernate.transaction.jta.platform' to enable JTA platform integration)
2025-11-10 13:36:28 [restartedMain] INFO  com.zaxxer.hikari.HikariDataSource [] - HikariPool-1 - Starting...
2025-11-10 13:36:29 [restartedMain] WARN  o.h.e.jdbc.spi.SqlExceptionHelper [] - SQL Error: 0, SQLState: 08S01
2025-11-10 13:36:29 [restartedMain] ERROR o.h.e.jdbc.spi.SqlExceptionHelper [] - Communications link failure

The last packet sent successfully to the server was 0 milliseconds ago. The driver has not received any packets from the server.
2025-11-10 13:36:29 [restartedMain] ERROR o.s.o.j.LocalContainerEntityManagerFactoryBean [] - Failed to initialize JPA EntityManagerFactory: [PersistenceUnit: default] Unable to build Hibernate SessionFactory; nested exception is org.hibernate.exception.JDBCConnectionException: Unable to open JDBC Connection for DDL execution [Communications link failure

The last packet sent successfully to the server was 0 milliseconds ago. The driver has not received any packets from the server.] [n/a]
2025-11-10 13:36:29 [restartedMain] WARN  o.s.b.w.s.c.AnnotationConfigServletWebServerApplicationContext [] - Exception encountered during context initialization - cancelling refresh attempt: org.springframework.beans.factory.BeanCreationException: Error creating bean with name 'entityManagerFactory' defined in class path resource [org/springframework/boot/autoconfigure/orm/jpa/HibernateJpaConfiguration.class]: [PersistenceUnit: default] Unable to build Hibernate SessionFactory; nested exception is org.hibernate.exception.JDBCConnectionException: Unable to open JDBC Connection for DDL execution [Communications link failure

The last packet sent successfully to the server was 0 milliseconds ago. The driver has not received any packets from the server.] [n/a]
2025-11-10 13:36:29 [restartedMain] INFO  o.a.catalina.core.StandardService [] - Stopping service [Tomcat]
2025-11-10 13:36:29 [restartedMain] INFO  o.s.b.a.l.ConditionEvaluationReportLogger [] - 

Error starting ApplicationContext. To display the condition evaluation report re-run your application with 'debug' enabled.
2025-11-10 13:36:29 [restartedMain] ERROR o.s.boot.SpringApplication [] - Application run failed
org.springframework.beans.factory.BeanCreationException: Error creating bean with name 'entityManagerFactory' defined in class path resource [org/springframework/boot/autoconfigure/orm/jpa/HibernateJpaConfiguration.class]: [PersistenceUnit: default] Unable to build Hibernate SessionFactory; nested exception is org.hibernate.exception.JDBCConnectionException: Unable to open JDBC Connection for DDL execution [Communications link failure

The last packet sent successfully to the server was 0 milliseconds ago. The driver has not received any packets from the server.] [n/a]
	at org.springframework.beans.factory.support.AbstractAutowireCapableBeanFactory.initializeBean(AbstractAutowireCapableBeanFactory.java:1826)
	at org.springframework.beans.factory.support.AbstractAutowireCapableBeanFactory.doCreateBean(AbstractAutowireCapableBeanFactory.java:607)
	at org.springframework.beans.factory.support.AbstractAutowireCapableBeanFactory.createBean(AbstractAutowireCapableBeanFactory.java:529)
	at org.springframework.beans.factory.support.AbstractBeanFactory.lambda$doGetBean$0(AbstractBeanFactory.java:339)
	at org.springframework.beans.factory.support.DefaultSingletonBeanRegistry.getSingleton(DefaultSingletonBeanRegistry.java:373)
	at org.springframework.beans.factory.support.AbstractBeanFactory.doGetBean(AbstractBeanFactory.java:337)
	at org.springframework.beans.factory.support.AbstractBeanFactory.getBean(AbstractBeanFactory.java:207)
	at org.springframework.context.support.AbstractApplicationContext.finishBeanFactoryInitialization(AbstractApplicationContext.java:970)
	at org.springframework.context.support.AbstractApplicationContext.refresh(AbstractApplicationContext.java:627)
	at org.springframework.boot.web.servlet.context.ServletWebServerApplicationContext.refresh(ServletWebServerApplicationContext.java:146)
	at org.springframework.boot.SpringApplication.refresh(SpringApplication.java:752)
	at org.springframework.boot.SpringApplication.refreshContext(SpringApplication.java:439)
	at org.springframework.boot.SpringApplication.run(SpringApplication.java:318)
	at org.springframework.boot.SpringApplication.run(SpringApplication.java:1361)
	at org.springframework.boot.SpringApplication.run(SpringApplication.java:1350)
	at com.book.BookMicroservice.BookMicroserviceApplication.main(BookMicroserviceApplication.java:10)
	at java.base/jdk.internal.reflect.NativeMethodAccessorImpl.invoke0(Native Method)
	at java.base/jdk.internal.reflect.NativeMethodAccessorImpl.invoke(NativeMethodAccessorImpl.java:77)
	at java.base/jdk.internal.reflect.DelegatingMethodAccessorImpl.invoke(DelegatingMethodAccessorImpl.java:43)
	at java.base/java.lang.reflect.Method.invoke(Method.java:568)
	at org.springframework.boot.devtools.restart.RestartLauncher.run(RestartLauncher.java:50)
Caused by: jakarta.persistence.PersistenceException: [PersistenceUnit: default] Unable to build Hibernate SessionFactory; nested exception is org.hibernate.exception.JDBCConnectionException: Unable to open JDBC Connection for DDL execution [Communications link failure

The last packet sent successfully to the server was 0 milliseconds ago. The driver has not received any packets from the server.] [n/a]
	at org.springframework.orm.jpa.AbstractEntityManagerFactoryBean.buildNativeEntityManagerFactory(AbstractEntityManagerFactoryBean.java:431)
	at org.springframework.orm.jpa.AbstractEntityManagerFactoryBean.afterPropertiesSet(AbstractEntityManagerFactoryBean.java:400)
	at org.springframework.orm.jpa.LocalContainerEntityManagerFactoryBean.afterPropertiesSet(LocalContainerEntityManagerFactoryBean.java:366)
	at org.springframework.beans.factory.support.AbstractAutowireCapableBeanFactory.invokeInitMethods(AbstractAutowireCapableBeanFactory.java:1873)
	at org.springframework.beans.factory.support.AbstractAutowireCapableBeanFactory.initializeBean(AbstractAutowireCapableBeanFactory.java:1822)
	... 20 common frames omitted
Caused by: org.hibernate.exception.JDBCConnectionException: Unable to open JDBC Connection for DDL execution [Communications link failure

The last packet sent successfully to the server was 0 milliseconds ago. The driver has not received any packets from the server.] [n/a]
	at org.hibernate.exception.internal.SQLStateConversionDelegate.convert(SQLStateConversionDelegate.java:100)
	at org.hibernate.exception.internal.StandardSQLExceptionConverter.convert(StandardSQLExceptionConverter.java:58)
	at org.hibernate.engine.jdbc.spi.SqlExceptionHelper.convert(SqlExceptionHelper.java:108)
	at org.hibernate.engine.jdbc.spi.SqlExceptionHelper.convert(SqlExceptionHelper.java:94)
	at org.hibernate.resource.transaction.backend.jdbc.internal.DdlTransactionIsolatorNonJtaImpl.getIsolatedConnection(DdlTransactionIsolatorNonJtaImpl.java:74)
	at org.hibernate.resource.transaction.backend.jdbc.internal.DdlTransactionIsolatorNonJtaImpl.getIsolatedConnection(DdlTransactionIsolatorNonJtaImpl.java:39)
	at org.hibernate.tool.schema.internal.exec.ImprovedExtractionContextImpl.getJdbcConnection(ImprovedExtractionContextImpl.java:63)
	at org.hibernate.tool.schema.internal.exec.ImprovedExtractionContextImpl.getJdbcDatabaseMetaData(ImprovedExtractionContextImpl.java:70)
	at org.hibernate.tool.schema.extract.internal.InformationExtractorJdbcDatabaseMetaDataImpl.processTableResultSet(InformationExtractorJdbcDatabaseMetaDataImpl.java:65)
	at org.hibernate.tool.schema.extract.internal.AbstractInformationExtractorImpl.getTables(AbstractInformationExtractorImpl.java:570)
	at org.hibernate.tool.schema.extract.internal.DatabaseInformationImpl.getTablesInformation(DatabaseInformationImpl.java:122)
	at org.hibernate.tool.schema.internal.GroupedSchemaMigratorImpl.performTablesMigration(GroupedSchemaMigratorImpl.java:72)
	at org.hibernate.tool.schema.internal.AbstractSchemaMigrator.performMigration(AbstractSchemaMigrator.java:233)
	at org.hibernate.tool.schema.internal.AbstractSchemaMigrator.doMigration(AbstractSchemaMigrator.java:112)
	at org.hibernate.tool.schema.spi.SchemaManagementToolCoordinator.performDatabaseAction(SchemaManagementToolCoordinator.java:280)
	at org.hibernate.tool.schema.spi.SchemaManagementToolCoordinator.lambda$process$5(SchemaManagementToolCoordinator.java:144)
	at java.base/java.util.HashMap.forEach(HashMap.java:1421)
	at org.hibernate.tool.schema.spi.SchemaManagementToolCoordinator.process(SchemaManagementToolCoordinator.java:141)
	at org.hibernate.boot.internal.SessionFactoryObserverForSchemaExport.sessionFactoryCreated(SessionFactoryObserverForSchemaExport.java:37)
	at org.hibernate.internal.SessionFactoryObserverChain.sessionFactoryCreated(SessionFactoryObserverChain.java:35)
	at org.hibernate.internal.SessionFactoryImpl.<init>(SessionFactoryImpl.java:324)
	at org.hibernate.boot.internal.SessionFactoryBuilderImpl.build(SessionFactoryBuilderImpl.java:463)
	at org.hibernate.jpa.boot.internal.EntityManagerFactoryBuilderImpl.build(EntityManagerFactoryBuilderImpl.java:1517)
	at org.springframework.orm.jpa.vendor.SpringHibernateJpaPersistenceProvider.createContainerEntityManagerFactory(SpringHibernateJpaPersistenceProvider.java:66)
	at org.springframework.orm.jpa.LocalContainerEntityManagerFactoryBean.createNativeEntityManagerFactory(LocalContainerEntityManagerFactoryBean.java:390)
	at org.springframework.orm.jpa.AbstractEntityManagerFactoryBean.buildNativeEntityManagerFactory(AbstractEntityManagerFactoryBean.java:419)
	... 24 common frames omitted
Caused by: com.mysql.cj.jdbc.exceptions.CommunicationsException: Communications link failure

The last packet sent successfully to the server was 0 milliseconds ago. The driver has not received any packets from the server.
	at com.mysql.cj.jdbc.exceptions.SQLError.createCommunicationsException(SQLError.java:165)
	at com.mysql.cj.jdbc.exceptions.SQLExceptionsMapping.translateException(SQLExceptionsMapping.java:55)
	at com.mysql.cj.jdbc.ConnectionImpl.createNewIO(ConnectionImpl.java:839)
	at com.mysql.cj.jdbc.ConnectionImpl.<init>(ConnectionImpl.java:415)
	at com.mysql.cj.jdbc.ConnectionImpl.getInstance(ConnectionImpl.java:237)
	at com.mysql.cj.jdbc.NonRegisteringDriver.connect(NonRegisteringDriver.java:180)
	at com.zaxxer.hikari.util.DriverDataSource.getConnection(DriverDataSource.java:144)
	at com.zaxxer.hikari.pool.PoolBase.newConnection(PoolBase.java:370)
	at com.zaxxer.hikari.pool.PoolBase.newPoolEntry(PoolBase.java:207)
	at com.zaxxer.hikari.pool.HikariPool.createPoolEntry(HikariPool.java:488)
	at com.zaxxer.hikari.pool.HikariPool.checkFailFast(HikariPool.java:576)
	at com.zaxxer.hikari.pool.HikariPool.<init>(HikariPool.java:97)
	at com.zaxxer.hikari.HikariDataSource.getConnection(HikariDataSource.java:111)
	at java.base/jdk.internal.reflect.NativeMethodAccessorImpl.invoke0(Native Method)
	at java.base/jdk.internal.reflect.NativeMethodAccessorImpl.invoke(NativeMethodAccessorImpl.java:77)
	at java.base/jdk.internal.reflect.DelegatingMethodAccessorImpl.invoke(DelegatingMethodAccessorImpl.java:43)
	at java.base/java.lang.reflect.Method.invoke(Method.java:568)
	at net.bull.javamelody.JdbcWrapper$3.invoke(JdbcWrapper.java:810)
	at net.bull.javamelody.JdbcWrapper$DelegatingInvocationHandler.invoke(JdbcWrapper.java:306)
	at jdk.proxy2/jdk.proxy2.$Proxy91.getConnection(Unknown Source)
	at org.hibernate.engine.jdbc.connections.internal.DatasourceConnectionProviderImpl.getConnection(DatasourceConnectionProviderImpl.java:126)
	at org.hibernate.engine.jdbc.env.internal.JdbcEnvironmentInitiator$ConnectionProviderJdbcConnectionAccess.obtainConnection(JdbcEnvironmentInitiator.java:485)
	at org.hibernate.resource.transaction.backend.jdbc.internal.DdlTransactionIsolatorNonJtaImpl.getIsolatedConnection(DdlTransactionIsolatorNonJtaImpl.java:46)
	... 45 common frames omitted
Caused by: com.mysql.cj.exceptions.CJCommunicationsException: Communications link failure

The last packet sent successfully to the server was 0 milliseconds ago. The driver has not received any packets from the server.
	at java.base/jdk.internal.reflect.NativeConstructorAccessorImpl.newInstance0(Native Method)
	at java.base/jdk.internal.reflect.NativeConstructorAccessorImpl.newInstance(NativeConstructorAccessorImpl.java:77)
	at java.base/jdk.internal.reflect.DelegatingConstructorAccessorImpl.newInstance(DelegatingConstructorAccessorImpl.java:45)
	at java.base/java.lang.reflect.Constructor.newInstanceWithCaller(Constructor.java:499)
	at java.base/java.lang.reflect.Constructor.newInstance(Constructor.java:480)
	at com.mysql.cj.exceptions.ExceptionFactory.createException(ExceptionFactory.java:52)
	at com.mysql.cj.exceptions.ExceptionFactory.createException(ExceptionFactory.java:95)
	at com.mysql.cj.exceptions.ExceptionFactory.createException(ExceptionFactory.java:140)
	at com.mysql.cj.exceptions.ExceptionFactory.createCommunicationsException(ExceptionFactory.java:156)
	at com.mysql.cj.protocol.a.NativeSocketConnection.connect(NativeSocketConnection.java:79)
	at com.mysql.cj.NativeSession.connect(NativeSession.java:142)
	at com.mysql.cj.jdbc.ConnectionImpl.connectOneTryOnly(ConnectionImpl.java:963)
	at com.mysql.cj.jdbc.ConnectionImpl.createNewIO(ConnectionImpl.java:827)
	... 65 common frames omitted
Caused by: java.net.ConnectException: Connection refused: no further information
	at java.base/sun.nio.ch.Net.pollConnect(Native Method)
	at java.base/sun.nio.ch.Net.pollConnectNow(Net.java:672)
	at java.base/sun.nio.ch.NioSocketImpl.timedFinishConnect(NioSocketImpl.java:542)
	at java.base/sun.nio.ch.NioSocketImpl.connect(NioSocketImpl.java:597)
	at java.base/java.net.SocksSocketImpl.connect(SocksSocketImpl.java:327)
	at java.base/java.net.Socket.connect(Socket.java:633)
	at com.mysql.cj.protocol.StandardSocketFactory.connect(StandardSocketFactory.java:144)
	at com.mysql.cj.protocol.a.NativeSocketConnection.connect(NativeSocketConnection.java:53)
	... 68 common frames omitted
2025-11-10 13:36:59 [restartedMain] INFO  c.b.B.BookMicroserviceApplication [] - Starting BookMicroserviceApplication using Java 17.0.1 with PID 26472 (D:\Documents\micro_backend\BookMicroservice\target\classes started by rober in D:\Documents\micro_backend\BookMicroservice)
2025-11-10 13:36:59 [restartedMain] DEBUG c.b.B.BookMicroserviceApplication [] - Running with Spring Boot v3.5.5, Spring v6.2.10
2025-11-10 13:36:59 [restartedMain] INFO  c.b.B.BookMicroserviceApplication [] - The following 1 profile is active: "local"
2025-11-10 13:36:59 [restartedMain] INFO  o.s.b.d.e.DevToolsPropertyDefaultsPostProcessor [] - Devtools property defaults active! Set 'spring.devtools.add-properties' to 'false' to disable
2025-11-10 13:36:59 [restartedMain] INFO  o.s.b.d.e.DevToolsPropertyDefaultsPostProcessor [] - For additional web related logging consider setting the 'logging.level.web' property to 'DEBUG'
2025-11-10 13:37:00 [restartedMain] INFO  o.s.d.r.c.RepositoryConfigurationDelegate [] - Multiple Spring Data modules found, entering strict repository configuration mode
2025-11-10 13:37:00 [restartedMain] INFO  o.s.d.r.c.RepositoryConfigurationDelegate [] - Bootstrapping Spring Data JDBC repositories in DEFAULT mode.
2025-11-10 13:37:00 [restartedMain] INFO  o.s.d.r.c.RepositoryConfigurationExtensionSupport [] - Spring Data JDBC - Could not safely identify store assignment for repository candidate interface com.book.BookMicroservice.repositories.BookRepository; If you want this repository to be a JDBC repository, consider annotating your entities with one of these annotations: org.springframework.data.relational.core.mapping.Table.
2025-11-10 13:37:00 [restartedMain] INFO  o.s.d.r.c.RepositoryConfigurationExtensionSupport [] - Spring Data JDBC - Could not safely identify store assignment for repository candidate interface com.book.BookMicroservice.repositories.RatingRepository; If you want this repository to be a JDBC repository, consider annotating your entities with one of these annotations: org.springframework.data.relational.core.mapping.Table.
2025-11-10 13:37:00 [restartedMain] INFO  o.s.d.r.c.RepositoryConfigurationDelegate [] - Finished Spring Data repository scanning in 65 ms. Found 0 JDBC repository interfaces.
2025-11-10 13:37:00 [restartedMain] INFO  o.s.d.r.c.RepositoryConfigurationDelegate [] - Multiple Spring Data modules found, entering strict repository configuration mode
2025-11-10 13:37:00 [restartedMain] INFO  o.s.d.r.c.RepositoryConfigurationDelegate [] - Bootstrapping Spring Data JPA repositories in DEFAULT mode.
2025-11-10 13:37:00 [restartedMain] INFO  o.s.d.r.c.RepositoryConfigurationDelegate [] - Finished Spring Data repository scanning in 48 ms. Found 2 JPA repository interfaces.
2025-11-10 13:37:01 [restartedMain] WARN  o.s.c.s.PostProcessorRegistrationDelegate$BeanPostProcessorChecker [] - Bean 'net.bull.javamelody.JavaMelodyAutoConfiguration' of type [net.bull.javamelody.JavaMelodyAutoConfiguration$$SpringCGLIB$$0] is not eligible for getting processed by all BeanPostProcessors (for example: not eligible for auto-proxying). The currently created BeanPostProcessor [monitoringDataSourceBeanPostProcessor] is declared through a non-static factory method on that class; consider declaring it as static instead.
2025-11-10 13:37:01 [restartedMain] WARN  o.s.c.s.PostProcessorRegistrationDelegate$BeanPostProcessorChecker [] - Bean 'monitoringSpringAdvisor' of type [net.bull.javamelody.MonitoringSpringAdvisor] is not eligible for getting processed by all BeanPostProcessors (for example: not eligible for auto-proxying). Is this bean getting eagerly injected/applied to a currently created BeanPostProcessor [projectingArgumentResolverBeanPostProcessor]? Check the corresponding BeanPostProcessor declaration and its dependencies/advisors. If this bean does not have to be post-processed, declare it with ROLE_INFRASTRUCTURE.
2025-11-10 13:37:01 [restartedMain] WARN  o.s.c.s.PostProcessorRegistrationDelegate$BeanPostProcessorChecker [] - Bean 'monitoringSpringServiceAdvisor' of type [net.bull.javamelody.MonitoringSpringAdvisor] is not eligible for getting processed by all BeanPostProcessors (for example: not eligible for auto-proxying). Is this bean getting eagerly injected/applied to a currently created BeanPostProcessor [projectingArgumentResolverBeanPostProcessor]? Check the corresponding BeanPostProcessor declaration and its dependencies/advisors. If this bean does not have to be post-processed, declare it with ROLE_INFRASTRUCTURE.
2025-11-10 13:37:01 [restartedMain] WARN  o.s.c.s.PostProcessorRegistrationDelegate$BeanPostProcessorChecker [] - Bean 'monitoringSpringControllerAdvisor' of type [net.bull.javamelody.MonitoringSpringAdvisor] is not eligible for getting processed by all BeanPostProcessors (for example: not eligible for auto-proxying). Is this bean getting eagerly injected/applied to a currently created BeanPostProcessor [projectingArgumentResolverBeanPostProcessor]? Check the corresponding BeanPostProcessor declaration and its dependencies/advisors. If this bean does not have to be post-processed, declare it with ROLE_INFRASTRUCTURE.
2025-11-10 13:37:01 [restartedMain] WARN  o.s.c.s.PostProcessorRegistrationDelegate$BeanPostProcessorChecker [] - Bean 'monitoringSpringRestControllerAdvisor' of type [net.bull.javamelody.MonitoringSpringAdvisor] is not eligible for getting processed by all BeanPostProcessors (for example: not eligible for auto-proxying). Is this bean getting eagerly injected/applied to a currently created BeanPostProcessor [projectingArgumentResolverBeanPostProcessor]? Check the corresponding BeanPostProcessor declaration and its dependencies/advisors. If this bean does not have to be post-processed, declare it with ROLE_INFRASTRUCTURE.
2025-11-10 13:37:01 [restartedMain] WARN  o.s.c.s.PostProcessorRegistrationDelegate$BeanPostProcessorChecker [] - Bean 'monitoringSpringAsyncAdvisor' of type [net.bull.javamelody.MonitoringSpringAdvisor] is not eligible for getting processed by all BeanPostProcessors (for example: not eligible for auto-proxying). Is this bean getting eagerly injected/applied to a currently created BeanPostProcessor [projectingArgumentResolverBeanPostProcessor]? Check the corresponding BeanPostProcessor declaration and its dependencies/advisors. If this bean does not have to be post-processed, declare it with ROLE_INFRASTRUCTURE.
2025-11-10 13:37:01 [restartedMain] WARN  o.s.c.s.PostProcessorRegistrationDelegate$BeanPostProcessorChecker [] - Bean 'monitoringSpringScheduledAdvisor' of type [net.bull.javamelody.MonitoringSpringAdvisor] is not eligible for getting processed by all BeanPostProcessors (for example: not eligible for auto-proxying). Is this bean getting eagerly injected/applied to a currently created BeanPostProcessor [projectingArgumentResolverBeanPostProcessor]? Check the corresponding BeanPostProcessor declaration and its dependencies/advisors. If this bean does not have to be post-processed, declare it with ROLE_INFRASTRUCTURE.
2025-11-10 13:37:02 [restartedMain] INFO  o.s.b.w.e.tomcat.TomcatWebServer [] - Tomcat initialized with port 9002 (http)
2025-11-10 13:37:02 [restartedMain] INFO  o.a.coyote.http11.Http11NioProtocol [] - Initializing ProtocolHandler ["http-nio-9002"]
2025-11-10 13:37:02 [restartedMain] INFO  o.a.catalina.core.StandardService [] - Starting service [Tomcat]
2025-11-10 13:37:02 [restartedMain] INFO  o.a.catalina.core.StandardEngine [] - Starting Servlet engine: [Apache Tomcat/10.1.44]
2025-11-10 13:37:02 [restartedMain] INFO  o.a.c.c.C.[Tomcat].[localhost].[/] [] - Initializing Spring embedded WebApplicationContext
2025-11-10 13:37:02 [restartedMain] INFO  o.s.b.w.s.c.ServletWebServerApplicationContext [] - Root WebApplicationContext: initialization completed in 3191 ms
2025-11-10 13:37:03 [restartedMain] DEBUG c.b.B.security.JwtRequestFilter [] - Filter 'jwtRequestFilter' configured for use
2025-11-10 13:37:03 [restartedMain] DEBUG c.b.B.security.ApiFilter [] - Filter 'apiFilter' configured for use
2025-11-10 13:37:03 [restartedMain] INFO  o.h.jpa.internal.util.LogHelper [] - HHH000204: Processing PersistenceUnitInfo [name: default]
2025-11-10 13:37:03 [restartedMain] INFO  org.hibernate.Version [] - HHH000412: Hibernate ORM core version 6.6.26.Final
2025-11-10 13:37:03 [restartedMain] INFO  o.h.c.i.RegionFactoryInitiator [] - HHH000026: Second-level cache disabled
2025-11-10 13:37:04 [restartedMain] INFO  o.s.o.j.p.SpringPersistenceUnitInfo [] - No LoadTimeWeaver setup: ignoring JPA class transformer
2025-11-10 13:37:04 [restartedMain] INFO  com.zaxxer.hikari.HikariDataSource [] - HikariPool-1 - Starting...
2025-11-10 13:37:05 [restartedMain] INFO  com.zaxxer.hikari.pool.HikariPool [] - HikariPool-1 - Added connection com.mysql.cj.jdbc.ConnectionImpl@148c62c1
2025-11-10 13:37:05 [restartedMain] INFO  com.zaxxer.hikari.HikariDataSource [] - HikariPool-1 - Start completed.
2025-11-10 13:37:05 [restartedMain] WARN  org.hibernate.orm.deprecation [] - HHH90000025: MySQL8Dialect does not need to be specified explicitly using 'hibernate.dialect' (remove the property setting and it will be selected by default)
2025-11-10 13:37:05 [restartedMain] WARN  org.hibernate.orm.deprecation [] - HHH90000026: MySQL8Dialect has been deprecated; use org.hibernate.dialect.MySQLDialect instead
2025-11-10 13:37:05 [restartedMain] INFO  o.hibernate.orm.connections.pooling [] - HHH10001005: Database info:
	Database JDBC URL [Connecting through datasource 'HikariDataSource (HikariPool-1)']
	Database driver: undefined/unknown
	Database version: 8.0
	Autocommit mode: undefined/unknown
	Isolation level: undefined/unknown
	Minimum pool size: undefined/unknown
	Maximum pool size: undefined/unknown
2025-11-10 13:37:05 [restartedMain] DEBUG o.h.t.d.sql.spi.DdlTypeRegistry [] - addDescriptor(12, org.hibernate.type.descriptor.sql.internal.CapacityDependentDdlType@1f35bc51) replaced previous registration(org.hibernate.type.descriptor.sql.internal.CapacityDependentDdlType@1667e327)
2025-11-10 13:37:05 [restartedMain] DEBUG o.h.t.d.sql.spi.DdlTypeRegistry [] - addDescriptor(-9, org.hibernate.type.descriptor.sql.internal.CapacityDependentDdlType@2e40797e) replaced previous registration(org.hibernate.type.descriptor.sql.internal.CapacityDependentDdlType@74797484)
2025-11-10 13:37:05 [restartedMain] DEBUG o.h.t.d.sql.spi.DdlTypeRegistry [] - addDescriptor(-3, org.hibernate.type.descriptor.sql.internal.CapacityDependentDdlType@461c996e) replaced previous registration(org.hibernate.type.descriptor.sql.internal.CapacityDependentDdlType@6f4b2451)
2025-11-10 13:37:05 [restartedMain] DEBUG o.h.t.d.sql.spi.DdlTypeRegistry [] - addDescriptor(4003, org.hibernate.type.descriptor.sql.internal.DdlTypeImpl@426d3b4f) replaced previous registration(org.hibernate.type.descriptor.sql.internal.DdlTypeImpl@7d0fbad2)
2025-11-10 13:37:05 [restartedMain] DEBUG o.h.t.d.sql.spi.DdlTypeRegistry [] - addDescriptor(4001, org.hibernate.type.descriptor.sql.internal.DdlTypeImpl@5ffa9bf4) replaced previous registration(org.hibernate.type.descriptor.sql.internal.DdlTypeImpl@692545f6)
2025-11-10 13:37:05 [restartedMain] DEBUG o.h.t.d.sql.spi.DdlTypeRegistry [] - addDescriptor(4002, org.hibernate.type.descriptor.sql.internal.DdlTypeImpl@42b9bcde) replaced previous registration(org.hibernate.type.descriptor.sql.internal.DdlTypeImpl@42e04771)
2025-11-10 13:37:05 [restartedMain] DEBUG o.h.t.d.sql.spi.DdlTypeRegistry [] - addDescriptor(2004, org.hibernate.type.descriptor.sql.internal.CapacityDependentDdlType@49ce41e2) replaced previous registration(org.hibernate.type.descriptor.sql.internal.DdlTypeImpl@a87a7d8)
2025-11-10 13:37:05 [restartedMain] DEBUG o.h.t.d.sql.spi.DdlTypeRegistry [] - addDescriptor(2005, org.hibernate.type.descriptor.sql.internal.CapacityDependentDdlType@557a51a) replaced previous registration(org.hibernate.type.descriptor.sql.internal.DdlTypeImpl@454cb10e)
2025-11-10 13:37:05 [restartedMain] DEBUG o.h.t.d.sql.spi.DdlTypeRegistry [] - addDescriptor(2011, org.hibernate.type.descriptor.sql.internal.CapacityDependentDdlType@7e363914) replaced previous registration(org.hibernate.type.descriptor.sql.internal.DdlTypeImpl@4938e86d)
2025-11-10 13:37:06 [restartedMain] INFO  o.h.e.t.j.p.i.JtaPlatformInitiator [] - HHH000489: No JTA platform available (set 'hibernate.transaction.jta.platform' to enable JTA platform integration)
2025-11-10 13:37:06 [restartedMain] INFO  o.s.o.j.LocalContainerEntityManagerFactoryBean [] - Initialized JPA EntityManagerFactory for persistence unit 'default'
2025-11-10 13:37:07 [restartedMain] INFO  o.s.d.j.r.query.QueryEnhancerFactory [] - Hibernate is in classpath; If applicable, HQL parser will be used.
2025-11-10 13:37:08 [restartedMain] WARN  o.s.b.a.o.j.JpaBaseConfiguration$JpaWebConfiguration [] - spring.jpa.open-in-view is enabled by default. Therefore, database queries may be performed during view rendering. Explicitly configure spring.jpa.open-in-view to disable this warning
2025-11-10 13:37:08 [restartedMain] INFO  o.s.v.b.OptionalValidatorFactoryBean [] - Failed to set up a Bean Validation provider: jakarta.validation.NoProviderFoundException: Unable to create a Configuration, because no Jakarta Bean Validation provider could be found. Add a provider like Hibernate Validator (RI) to your classpath.
2025-11-10 13:37:09 [restartedMain] INFO  o.s.b.d.a.OptionalLiveReloadServer [] - LiveReload server is running on port 35729
2025-11-10 13:37:09 [restartedMain] INFO  o.a.coyote.http11.Http11NioProtocol [] - Starting ProtocolHandler ["http-nio-9002"]
2025-11-10 13:37:09 [restartedMain] INFO  o.s.b.w.e.tomcat.TomcatWebServer [] - Tomcat started on port 9002 (http) with context path '/'
2025-11-10 13:37:09 [restartedMain] INFO  c.b.B.BookMicroserviceApplication [] - Started BookMicroserviceApplication in 11.052 seconds (process running for 11.988)
2025-11-10 13:37:33 [SpringApplicationShutdownHook] INFO  o.s.b.w.e.tomcat.GracefulShutdown [] - Commencing graceful shutdown. Waiting for active requests to complete
2025-11-10 13:37:33 [tomcat-shutdown] INFO  o.s.b.w.e.tomcat.GracefulShutdown [] - Graceful shutdown complete
2025-11-10 13:37:33 [SpringApplicationShutdownHook] INFO  o.s.o.j.LocalContainerEntityManagerFactoryBean [] - Closing JPA EntityManagerFactory for persistence unit 'default'
2025-11-10 13:37:33 [SpringApplicationShutdownHook] INFO  com.zaxxer.hikari.HikariDataSource [] - HikariPool-1 - Shutdown initiated...
2025-11-10 13:37:33 [SpringApplicationShutdownHook] INFO  com.zaxxer.hikari.HikariDataSource [] - HikariPool-1 - Shutdown completed.
